PeakID	baseMean	log2FoldChange	lfcSE	pvalue	padj
peak_27017	159.19138714608	-2.35068549140619	0.225098968665838	8.02563573578596e-27	2.04597531812391e-23
peak_8204	86.5508434397676	-3.10495192291066	0.303724006296619	7.9130094062968e-26	1.5517411445748e-22
peak_74288	170.784087437441	-2.078151161266	0.22520643878874	1.11577593986386e-21	1.23671634934563e-18
peak_80017	77.6365910093406	-2.91892583131361	0.319009189408141	2.43796667919741e-21	2.58962852303248e-18
peak_93557	128.520633082176	-2.48099389447581	0.281010184077731	1.65304940523185e-20	1.62081494182983e-17
peak_78453	86.5059426248664	-2.37896136645112	0.268597861860185	5.1146959430647e-20	4.57505065531749e-17
peak_84994	283.995622145416	-1.64090904121317	0.186412706906176	6.23741969484452e-20	5.48312207864384e-17
peak_98164	244.326951299975	-1.58989545588394	0.191465026802854	5.76159510478099e-18	3.81507387029044e-15
peak_48233	66.6788539729289	-2.6121379802014	0.315789961160956	6.78454506138826e-18	4.37869385442964e-15
peak_59827	46.2554681602698	-3.43194903874017	0.413742033177431	7.93511186006223e-18	5.05724516621416e-15
peak_12920	81.7678741800415	-2.4338033778832	0.29597286982522	8.1554633196367e-18	5.13351176314811e-15
peak_71323	45.7879069111207	-3.26896817854551	0.402228306336362	2.86060621993621e-17	1.62056520810742e-14
peak_30893	56.768376578636	-3.03228673468261	0.379182497500107	5.03167405912821e-17	2.75854767288936e-14
peak_16549	80.2253274464692	-2.79094821488451	0.354230386758817	5.08974018624837e-17	2.76069673548999e-14
peak_98250	173.307300127483	-1.86532115681319	0.235575007742834	6.68345751799716e-17	3.47717107155718e-14
peak_44405	262.91628881061	-1.35440415877771	0.168714815309476	8.26439084399525e-17	4.21368231571942e-14
peak_47515	81.1513114903781	-2.58349731548293	0.328880488675681	8.46352992177982e-17	4.25902903593554e-14
peak_9678	60.1717561713221	-2.70751395482054	0.341294653045	1.12258018674905e-16	5.39961069826291e-14
peak_36480	101.102257542322	-2.02925407518683	0.260893071703505	3.36699557893815e-16	1.49277944858905e-13
peak_24321	137.451669202254	-1.9060009700342	0.248273409567342	5.1745893257308e-16	2.11065289089368e-13
peak_57007	68.5293474458697	-2.71661107254772	0.356906627357836	5.99394468816991e-16	2.42545447516691e-13
peak_50268	56.6291393432242	-2.84103616811257	0.373719108070259	9.57482156217028e-16	3.72657902418942e-13
peak_87259	86.7927546910096	-2.0763864406926	0.270445704887265	9.88644195834483e-16	3.81871310369825e-13
peak_45981	99.407682418495	-2.24318407872678	0.298627276646196	1.30513173188646e-15	4.85718587459585e-13
peak_39791	59.8384136338258	-2.41453281175508	0.317159077128263	1.68446790245008e-15	6.17872521397985e-13
peak_46861	88.6684131188603	-1.98896534815209	0.262666178943375	1.89184623930861e-15	6.84096967073678e-13
peak_82354	71.6668689119105	-2.16950920062781	0.286065664343118	2.05495818132994e-15	7.37845759389353e-13
peak_25657	57.3003085501041	-2.95917921493725	0.396797617531451	2.075596443251e-15	7.40044477311858e-13
peak_61907	49.5002400202424	-2.69194330514477	0.357280822856347	2.73876058126595e-15	9.63023772389142e-13
peak_98023	39.4824430962124	-3.40712235472387	0.457034995262962	4.00736872351474e-15	1.35229154453329e-12
peak_86557	214.289486229966	-1.53057618771423	0.204427055823493	4.11696369270072e-15	1.3630357846496e-12
peak_93376	73.8101992829344	-2.26866157282932	0.304528916328973	4.74536756117078e-15	1.54271090332764e-12
peak_27754	109.071751244253	-2.08150241993722	0.284082757771718	6.1637958269801e-15	1.95197077040005e-12
peak_84053	91.9034309012557	-1.82806502990833	0.246497511663045	8.2911877251523e-15	2.56202725669464e-12
peak_2819	46.6239044877801	-2.83114063957507	0.385381660737469	9.74983038492362e-15	2.94144882843619e-12
peak_91555	237.807168266231	-1.2702725588479	0.170863565893129	9.90960389322127e-15	2.97206508293988e-12
peak_49820	48.2960289260801	-2.89601463062995	0.400222318259008	1.42267468850141e-14	4.14494238102475e-12
peak_95054	67.7571416950668	-2.1698804026485	0.296717779554196	1.52461054219179e-14	4.39173972340061e-12
peak_93301	54.8819783207078	-2.67126581588951	0.368316998673702	1.84075091496523e-14	5.15673220606688e-12
peak_19664	131.959018024017	-1.62406036350522	0.22358627915129	2.36004398371475e-14	6.46931196525162e-12
peak_43022	49.7607011337063	-3.3150428589554	0.468624323038664	2.45280420935609e-14	6.65205720309731e-12
peak_77398	160.985689562477	-1.52592305098449	0.209956359792254	2.60078530839658e-14	6.97913893336358e-12
peak_85322	118.118091272615	-1.81029810356527	0.250830622043986	2.6990615625398e-14	7.20493993862064e-12
peak_97235	57.3386626616978	-2.47626488877701	0.342916117385947	2.92988212903418e-14	7.78036303286128e-12
peak_43072	141.781315096934	-1.58374708407453	0.219177611458761	3.14646920504251e-14	8.2693752004277e-12
peak_53343	116.339722719407	-1.60748969827564	0.221728279629708	3.17250822429795e-14	8.29505150379771e-12
peak_8207	41.9996322885608	-3.08989535391742	0.434024775936679	4.24090903641243e-14	1.06515757699766e-11
peak_63800	152.806486134015	-1.63016354418382	0.22826571455334	4.48038315426389e-14	1.11432592928438e-11
peak_8211	43.7454119640841	-2.70542344864861	0.377047607514171	4.58357011303058e-14	1.13445585331542e-11
peak_87252	110.057340468012	-1.66944290543768	0.232536591737932	4.78970163539525e-14	1.17974747624281e-11
peak_101075	236.070358583942	-1.62311241095578	0.2300186073295	4.83625868991465e-14	1.17981572040186e-11
peak_67378	71.7763110154157	-2.11290280200864	0.299165170311281	7.42186309665183e-14	1.76005168300414e-11
peak_63475	95.1274484087965	-1.81296773372812	0.255285684122772	8.04947941499593e-14	1.88261815345405e-11
peak_101259	89.1064547580443	-2.05024461106802	0.294861859971611	1.13828066800284e-13	2.5679813335749e-11
peak_51715	82.6989320013243	-2.44766264987746	0.365934613964183	1.94693462659995e-13	4.18845607054114e-11
peak_97010	69.2259346328202	-2.03922151704212	0.292220905309458	2.03617652099351e-13	4.36203765123425e-11
peak_56008	37.3055968340309	-2.95411142707359	0.430584198759243	3.46324929482376e-13	7.20723381819935e-11
peak_36492	29.1074513849199	-3.47434415286033	0.504830827044743	5.16580817507509e-13	1.03694447092275e-10
peak_6066	141.694113285125	-1.52564023718257	0.223230558227151	5.29629461301844e-13	1.05896814564454e-10
peak_85320	119.159405717774	-1.67267576362371	0.246705262605022	6.1635461145421e-13	1.21804093874435e-10
peak_23602	129.427781293453	-1.63541933889847	0.241930614443759	6.75559247926003e-13	1.31969593159982e-10
peak_7293	70.1820689926511	-2.12802589632975	0.316153871570706	7.01666861490782e-13	1.36027325475167e-10
peak_60176	174.509671743744	-1.35091841000539	0.199598480123062	9.96805125540002e-13	1.87539137013958e-10
peak_16192	53.84800882597	-2.34212892465664	0.348567245413568	1.10540107091738e-12	2.049565078999e-10
peak_95164	148.040347467017	-1.529637191173	0.230379454590691	1.7354988545217e-12	3.11570931678322e-10
peak_60385	83.1832748013745	-1.75517871194689	0.264307037501399	1.91756662310004e-12	3.43049304720626e-10
peak_26351	219.491008016832	-1.30139416368836	0.197088187877124	3.1561405057827e-12	5.47343468802166e-10
peak_15433	162.298201285917	-1.31155012006816	0.1980323663511	3.20676982606979e-12	5.54238530006761e-10
peak_47145	218.222227198303	-1.49405110620079	0.230450577184507	3.51134799466275e-12	6.04829692080658e-10
peak_21983	59.6367066678656	-2.31927635926182	0.360976991829327	3.81762052261336e-12	6.50987290856069e-10
peak_33198	41.7706365900935	-2.45155243462968	0.375060710031615	4.15083184318775e-12	7.02043346100934e-10
peak_97854	84.8872686438684	-2.06600375861509	0.32468504984288	4.90639939646271e-12	7.99245006076672e-10
peak_60434	152.01767850905	-1.42847921900756	0.219398519205788	4.97796663346923e-12	8.08301295458797e-10
peak_64670	190.443348636976	-1.39059320314822	0.215517396989582	6.19298285882973e-12	9.83661757134868e-10
peak_31755	40.3038576666122	-2.58437535122222	0.402361184742582	6.72762923302749e-12	1.0521929572857e-09
peak_70077	72.731621333463	-2.11593798417212	0.334876716674579	8.14380097111018e-12	1.23577332236019e-09
peak_90594	87.447665753625	-1.64349063347943	0.255030892011491	8.17718122978199e-12	1.23715656433728e-09
peak_3110	112.521847391036	-1.57605476538875	0.246270868502438	8.53040927941933e-12	1.2792101397661e-09
peak_51197	147.595286887241	-1.32437977376526	0.205150183365743	8.93250279876674e-12	1.33167423303486e-09
peak_41399	230.612923267078	-1.13867523983784	0.175327102410133	9.1323247023328e-12	1.35749477339108e-09
peak_22672	42.4130635175362	-2.46506066448343	0.386994668372818	1.0031891954406e-11	1.47828336181313e-09
peak_92558	54.0252578284349	-2.13923673100853	0.336613728529403	1.03803488968349e-11	1.52522325318163e-09
peak_93371	122.456907393163	-1.48542252271654	0.232112838571369	1.11546201128765e-11	1.62494131735749e-09
peak_99951	58.2607972929191	-2.39449491140072	0.385816027005607	1.30293643794867e-11	1.88191266927057e-09
peak_59448	84.7531549456008	-1.64154689682917	0.257829472184399	1.42861845286403e-11	2.04605450667768e-09
peak_4600	147.590566072509	-1.33370051090668	0.209145144911127	1.47866370567664e-11	2.11179685427533e-09
peak_93370	140.097828459132	-1.38286112473248	0.217244731215028	1.5105984764517e-11	2.15137915978677e-09
peak_53616	42.4975675018479	-2.33597792827162	0.369096669568729	1.57181351647456e-11	2.23196951567408e-09
peak_89341	207.249893528183	-1.37681951355039	0.218848422263846	1.57749729122822e-11	2.23196951567408e-09
peak_70187	164.527914035963	-1.39329187351851	0.220035460125786	1.65230153444568e-11	2.32077812769277e-09
peak_9537	106.222987053872	-1.56155875467993	0.247764334455721	1.81905821333908e-11	2.54100005658374e-09
peak_139	37.8689734427715	-2.69747013802499	0.429941075736694	1.89206820222251e-11	2.6357647365715e-09
peak_19883	88.6647366957886	-1.64388417284893	0.261234569245094	2.02102213495707e-11	2.80010420035112e-09
peak_48824	117.943332125777	-1.51170259556938	0.241051000551928	2.06601062626516e-11	2.84696264299339e-09
peak_16821	80.4564998938749	-2.03975014273953	0.335905872652846	2.42393554650553e-11	3.29564740731016e-09
peak_46868	55.8390362387581	-1.9090080619153	0.305552429787327	3.12470643442657e-11	4.12736482553557e-09
peak_48071	194.429269637004	-1.43134577113648	0.232507755005494	3.55971697272296e-11	4.66569998897823e-09
peak_87267	40.1762908318832	-2.69620296363047	0.448517134568811	5.70179840470803e-11	7.26779733656108e-09
peak_85326	70.0801604538966	-1.79156388992462	0.29248004698744	6.1441754264807e-11	7.75413188847883e-09
peak_86841	24.8502134088889	-3.34962962239977	0.546418144850195	6.2792844270348e-11	7.88560580780286e-09
peak_19407	56.9203176543963	-1.90107391876524	0.312170592659508	7.47942174418944e-11	9.34671071199124e-09
peak_31825	134.862124257766	-1.71800079172932	0.289596769036045	7.75783447759273e-11	9.67092784045338e-09
peak_10711	56.7387382734019	-1.89512927115357	0.312993195812185	9.14434191611357e-11	1.12075340609367e-08
peak_73833	105.719446476152	-1.54815494517462	0.258121050640267	1.18621474923882e-10	1.43318353565617e-08
peak_6131	47.3156521712727	-2.16889109466254	0.365418295369833	1.40161114518597e-10	1.68543740208613e-08
peak_62709	65.0129853258001	-1.97085314317768	0.334165009787798	1.40065243775296e-10	1.68543740208613e-08
peak_45323	77.6004865062512	-1.76129637871485	0.297014244414597	1.42451852609357e-10	1.70542865083485e-08
peak_52086	69.5790311352951	-1.74080864847996	0.291877985916439	1.42492567617708e-10	1.70542865083485e-08
peak_41997	42.2188722466397	-2.42486841264215	0.413947798581268	1.62524984328425e-10	1.92709275603932e-08
peak_46469	62.4745327609519	-1.7737416471021	0.297981449749226	1.7011046349223e-10	2.0030605292413e-08
peak_11804	33.9889120008753	-2.44896577709819	0.413154029975743	1.83163527663464e-10	2.1419210140939e-08
peak_69450	51.8554945210939	-2.08854454128779	0.354693807473306	1.87389219636757e-10	2.17636144701587e-08
peak_71688	47.5439347717554	-2.10905946920601	0.358693413869421	2.0315126547621e-10	2.33285369855181e-08
peak_60405	49.1734932305917	-2.18503187227924	0.376126139583148	2.44760819464899e-10	2.77378175320338e-08
peak_67718	51.0462819546371	-1.95709971522954	0.333527327766216	2.44812652285239e-10	2.77378175320338e-08
peak_95090	46.1308459439068	-2.16666922587242	0.371827886934564	2.56923091636734e-10	2.89171760489856e-08
peak_67803	140.811134094372	-1.29222165313334	0.219283101663291	3.03393305154799e-10	3.38486018744476e-08
peak_3702	150.988340269207	-1.4262112737255	0.246299487279118	3.46385028356232e-10	3.78175311686741e-08
peak_79580	41.9529239440592	-2.20431909591718	0.381969708489784	3.79796962051084e-10	4.08530124623134e-08
peak_31520	35.8674417843187	-2.40616194042186	0.416744308360062	3.92084518684904e-10	4.19094785527642e-08
peak_78479	64.6542915529842	-1.92902814817534	0.336234501660446	3.93092920704831e-10	4.19293632950973e-08
peak_22729	64.3303105809959	-1.75534691438379	0.302199207449257	4.03292639674562e-10	4.29275125813094e-08
peak_2635	159.742577652143	-1.40452369316262	0.244998061208006	4.72543105040049e-10	4.95742443489134e-08
peak_34253	56.7315967976079	-1.76739387271866	0.304796362829039	4.76333484353072e-10	4.97670881828396e-08
peak_4085	51.3131279508172	-1.97632952167293	0.343130913930929	4.77547735108833e-10	4.97919198819202e-08
peak_38062	78.4132260818955	-1.97853863475936	0.353466307133603	5.18157929593033e-10	5.38061103833612e-08
peak_5186	27.0750663097244	-3.40036462548755	0.624666962540704	5.31485599763304e-10	5.48990675679962e-08
peak_60983	34.1705763829527	-2.73781932272616	0.483901751533287	5.49042962803393e-10	5.63249587555207e-08
peak_5632	74.0966421725194	-1.83686201924544	0.32408269789959	5.56934198985974e-10	5.70197732319254e-08
peak_41094	29.2125678307089	-2.61125175761093	0.454894373615105	5.73511917746809e-10	5.82491606339418e-08
peak_11806	104.528958711847	-1.28615613075356	0.222005370222638	6.57333370495194e-10	6.57152926040548e-08
peak_7484	98.451700679449	-1.5105312013946	0.265020448866165	6.7152204611942e-10	6.67411755232841e-08
peak_48833	84.4256680844034	-1.57523056857916	0.276429229072032	6.77995490711914e-10	6.72534593179721e-08
peak_50787	38.4618419572031	-2.62647796809827	0.473571979086173	8.50894533567288e-10	8.263563559707e-08
peak_54484	34.7548867351247	-2.63186127109088	0.476293347979542	8.53785519772379e-10	8.27587614279744e-08
peak_16807	61.2319279241431	-1.84958555711417	0.334060903816426	1.30757889345779e-09	1.2323145556717e-07
peak_46799	36.094936711198	-2.22562513389484	0.401131704676313	1.54742101105201e-09	1.43481827127642e-07
peak_2646	101.807892979025	-1.39562754900881	0.250050907657922	1.62862907095716e-09	1.49616723985264e-07
peak_78325	134.304107839231	-1.29762858169042	0.231805905440334	1.64337940579396e-09	1.50700256085991e-07
peak_91952	20.9959680355146	-3.692043041023	0.664793423937016	1.71123798088549e-09	1.56080822349602e-07
peak_64393	101.695179991294	-1.50986797805556	0.273728155344445	1.75950105671616e-09	1.59910732402371e-07
peak_16506	102.117220379673	-1.38272899514402	0.248946958986003	1.77760890322864e-09	1.60982535595054e-07
peak_39156	48.6504958885424	-1.92566309224987	0.348146996309507	1.798320718907e-09	1.62569468393958e-07
peak_64166	102.499149792629	-1.41006440977417	0.253872025957921	1.80329908563815e-09	1.62730986159905e-07
peak_41559	108.440646557334	-1.33042764803493	0.238129078699994	1.80948900136807e-09	1.63001071066701e-07
peak_104838	74.4754679283387	-1.72453166004072	0.315335981388507	1.82983246312643e-09	1.64542924100466e-07
peak_63798	83.3720163341335	-1.41189392178957	0.25350632392185	2.06055220041865e-09	1.82394643212752e-07
peak_23589	35.3687269186555	-2.26444042902291	0.410975281135951	2.10379887959213e-09	1.855783558389e-07
peak_33754	57.9287968517923	-1.6599561716711	0.30046180643994	2.41287383663685e-09	2.11016784622241e-07
peak_37760	61.8028679466794	-1.81850602398421	0.336076179344721	2.56498639134044e-09	2.23935609843979e-07
peak_61232	71.8620688946136	-1.55680846591847	0.283564142031803	2.67802286471867e-09	2.32407344966668e-07
peak_48205	83.6792341436106	-1.52275112039323	0.278527994217851	2.85406091061083e-09	2.45593945061502e-07
peak_75357	70.686489869728	-1.61427818916416	0.295565976133446	2.85641567138961e-09	2.45593945061502e-07
peak_61617	53.2683255940592	-2.19395858496781	0.415659972504157	2.87435725722936e-09	2.46720503564135e-07
peak_37434	100.526285253145	-1.3470167900793	0.244553222475562	2.95548425818599e-09	2.53257681324153e-07
peak_76996	49.4627060295244	-1.76546932051503	0.322077794841566	3.00324995089409e-09	2.56488613059106e-07
peak_83946	82.0545135618363	-1.54505915089067	0.284246519762095	3.07924452422837e-09	2.61663935520513e-07
peak_44917	87.7833628083492	-1.58062399745067	0.29347586282908	3.34960849257037e-09	2.81356076774618e-07
peak_91392	68.8652502690072	-1.63634998464474	0.303160879726016	3.52688519999574e-09	2.9478978492948e-07
peak_37700	173.017331827324	-1.18432883951876	0.21639536059066	3.57218131847163e-09	2.98087130447781e-07
peak_80072	97.7867015936923	-1.37063443527109	0.25127659049409	3.651592785855e-09	3.03719591810119e-07
peak_19648	131.018775743385	-1.22970864388898	0.224518028182343	3.6973941856933e-09	3.07028240963776e-07
peak_44694	76.4270659763223	-1.48419055936529	0.273335919217622	3.90159526550998e-09	3.21887922665521e-07
peak_3630	130.78915279996	-1.14286385940681	0.207833083363023	3.91566130406213e-09	3.22204191834799e-07
peak_35878	32.5479966697336	-2.55095345161391	0.481533778980817	4.37351462009386e-09	3.56780826272169e-07
peak_6660	179.93925155162	-1.1791736789654	0.217459826726084	4.52995853438208e-09	3.68364379320582e-07
peak_52330	144.456497316085	-1.22807592911709	0.226351025417467	4.6990522233424e-09	3.79692356036982e-07
peak_91553	56.8050566321119	-1.8061945080008	0.339436622032824	4.74434764027693e-09	3.82141088131374e-07
peak_6702	57.0524264944438	-1.65394696576153	0.30811389290943	5.52026878256531e-09	4.35691059052438e-07
peak_88908	23.2727846540453	-2.94913142661154	0.556864057023418	5.51830124671811e-09	4.35691059052438e-07
peak_92552	55.9604114687227	-1.73669404366921	0.325161657875735	5.6926386376469e-09	4.47908755523248e-07
peak_3806	140.319187784172	-1.0680076937502	0.195854018915692	5.84060998699311e-09	4.56032681159006e-07
peak_29620	25.9543976958471	-2.86274663779179	0.546283284226642	5.85947143726288e-09	4.56805826758846e-07
peak_8484	138.379649937182	-1.11010649377333	0.204671206641539	5.88918377331299e-09	4.5772244491789e-07
peak_27748	88.4888313908275	-1.47761945620219	0.278813614654368	6.87385090261305e-09	5.26231474655599e-07
peak_44847	34.3687537729026	-2.24954057453162	0.428964765451945	7.3365838488607e-09	5.60814189082477e-07
peak_85314	26.4021406930305	-2.64150564945212	0.50824867456974	8.02516040522357e-09	6.07980428559776e-07
peak_98950	156.189279788907	-1.12184583188058	0.209506042708621	8.29162964016243e-09	6.23535440757112e-07
peak_25600	63.1982042647415	-1.51016648515287	0.283910783223663	8.46320022723589e-09	6.33633960037958e-07
peak_96686	44.8038111689156	-1.88273366468069	0.358951321084794	8.76071929392862e-09	6.50180544279832e-07
peak_82665	30.3732134429238	-2.28655482636359	0.435400743105369	8.82507771449856e-09	6.51165575038239e-07
peak_39712	132.034577559372	-1.16574356233617	0.218918261164491	9.50069245697346e-09	6.93986111190901e-07
peak_87303	88.3987448067568	-1.39868559489407	0.265959018757886	9.71385790654428e-09	7.06520341259724e-07
peak_9045	72.7209290751533	-1.46623949416199	0.278341587385213	1.01925242714819e-08	7.3817619674116e-07
peak_55677	74.3752259727294	-1.36895911245592	0.258235756624306	1.05348272523284e-08	7.59729423319963e-07
peak_62553	48.7139865062827	-1.91834207086607	0.37277711980309	1.06444732737579e-08	7.65471247300172e-07
peak_60440	22.8372905286578	-3.35681864251362	0.661710206249079	1.11304443241843e-08	7.98167136867595e-07
peak_34801	93.5734394922771	-1.61427663404443	0.316736090616233	1.1335843069192e-08	8.07219685371258e-07
peak_2820	40.2351162875593	-2.06520406240303	0.399759121410502	1.14033612629736e-08	8.10895086965095e-07
peak_72946	20.4533163762465	-3.38397964647263	0.660843009606253	1.16717924846935e-08	8.27674564151019e-07
peak_63431	61.2282224645219	-1.53481036582358	0.291994449641559	1.17643743810996e-08	8.33081100270482e-07
peak_1434	44.2572998961233	-2.02858114478169	0.39646153576406	1.21841031565647e-08	8.58036855719075e-07
peak_29481	34.7715783726503	-2.43709591459699	0.487189493507218	1.24596327993429e-08	8.7381958446671e-07
peak_84253	44.8403490691984	-1.76003177905907	0.338735974022782	1.43540837234646e-08	9.94371348810551e-07
peak_55761	33.7246449647155	-2.19041964718165	0.426245108557965	1.49168246219583e-08	1.02915997317343e-06
peak_8617	106.315877468931	-1.21220198219358	0.231307545129314	1.53232419944306e-08	1.05292562847445e-06
peak_102916	34.6194468366394	-2.26498078972279	0.448470201451859	1.58508629542183e-08	1.08334061472356e-06
peak_74210	53.1026994055034	-1.65592797450175	0.321731190527824	1.64709062324321e-08	1.12270805503581e-06
peak_27701	98.0512909475818	-1.24061413080437	0.237738139532365	1.65455160261e-08	1.12628795741887e-06
peak_24780	96.6812749023048	-1.28130871604303	0.246672126688111	1.7193061913692e-08	1.16725093839081e-06
peak_77567	40.0300135540741	-1.95573230645873	0.38478399767652	1.79143287336863e-08	1.21298800108331e-06
peak_67648	104.167632255311	-1.19568082991132	0.229701046269167	1.90929525884644e-08	1.28426554178819e-06
peak_29482	39.4169381109342	-1.85947593585566	0.362670367350303	1.9334341361939e-08	1.29707990615766e-06
peak_85784	31.4744487043134	-2.27647082262603	0.453182437868559	1.95111424725815e-08	1.30722090684237e-06
peak_69344	45.8687664173305	-1.7934306890823	0.351142079317881	2.08630617608801e-08	1.38867371663216e-06
peak_3622	104.985592759686	-1.26389938160817	0.245488580604689	2.10107484655822e-08	1.39503288279824e-06
peak_95275	27.8772679384624	-2.25852653351108	0.442033452292679	2.10274492201592e-08	1.39503288279824e-06
peak_102706	67.7004414251083	-1.38535981467294	0.268575528549113	2.1763195075567e-08	1.43919359808413e-06
peak_101084	77.850262923577	-1.3256175362992	0.256661841494403	2.2048833654247e-08	1.45619408380238e-06
peak_16147	43.2644250797586	-1.97278748790291	0.393856266564725	2.40069444622028e-08	1.56925393634599e-06
peak_42943	142.844560028668	-1.09855133793582	0.212381981290522	2.42680111796149e-08	1.58428785915985e-06
peak_61902	33.938200335139	-2.09151582344037	0.414666054667755	2.46284234664673e-08	1.60166428426187e-06
peak_15912	41.7868874285394	-2.06440514940419	0.416489749580293	2.57422915495494e-08	1.66560466617427e-06
peak_40517	85.1212384065722	-1.37349658830969	0.270035961331681	2.60161732099535e-08	1.68119215118212e-06
peak_76846	24.3262347846289	-2.7064853229651	0.542443738988274	2.61264682835471e-08	1.68618242013283e-06
peak_99958	48.275640070075	-1.87599336414353	0.374593273729522	2.65060599958846e-08	1.70851829955774e-06
peak_76982	25.333672624456	-2.4053427568012	0.478760178071859	2.84904198746703e-08	1.83410675218427e-06
peak_90118	86.1697719774617	-1.37368585055064	0.270758023268151	2.90481012471011e-08	1.86295155998075e-06
peak_82377	122.280422312257	-1.20905057882081	0.237794674899339	2.91293026017879e-08	1.86581233976729e-06
peak_78496	55.8210605366793	-1.54913420811902	0.305139140956042	2.96396857754092e-08	1.8961217301694e-06
peak_62646	63.4832053862449	-1.43481966304131	0.282502800438966	3.0718792170548e-08	1.9529031640992e-06
peak_48975	90.6664162199459	-1.26316030295024	0.24818123524444	3.09650327788881e-08	1.96610605387844e-06
peak_35886	54.3652692437321	-1.69816843109385	0.342077216387828	3.3651750454182e-08	2.11041592700728e-06
peak_26249	52.2689027745356	-1.84536936215324	0.377040857167691	3.50941784495017e-08	2.18208753954426e-06
peak_1438	77.4146359157148	-1.45842085711767	0.29215001021487	3.59586317050906e-08	2.23039756218461e-06
peak_30985	72.3884197967205	-1.34021877169921	0.264678240161038	3.69941479306093e-08	2.28905779901704e-06
peak_33509	147.562491630041	-1.0589676946477	0.208500213192092	4.04837722474184e-08	2.48987407938103e-06
peak_97569	40.9229866258103	-1.78842126339126	0.3589369989002	4.10256131477145e-08	2.51712624783318e-06
peak_38844	86.8789813838141	-1.21515945561619	0.239992667703847	4.24725804966182e-08	2.59342154395279e-06
peak_41854	46.1970559997899	-1.68478741995119	0.33921515969821	4.47897147769248e-08	2.72511741958984e-06
peak_89032	65.8215980546349	-1.43934212648767	0.288825189687763	4.62490154471373e-08	2.80053717528236e-06
peak_25919	188.303405317766	-1.23033109370065	0.250714269167627	4.79293141831579e-08	2.87835572784745e-06
peak_107099	65.8386221207211	-1.49796147517124	0.302655012715549	5.00108570534021e-08	2.98927732441355e-06
peak_51520	149.954015664687	-1.12196284382735	0.223858433524309	5.16380489731454e-08	3.07213251452134e-06
peak_79819	45.9721682070374	-1.78938983382751	0.364139145369003	5.19563748133316e-08	3.08746821239222e-06
peak_48074	173.068399260106	-2.09439504728283	0.442553425595403	5.49557884143386e-08	3.24678543232152e-06
peak_22676	66.1821207566636	-1.40328473412737	0.283066826556347	5.54226508087539e-08	3.27057786358232e-06
peak_41116	42.7054293895513	-1.72096938895187	0.348637084346972	5.55220363895443e-08	3.27265496804313e-06
peak_32546	44.14345416361	-1.96219976124015	0.409996794898472	5.62188645602425e-08	3.30990188044864e-06
peak_106052	31.1398048890912	-2.08262085196511	0.426151728593669	5.73643312285302e-08	3.36955966822332e-06
peak_79443	36.9934958405232	-1.8105899053916	0.368262377690088	5.91800321011674e-08	3.45630368466222e-06
peak_48212	50.0029782510921	-1.69913473168686	0.348798300993525	5.96157545032426e-08	3.47776757334362e-06
peak_57713	86.260586430707	-1.23615726971213	0.248265454694259	5.97206978444102e-08	3.47990800033726e-06
peak_107397	32.9910085620233	-2.51166542940882	0.545744805947137	6.08058099392088e-08	3.53505704168814e-06
peak_83006	89.9113101018365	-1.28432482929324	0.25985643576224	6.17530663640263e-08	3.57382728903093e-06
peak_106972	55.9880140182535	-1.77109765871273	0.370750677917772	6.28105143995195e-08	3.62679149170317e-06
peak_12586	25.9029183604274	-2.34853988527551	0.484274359755611	6.34216591743811e-08	3.65380419736157e-06
peak_69261	57.6886177141314	-1.71148169286723	0.356135788795296	6.40241158954799e-08	3.68019568550951e-06
peak_49731	134.388987800906	-1.0209710220598	0.203570517977057	6.57768842078197e-08	3.76820249238191e-06
peak_102088	103.048379781333	-1.32591340166356	0.272004096544374	6.75251271926753e-08	3.85535961371304e-06
peak_20532	83.7646544512969	-1.23710345904501	0.249950303080993	6.88725638074003e-08	3.90604731733494e-06
peak_26128	29.877430516703	-2.3134021848223	0.48835015432895	7.03186208099686e-08	3.97401238439021e-06
peak_94999	55.5235074020388	-1.51582126073251	0.309890605025116	7.03827164928483e-08	3.97401238439021e-06
peak_94397	59.5319508647375	-1.48356430498399	0.303256827567821	7.29257640325732e-08	4.10396578914435e-06
peak_27105	64.9846339604915	-1.59848391783248	0.332974050962196	7.35490997738346e-08	4.13448114781558e-06
peak_43684	54.2502423842596	-1.63573990414853	0.339612417573441	7.68018478109393e-08	4.30309781592148e-06
peak_99491	90.0582496209268	-1.17538669161664	0.237527300598292	7.70760203024449e-08	4.30921693767793e-06
peak_38847	19.6819990801207	-2.79710215460362	0.581558513985283	8.05007471403139e-08	4.46617093982159e-06
peak_52445	41.2363038463182	-1.82108106401288	0.37935605747066	8.08393540979599e-08	4.47521748972702e-06
peak_41865	62.2690639392338	-1.42310900303928	0.291879303287996	8.1392298627708e-08	4.50094114732356e-06
peak_19186	89.1832411413315	-1.52363231880195	0.323441125891927	8.68544593033769e-08	4.75227296972979e-06
peak_34059	23.6936422468669	-2.75618039689757	0.591098564245188	8.72007221439131e-08	4.76529048148934e-06
peak_44305	46.0993103789123	-1.88332483251319	0.400338575915575	8.80823706263275e-08	4.80317406283843e-06
peak_86348	21.2630029107307	-2.99295686467852	0.640333409898398	8.99130153722756e-08	4.89776175402868e-06
peak_54032	94.2967412683614	-1.15549558505333	0.235341834895418	9.00717027874513e-08	4.90116951795196e-06
peak_33202	82.6346393630436	-1.44475628738153	0.3025999737309	9.14971410202866e-08	4.96284386389397e-06
peak_96179	44.6207573807786	-1.72488327115248	0.35710890953821	9.14528128702889e-08	4.96284386389397e-06
peak_99108	105.614880660001	-1.30197515811597	0.270795711428832	9.60824753412084e-08	5.18947149125725e-06
peak_57820	63.5520596968169	-1.44923683559361	0.298973187493475	9.705587416167e-08	5.23096279070498e-06
peak_5633	90.7589977254193	-1.46966616262002	0.311683266242656	9.89279155099699e-08	5.32622882807954e-06
peak_12683	84.2977189106752	-1.18689254525979	0.242465941515777	1.00417292074717e-07	5.40071313683707e-06
peak_24564	48.2355725606703	-1.70923433281118	0.357624011140657	1.0060178500111e-07	5.40354202276663e-06
peak_48985	25.8926798061542	-2.21116054991505	0.460874438505951	1.00681852305109e-07	5.40354202276663e-06
peak_24997	34.4332859310452	-2.03196066065058	0.430618320069382	1.01128085219845e-07	5.42178396742271e-06
peak_15513	58.402577686797	-3.12570587438928	0.70019742257318	1.02927885226231e-07	5.5066958616418e-06
peak_206	54.3298965239608	-1.63152068081606	0.344290947874394	1.03408437441596e-07	5.5266064899342e-06
peak_9400	95.1929949298662	-1.29432933155874	0.268794148450272	1.05453239190892e-07	5.61605576900955e-06
peak_13851	29.5375822412813	-2.09522230599599	0.438731635356629	1.05632869463778e-07	5.61605576900955e-06
peak_59479	25.6049051630459	-2.62550743890812	0.571005443579067	1.06078761188953e-07	5.62793928896229e-06
peak_67208	114.036618057509	-1.19992322097341	0.248550648701205	1.10290958778089e-07	5.82121617418184e-06
peak_58955	87.6809647503592	-1.38077269078696	0.290083203411477	1.18468687888718e-07	6.20672967543936e-06
peak_59826	31.2764654468338	-2.50146216454236	0.56505642370308	1.25842644094417e-07	6.54715617530404e-06
peak_82353	69.1159858162023	-1.42575933138858	0.299690371022847	1.27341019784908e-07	6.61835803746513e-06
peak_92998	89.9844918037827	-1.25501506119112	0.26132022559856	1.28967159643621e-07	6.6960484741239e-06
peak_41649	39.1120806756403	-1.95442505749078	0.420447230387851	1.30964080408976e-07	6.79281241478335e-06
peak_61231	23.2689883268047	-2.50024773055562	0.53939090734972	1.337378230848e-07	6.90157555445506e-06
peak_47517	65.6959994739724	-1.38190412896329	0.28927473246679	1.35252050423481e-07	6.96561721504201e-06
peak_59554	104.123413533339	-1.27980794384093	0.270287390193318	1.3668474717894e-07	7.03229921257863e-06
peak_41630	70.3368851701035	-1.47877198984571	0.3149693839049	1.39621303192731e-07	7.16170197644322e-06
peak_67135	71.7119310334239	-1.41029211273591	0.297272063701809	1.51214458640252e-07	7.7330194465716e-06
peak_69555	59.6616510706748	-1.44803867617846	0.30530837107915	1.51408521148515e-07	7.73518522973768e-06
peak_50105	40.2665967331043	-1.70345175388114	0.359946782948132	1.53927698916093e-07	7.84815765693592e-06
peak_26975	21.643576241479	-2.54254160910114	0.544660550835721	1.54821012119723e-07	7.88581830563058e-06
peak_72036	26.380176949283	-2.22335156265346	0.474253872395256	1.58384677439317e-07	8.04212833104388e-06
peak_2170	39.2582761443239	-1.7327162230575	0.36798826442866	1.58865837500616e-07	8.04362819345222e-06
peak_99148	67.6783649871169	-1.38929613729662	0.293560237603482	1.59593057831639e-07	8.07243218909124e-06
peak_75737	116.449627990118	-1.20076288978555	0.254040155784966	1.67247777074067e-07	8.4428664969291e-06
peak_27751	145.430261633195	-2.32457578281632	0.522663868413418	1.69422548226042e-07	8.52732284684402e-06
peak_20561	43.5192535208353	-1.73728481434453	0.372547611905708	1.75345797462571e-07	8.79073827868892e-06
peak_42268	22.9695373476859	-2.41200431624813	0.524795312364976	1.83887072474195e-07	9.18282691201695e-06
peak_34671	121.361302501819	-1.14169466252478	0.241103261161173	1.84094349686637e-07	9.18418249816329e-06
peak_11395	64.2075527648524	-1.54765243474041	0.333768284908952	1.85681687430129e-07	9.25431721926936e-06
peak_76990	44.4877576122126	-1.65911961611849	0.356386133792058	1.90400277525898e-07	9.48022319329631e-06
peak_99410	27.9620794155499	-2.10722058587889	0.451028044957019	1.91146635400944e-07	9.50809985614883e-06
peak_30762	49.8101822013148	-1.59801846850352	0.343761472647648	1.94302791385795e-07	9.62752392769305e-06
peak_72162	185.54752695034	-1.11882069582623	0.238406361712515	2.01157153899862e-07	9.9381769852116e-06
peak_9232	117.694678748775	-1.18188076875092	0.250955112397288	2.05693379945903e-07	1.0152451761783e-05
peak_7930	23.182769612555	-2.63048000229325	0.580580207166095	2.06527185225487e-07	1.01739082762383e-05
peak_80228	51.8543254716529	-1.55772977749133	0.334231541850114	2.12271358127405e-07	1.0416619312304e-05
peak_50781	179.151630133461	-1.01132173730747	0.213235398735214	2.14652066190658e-07	1.05031192387686e-05
peak_94584	39.7299764233963	-1.80921943714815	0.394320197039621	2.23845501367038e-07	1.08798729577691e-05
peak_3614	56.3544429887157	-1.50821542182391	0.324566840217239	2.24080731620522e-07	1.08809335070514e-05
peak_101625	54.9693625717978	-1.68831385716231	0.37179212379783	2.28018208229281e-07	1.1051080194656e-05
peak_59673	28.0370199452918	-2.27811102170534	0.507688951163231	2.37151707721172e-07	1.14502054638936e-05
peak_84327	32.178782463148	-2.21358843063854	0.497614998015278	2.55598290619612e-07	1.22480586894093e-05
peak_23360	28.7423568437497	-1.97352327682707	0.427137648228207	2.60744178671371e-07	1.24595151768871e-05
peak_27107	26.2295156059857	-2.30096573269278	0.508563492735446	2.65245094219459e-07	1.26508759343998e-05
peak_72968	55.9619206879477	-1.44780587123674	0.311127734712284	2.69554275243629e-07	1.2832394283447e-05
peak_52085	33.7092535184896	-2.34626718126605	0.55120389964334	2.78837913750765e-07	1.3212667165889e-05
peak_48227	35.2832703941789	-1.99403577800284	0.442846845898628	2.83508017104305e-07	1.34090350279036e-05
peak_58971	50.2245749178164	-1.56694106408547	0.342583706061229	2.86319251658127e-07	1.35044156938402e-05
peak_29783	57.8318769237093	-1.40135375061019	0.303503250098636	2.91612954236483e-07	1.37286962924296e-05
peak_7928	16.4534799927818	-2.95285420079463	0.643149363554883	3.0221129506674e-07	1.41684400141542e-05
peak_30966	33.1740628548218	-1.87928712879885	0.411276686919996	3.02620938599103e-07	1.41684400141542e-05
peak_8538	31.7523841706245	-1.95960764445481	0.432254228824419	3.1460247920306e-07	1.46620859274655e-05
peak_26326	54.4949162924601	-1.7222470692714	0.390416626766635	3.14332622283858e-07	1.46620859274655e-05
peak_73842	36.653798724649	-1.69801091674171	0.369995226599753	3.15529176305315e-07	1.46918452813724e-05
peak_16817	63.2621752138731	-1.4649904560901	0.322938731524448	3.21699708721001e-07	1.49518517309471e-05
peak_65053	51.6986098069352	-1.91061318605175	0.441814379788899	3.36402794759294e-07	1.55360805195628e-05
peak_83030	20.7684570995991	-2.38264318270836	0.525074023594539	3.42703777191902e-07	1.57888234964483e-05
peak_67894	26.9031964560475	-2.2449174292629	0.508730148128511	3.61412747388875e-07	1.65116400881444e-05
peak_78534	35.4285283790404	-1.76668525104749	0.390347041494261	3.64414498603011e-07	1.66189960874536e-05
peak_74347	193.130645309756	-1.10203911726902	0.242526977381347	3.78413363379083e-07	1.71805732370845e-05
peak_52660	80.1776297432723	-1.33126808650822	0.294558486264724	3.92216441389238e-07	1.7728322234638e-05
peak_1428	21.4294461790781	-2.3543713016341	0.524507855141075	3.97974065678049e-07	1.79336820413126e-05
peak_1928	99.5832701601606	-1.17225380326427	0.256138248948373	4.02073107613256e-07	1.80936447173605e-05
peak_96505	72.1948694706065	-1.29229008084352	0.2833294389486	4.03174175770468e-07	1.81112233707781e-05
peak_57788	45.7488810636986	-1.92605729632944	0.449163370817768	4.0650072992919e-07	1.82285366896831e-05
peak_4704	156.316853455047	-1.03949481084772	0.225582851127794	4.09067062750518e-07	1.82793104832585e-05
peak_11078	28.8585440091415	-2.18375150386108	0.493771335633031	4.08904740656391e-07	1.82793104832585e-05
peak_87274	21.0285186664209	-2.74859491943161	0.641611255521208	4.22729198915934e-07	1.8856754974565e-05
peak_77702	41.7015154288286	-1.7778782720049	0.401638904318589	4.45574951622688e-07	1.97376928613678e-05
peak_67367	42.4829046656834	-1.58347241643973	0.350763774684053	4.47435485144041e-07	1.98029042062101e-05
peak_5339	18.4729060917881	-2.69354217827196	0.614868266617419	4.57617506610445e-07	2.01834655640486e-05
peak_26325	38.0875530132863	-1.92674174638873	0.445535841301864	4.57258604967846e-07	2.01834655640486e-05
peak_27753	24.3734734526606	-2.10476536466228	0.471311005427875	4.58969320768993e-07	2.02255918657977e-05
peak_94689	144.450452712118	-1.14036084479356	0.253162272494009	4.83445987173083e-07	2.1194305332766e-05
peak_6484	46.4929206621983	-1.68791546140447	0.384017089216414	4.88000101088614e-07	2.13572301751966e-05
peak_44790	67.5568520925284	-1.32103823133206	0.293949867837816	4.98605591316363e-07	2.17653293483357e-05
peak_38237	93.595403457075	-1.25235122983457	0.278821713234188	5.01591143319301e-07	2.1827791446273e-05
peak_94102	82.4422880648806	-1.18560062241236	0.260928648050108	5.08153502325457e-07	2.2068751677654e-05
peak_71325	22.1903064899325	-2.26819520249183	0.511341362654433	5.16342334791631e-07	2.2379541020024e-05
peak_101947	43.4499787028789	-1.5746035321081	0.351620411365356	5.28733514648983e-07	2.28071125024476e-05
peak_17987	39.6830083471705	-1.62601981702223	0.364884603519357	5.56508813240785e-07	2.39040929670553e-05
peak_103261	85.826917488999	-1.2173973944688	0.270605308653901	5.56159337576799e-07	2.39040929670553e-05
peak_88092	24.2420136924988	-2.12110598875064	0.47930998048091	5.57358637170737e-07	2.39204440023461e-05
peak_40989	50.1543590997205	-1.68076698806445	0.388612197704789	5.60654208086874e-07	2.40012724210893e-05
peak_4977	36.759530685058	-1.71176239853041	0.387271274613742	5.84639896348335e-07	2.48818445369084e-05
peak_95047	30.4634465052022	-1.9766856049982	0.453301741267866	5.87800430017011e-07	2.49746606040394e-05
peak_29420	70.7818317516805	-1.28053458679977	0.285827728358419	5.99448615947436e-07	2.542719395399e-05
peak_3159	33.5586341093916	-1.88691729209602	0.431547894874577	6.04855346735704e-07	2.56352075716265e-05
peak_76987	21.4911476145045	-2.37735229209874	0.544741208412616	6.13275806213001e-07	2.59489462701876e-05
peak_10506	31.4124788802773	-1.82121954337657	0.411980435398569	6.4928322407787e-07	2.7291306234818e-05
peak_33360	28.9452463521388	-1.97914393327122	0.453096025256085	6.6019115115702e-07	2.76749612723374e-05
peak_79389	155.194484128947	-2.00841655220003	0.478125519482318	6.60133901321847e-07	2.76749612723374e-05
peak_7214	43.9004995032312	-1.55295976412603	0.350153183535818	6.71207771338655e-07	2.79814295412072e-05
peak_102625	24.7723497200956	-2.19291581255941	0.510214133000176	6.92173562339326e-07	2.87621526075248e-05
peak_15330	34.3169210515829	-1.75990832020338	0.40241108004739	6.93799252891728e-07	2.88049146916109e-05
peak_51347	71.9845104606304	-1.32605971470211	0.29965664017039	7.13542433477767e-07	2.95058187455778e-05
peak_74173	73.1920317864882	-1.39621677956507	0.321494806849745	7.71087067993432e-07	3.16034125793514e-05
peak_69584	61.6393411544847	-1.27492138920851	0.286430712280773	7.72100468718386e-07	3.16087127068663e-05
peak_2457	27.1055784520344	-1.94709457744761	0.446669295499758	7.73935207619639e-07	3.16438335971892e-05
peak_23472	55.7428208243261	-1.43903129922994	0.327586155148278	7.77648711665105e-07	3.17447535732242e-05
peak_21987	141.735765031881	-2.16815391769747	0.523008455001445	8.06929284283858e-07	3.27214625492074e-05
peak_101725	47.3999143804329	-1.50908397463611	0.345635380907273	8.08495050522539e-07	3.27418019427658e-05
peak_66147	41.459062170042	-1.62891799427354	0.374270895168808	8.11707188252651e-07	3.28457957938489e-05
peak_66692	49.3926411757052	-1.6551213623397	0.388927917215437	8.59684420114211e-07	3.43509951755041e-05
peak_3875	41.6023018127013	-1.54632590460738	0.353618393366735	8.64853892235027e-07	3.45034746083686e-05
peak_9721	37.2217832036578	-1.77245374853597	0.412789653947339	8.78909566152765e-07	3.49437293344829e-05
peak_20549	49.0044069597874	-1.5100257776385	0.34712670819657	8.93456038394982e-07	3.53952988139911e-05
peak_11374	45.9629707613821	-1.6300461132157	0.380551276062326	9.05205784621168e-07	3.58051374202443e-05
peak_11465	107.202577235726	-1.05869429261085	0.237702661113919	9.06783186607264e-07	3.58397267847736e-05
peak_37918	43.7115066632566	-1.70094328610583	0.403796813341176	9.45598650462426e-07	3.72295697239207e-05
peak_58136	66.0333247891473	-1.52156059516276	0.361708811653382	9.45261709001795e-07	3.72295697239207e-05
peak_100418	28.0326290614364	-1.91877647885138	0.444080071049349	9.72522240430106e-07	3.81716851043644e-05
peak_45333	69.5762264822181	-1.25255866376319	0.286344455205798	9.75351523910029e-07	3.82532867677513e-05
peak_59461	68.4434606124481	-1.22105330124174	0.277652403030017	9.90836564460228e-07	3.87414057327985e-05
peak_107398	16.4160175725313	-2.69910552901338	0.628610771095486	1.00769875832872e-06	3.93403743431455e-05
peak_87253	43.2461276196881	-1.66667673766339	0.394447114474127	1.01348468768525e-06	3.9535983386626e-05
peak_75588	77.7858624728177	-1.32265997265131	0.307216688269344	1.02462347946868e-06	3.98436477197932e-05
peak_49664	39.7811618777192	-1.70571562452206	0.400230561984882	1.04227285853891e-06	4.04116532056765e-05
peak_22963	95.5659002513693	-1.18528264225841	0.273194392485846	1.08301659022193e-06	4.18006690908822e-05
peak_65487	54.4002785749802	-1.37030710002601	0.315408102175603	1.08620597073281e-06	4.18920556912125e-05
peak_62075	62.2226513320141	-1.43450271196311	0.336908863230744	1.10724829665475e-06	4.2639094904259e-05
peak_102974	74.8408243815527	-1.21931945252308	0.280727857430586	1.1173848543531e-06	4.2964543125224e-05
peak_83087	26.0823134150094	-2.05455432504115	0.485723404296077	1.12535603926655e-06	4.31733657020649e-05
peak_97151	145.062490443842	-1.08673604199674	0.250538584633952	1.15863474031895e-06	4.41952782954362e-05
peak_9956	41.5849217766145	-1.66358482164387	0.393485413843163	1.16262793056862e-06	4.42701625600983e-05
peak_92484	75.0625454292602	-1.23360647126766	0.284846339973403	1.17684292469429e-06	4.47112618170366e-05
peak_6851	54.5388128701102	-1.49519610776023	0.353150417059773	1.18036363994295e-06	4.47747897876847e-05
peak_85782	19.8940933085137	-2.34571394448562	0.555106948461004	1.18139064736954e-06	4.47747897876847e-05
peak_96500	108.680240657101	-1.07163179534206	0.244434174431266	1.18202775377993e-06	4.47747897876847e-05
peak_72470	84.4624140368683	-1.10945885491891	0.252298616394076	1.18310551876979e-06	4.47823444543403e-05
peak_4368	35.2794325493603	-1.64057716146206	0.382554093079006	1.21078042499836e-06	4.56941900436467e-05
peak_24753	55.7011963624082	-1.3604169545145	0.316266867256732	1.230394043104e-06	4.63007882310373e-05
peak_19166	37.8513014991916	-1.62774859698728	0.382284272339737	1.23667682533852e-06	4.64994134341516e-05
peak_48823	25.7645570009808	-1.99586295681449	0.472234208960887	1.25604817013541e-06	4.7123526124006e-05
peak_27108	59.1856566701191	-1.44093306889469	0.341128528004538	1.27739971840301e-06	4.77489017906859e-05
peak_90929	102.812182235852	-1.13702292981141	0.264230959914012	1.28914488518637e-06	4.80821807725765e-05
peak_137	45.4311095474336	-1.49684051202882	0.351464977467742	1.29485556584614e-06	4.82314866058421e-05
peak_85785	99.5083448706229	-1.02388654996002	0.233382140046272	1.36138022587283e-06	5.01526966736647e-05
peak_28207	18.1109393089768	-2.55725300128145	0.614701014171522	1.36641793787161e-06	5.0301938613951e-05
peak_34529	55.6303915719982	-1.30885209512121	0.303286724842556	1.38153777157065e-06	5.08218505204195e-05
peak_16592	20.2715437711829	-2.47152064473932	0.600521091160181	1.4069663818113e-06	5.16827002471404e-05
peak_70377	81.8310779950058	-1.3140630520311	0.313483718830591	1.44143181604014e-06	5.28725486133976e-05
peak_2828	83.9252284904692	-1.25328615584317	0.29601801247716	1.48224528407423e-06	5.42135997516561e-05
peak_90651	52.0040813210615	-1.34955107513132	0.316283662330684	1.50878212218529e-06	5.50656873885032e-05
peak_63849	19.3123033777095	-2.26033902902834	0.535570964204069	1.5206160047385e-06	5.54182470461738e-05
peak_49659	20.6441872985848	-2.36124337872865	0.575739157061212	1.53613674662201e-06	5.59053988723183e-05
peak_73792	34.9476581524268	-1.91911417069635	0.478554970674471	1.55428697022457e-06	5.63633538149857e-05
peak_61382	17.6716836508171	-2.72125642755701	0.665689192884724	1.56185336520053e-06	5.65572838622969e-05
peak_8789	78.5571545822097	-1.09461782858991	0.252734505091967	1.58299908520142e-06	5.72011278228772e-05
peak_80373	96.2681375269101	-1.12383542555763	0.262895812155783	1.64080737470218e-06	5.90806531119812e-05
peak_70625	59.3056423573255	-1.39416908456236	0.333030355626693	1.7115990083384e-06	6.13264842158408e-05
peak_95420	27.4241511006886	-2.06319259906375	0.507986947287247	1.73265540799364e-06	6.19938025487464e-05
peak_51613	49.9994916710588	-1.59432477353649	0.389468103793058	1.75512833311299e-06	6.26659476135145e-05
peak_80135	29.0272357234998	-1.82528910716639	0.438701730346427	1.82713563392963e-06	6.49639731042789e-05
peak_94011	41.5701988529482	-1.46662077425133	0.347821880907653	1.89124360098855e-06	6.69166871894533e-05
peak_64551	21.906948757034	-2.29763177614284	0.571742905411331	1.92385118512866e-06	6.79760752078793e-05
peak_82210	105.540138568066	-2.08144151645264	0.529373180027008	1.96524518187062e-06	6.9294599476387e-05
peak_41553	21.5194178508412	-2.11781586315124	0.51317305084762	1.98700307509158e-06	6.98965040046684e-05
peak_19313	62.3595029571267	-1.19708354505279	0.281436293740621	1.99215691510139e-06	6.99051014957738e-05
peak_32768	63.0434618958563	-1.29286163919299	0.306654114028238	1.99119711362902e-06	6.99051014957738e-05
peak_39404	19.9389075506026	-2.19425121832034	0.531972980045016	1.99819470683491e-06	7.00687450637447e-05
peak_27916	17.2966734412478	-2.55165381896617	0.629093082809966	2.00907581170906e-06	7.03535297635976e-05
peak_94266	47.3595675333015	-1.44701719419016	0.345874530879374	2.02610340771774e-06	7.08524748600115e-05
peak_96474	28.869538010453	-1.98611964540769	0.4935046764335	2.03311321495542e-06	7.10002125874776e-05
peak_8660	136.344040003512	-1.00010287244423	0.23393419234078	2.06588361322116e-06	7.19712712110586e-05
peak_47720	68.5415640326604	-1.29241980066168	0.309262758084141	2.06461746511226e-06	7.19712712110586e-05
peak_47833	37.5394951289841	-1.52812612864685	0.364852983577038	2.09462472409661e-06	7.2749684048222e-05
peak_13610	34.0317952901179	-1.68046075928757	0.407722597580597	2.15266830213464e-06	7.47147352298411e-05
peak_86421	22.850491573232	-2.2675521546462	0.576806770798746	2.18470152662616e-06	7.56206327471563e-05
peak_6228	103.100380367027	-1.13948267409961	0.272489769132796	2.19567831257254e-06	7.59137755067456e-05
peak_99961	14.6009094298663	-2.6646813291269	0.642058219100454	2.20093645855042e-06	7.59610127022427e-05
peak_17434	22.1534287403704	-2.10218255429869	0.512124153955105	2.22661417931513e-06	7.67068584774062e-05
peak_82755	77.6350822875453	-1.09680169839299	0.257244195071785	2.24312877533005e-06	7.71715004986356e-05
peak_6706	37.5771660256974	-1.51268886037648	0.362983421864206	2.24999756584606e-06	7.72902794045293e-05
peak_44406	45.2860379655971	-1.60329036859597	0.393936766556203	2.25138090598216e-06	7.72902794045293e-05
peak_49214	31.0385804786467	-2.14502345795172	0.565929891534893	2.25302094223747e-06	7.72902794045293e-05
peak_58118	84.5215617465451	-1.20452117341194	0.288038786072368	2.24895785668482e-06	7.72902794045293e-05
peak_78430	30.7577756169904	-1.69490169157877	0.408883150560367	2.25789779427941e-06	7.73144237334655e-05
peak_49002	20.5228864700238	-2.30401597555374	0.57314428888266	2.277848243849e-06	7.79452151415335e-05
peak_44391	26.2121266233478	-1.84014854913418	0.446760319471081	2.29327405707665e-06	7.83678760550335e-05
peak_85779	29.8222601293613	-1.99414536568258	0.507295412157356	2.3572566855207e-06	8.01247262453055e-05
peak_69796	23.8527741057614	-2.14667729926725	0.533825410791672	2.39110437045128e-06	8.11510247024106e-05
peak_45979	67.6047973896526	-1.17528296329777	0.279121025231058	2.398302511136e-06	8.12490709852359e-05
peak_13855	27.4044863565238	-2.03325072869668	0.499469903958897	2.40432739658463e-06	8.13990947159787e-05
peak_68707	80.5266957180248	-1.14455581675162	0.272787785074249	2.44002231587922e-06	8.22253653651143e-05
peak_99956	95.7599399899636	-1.10485243191014	0.264032214905	2.48175763493412e-06	8.34112688033957e-05
peak_53793	57.2029535228116	-1.3074299487182	0.314757980312356	2.53223985581968e-06	8.49399876900146e-05
peak_100881	135.657850891827	-1.14809859607801	0.280869832039784	2.56335477033272e-06	8.58707006045888e-05
peak_21990	37.5998586413789	-1.64238775472815	0.405500707975421	2.56900640584304e-06	8.60035197690828e-05
peak_21049	57.7304572620591	-1.22987232584398	0.293872814947827	2.61164046639264e-06	8.72017687095582e-05
peak_22752	20.1073713150661	-2.36066410766957	0.596675937670439	2.61879055845936e-06	8.73261317289789e-05
peak_50675	49.0719046352351	-1.34006693306787	0.322539831752618	2.6211836976323e-06	8.73488052336473e-05
peak_73797	79.3553506158244	-1.14102740079795	0.271668862470363	2.65002114008973e-06	8.81945025121507e-05
peak_48389	52.2220747636797	-1.37608132614025	0.337856627518715	2.92332140694039e-06	9.6659186286811e-05
peak_29619	67.7760211006	-1.22733978309257	0.297845179999532	2.96208588752706e-06	9.76875233256499e-05
peak_43494	38.4508172280826	-1.62492844779183	0.404161283366069	2.96765695006494e-06	9.78079878836528e-05
peak_49109	29.9615714186054	-1.74534695679845	0.431270914719086	3.00347707239441e-06	9.8733257261832e-05
peak_98191	39.113598936576	-1.56158279184109	0.384987300156057	3.07605725590546e-06	0.000100729515253433
peak_34775	56.8615975964263	-1.46315496424645	0.367889502832246	3.10914892707125e-06	0.000101682531876623
peak_5430	119.563596262151	-1.20983301960293	0.30197271285303	3.11445175602621e-06	0.00010179066489279
peak_41727	69.8406221061662	-1.21582982320065	0.296100153590736	3.16844880386209e-06	0.000103356705511012
peak_72638	19.8947725204158	-2.67446334046095	0.732515166613508	3.19000989945184e-06	0.000103993506862821
peak_35483	27.16945379833	-1.76443860175587	0.435624398140215	3.19602365787475e-06	0.00010412297905457
peak_88010	29.4563320412036	-1.74641770294496	0.433888800644242	3.26514207206305e-06	0.000106306854205751
peak_31754	35.1214094566577	-1.70847914285058	0.429425779014602	3.27827261350853e-06	0.000106666245993839
peak_26353	53.1825077113185	-1.25623675822334	0.304913626434018	3.29002048961303e-06	0.000106980219823603
peak_94104	86.9033342853361	-1.10497992258066	0.267116304359978	3.3420923680543e-06	0.00010839689661426
peak_71655	43.6791672952611	-1.4110084003355	0.345869868803106	3.35058697446323e-06	0.000108603323254916
peak_47644	20.6896345496827	-2.19478669115518	0.553561956582574	3.37066326072436e-06	0.000109184648672994
peak_90267	36.0192914194505	-1.5286626022863	0.376181396150752	3.37655418793963e-06	0.000109236669940539
peak_61707	14.6257319166773	-3.11990108681988	0.819479200721048	3.38866797817136e-06	0.000109559052336744
peak_62647	13.9249832699688	-2.89732012019859	0.735133228613452	3.40873202695821e-06	0.00011006815144173
peak_47286	43.4719294477328	-1.40449924596575	0.345430068084891	3.4838418337591e-06	0.000111715194802542
peak_55230	65.8047913977155	-1.21604472063129	0.297052084796648	3.53144546165858e-06	0.000113170508050361
peak_82351	25.2849170729153	-1.98599009968304	0.507554807050583	3.62087016890823e-06	0.000115890575286852
peak_55168	48.8148130691491	-1.30076212267618	0.317465820234874	3.65997775116161e-06	0.000116995376564718
peak_54651	38.4591595292181	-1.50827078961532	0.37436935863593	3.66408034592877e-06	0.000117053133156344
peak_91604	14.8503700405316	-2.84451207362577	0.749135631782501	3.71828456044619e-06	0.000118636080474912
peak_33095	19.6566806930797	-2.20099157149489	0.556056954390959	3.73444945346834e-06	0.000118928569540623
peak_6747	22.2346552826267	-2.2791160681542	0.590256360295637	3.78505490329224e-06	0.000120239756572747
peak_18030	48.7615984134573	-1.30900002170058	0.321120361985167	3.78486804405222e-06	0.000120239756572747
peak_98631	42.6572742309237	-1.42257636669291	0.351136405011458	3.80385988266187e-06	0.000120686745474423
peak_51349	53.2154528410139	-1.49853569327311	0.384716108756422	3.81522426960471e-06	0.000120896845624652
peak_22157	18.3792674735245	-2.52794332053337	0.680159486332242	3.82433076128149e-06	0.000121110141735837
peak_82428	30.4064081397839	-1.96991076918146	0.517946558390416	3.83668773148127e-06	0.000121426046354627
peak_21982	20.0943977783177	-2.33364919860027	0.59214824909093	3.85528503934751e-06	0.000121787833343353
peak_41047	61.4848104722309	-1.17574525982685	0.287064183879709	3.95830366708264e-06	0.00012481018600487
peak_22618	37.6717937972486	-1.51215610466824	0.377779557769143	3.9716818717219e-06	0.000125077314337006
peak_20588	66.6299444126251	-1.10227327786905	0.267613635591991	4.08304082499233e-06	0.000128188374078238
peak_101083	20.7566506168628	-2.09899457719674	0.535191278386181	4.11073561579286e-06	0.000128899118146872
peak_71635	44.4511110947356	-1.36981012774446	0.339416949068501	4.34287906615929e-06	0.000134933596628396
peak_4981	79.8314274934987	-1.36234069982753	0.351856903021679	4.43826560680571e-06	0.000137478378024663
peak_15196	92.0379199002265	-1.02992692532158	0.250594284603238	4.47451174139101e-06	0.000138432922115632
peak_41404	17.2705462020771	-2.58051825352076	0.684904348494645	4.56668014890576e-06	0.000140857080503393
peak_56083	26.9971220876923	-1.74146224437713	0.437143260129449	4.58845288127413e-06	0.000141443082590473
peak_49197	63.8424953275665	-1.1294324603384	0.276875918745675	4.64919446860098e-06	0.000143056022435781
peak_60828	46.3987318714268	-1.40430787803195	0.353222273907507	4.70917292883906e-06	0.000144378767859163
peak_63379	58.5239447869326	-1.51091656009212	0.394831984917355	4.71995849551484e-06	0.000144622478276634
peak_59621	71.9869833296671	-1.20832288731698	0.302037721933327	4.79346280943246e-06	0.00014643468831739
peak_24542	111.505392718468	-1.0541782466942	0.261702034807012	4.86896583040958e-06	0.000148652150795966
peak_102342	26.8914895172393	-1.9196055796222	0.495846297336148	4.88367663299123e-06	0.000149012050753854
peak_7935	67.0756520157392	-1.17998762923584	0.293491754428956	5.01066534483794e-06	0.000152703994782969
peak_86534	59.4414361567939	-1.18029086186132	0.292139073924083	5.0754422468711e-06	0.000154493431879982
peak_39544	33.3858575957991	-1.67352726204484	0.42647862533138	5.09005368030508e-06	0.000154661190073918
peak_81838	98.2322815978879	-1.12081513630939	0.280314205603561	5.08830562252513e-06	0.000154661190073918
peak_85332	78.5999295494756	-1.03963591803992	0.254750379312744	5.28102374203376e-06	0.000159607751340446
peak_80750	20.3663388958316	-1.97512774941509	0.502305898431481	5.29344690583829e-06	0.000159880498273061
peak_96507	63.9391052343757	-1.2532181792401	0.316229757733223	5.32523894659297e-06	0.000160279004091493
peak_76842	17.5556884145374	-2.32816470831315	0.60807010546253	5.39950211033177e-06	0.000162226879550604
peak_86840	16.3703835932189	-2.4075565395038	0.623159399816313	5.4364132083192e-06	0.00016304762578786
peak_20266	28.4330646495392	-1.73868104920356	0.444202214159803	5.45478123871413e-06	0.000163406272759741
peak_76843	48.6271867745215	-1.61863502941473	0.436038910017448	5.47024625089057e-06	0.000163485331387987
peak_9343	32.8052897240654	-1.76436043691335	0.467731006801967	5.57429999964102e-06	0.000166400035000994
peak_21030	22.773914372306	-1.90595642793243	0.487061474759104	5.57874029704418e-06	0.000166435139136977
peak_96503	38.8960746825257	-1.55806646407375	0.402502275009272	5.66189637537476e-06	0.000168620005020361
peak_51099	44.9804462863199	-1.34671217592455	0.338386251244883	5.68596105404408e-06	0.000169139095858513
peak_9598	62.4026571317323	-1.19568643141873	0.300326238192333	5.76638162140083e-06	0.00017113197517389
peak_28108	55.3354171205559	-1.28060869356795	0.324774626034785	5.76333191879497e-06	0.00017113197517389
peak_7911	13.2449265906621	-3.35976284527282	0.912567421885454	5.79200636454908e-06	0.000171792458698603
peak_88453	21.4783364076754	-2.04175901826349	0.529485362133929	5.81661048311543e-06	0.000172421919821002
peak_31687	91.7360369612557	-1.03024957716808	0.255328580011402	5.97993073417262e-06	0.00017674941936958
peak_79129	62.0432175665294	-1.30769142243325	0.336088045904989	5.98942146640061e-06	0.000176910968140608
peak_48200	27.5118819505952	-1.72683253960416	0.442260478646792	6.0431229361771e-06	0.000177907335516313
peak_43104	81.0558432034503	-1.0990890637447	0.275722349055721	6.09052384367959e-06	0.000178980662071382
peak_339	36.3584359281456	-1.48870522728687	0.380860270604495	6.28825984318685e-06	0.000183732502214742
peak_81688	77.2542187467808	-1.04198992470857	0.25904338372051	6.33173425978609e-06	0.000184830884145316
peak_83973	62.1589648452331	-1.25351859896802	0.320163281588507	6.50235118764569e-06	0.000189336880441635
peak_37095	37.5180529253301	-1.62201207006744	0.430378875968273	6.5152808580875e-06	0.000189605085519663
peak_7941	41.7652306139344	-1.49208064234099	0.385524980878729	6.53016274897733e-06	0.000189728209689395
peak_54807	39.0917144918566	-1.70937369100098	0.462082883058234	6.53067524428055e-06	0.000189728209689395
peak_84302	40.1681477173515	-1.46638501112256	0.378741014002396	6.54895849537116e-06	0.000190151023829723
peak_97053	16.1966812927575	-2.29509647181406	0.593366407768259	6.6261221013275e-06	0.000191954239464934
peak_54031	24.3167232553137	-2.03297167681862	0.547924002117372	6.73025449536572e-06	0.000194665936390309
peak_86515	27.1585958061612	-2.11256572260203	0.5977417162333	6.73118200792599e-06	0.000194665936390309
peak_103211	32.1432091191913	-1.65826060015775	0.435795717448124	6.90030918652635e-06	0.000198992739923208
peak_61381	27.7758860235026	-1.98103420052575	0.546070356965653	6.95135333026138e-06	0.000200059231878301
peak_107512	45.9987236430254	-1.42759615365558	0.36897809816988	7.1595547365828e-06	0.000205538883896065
peak_8219	30.9001016654595	-1.57557891894779	0.407289946545889	7.18856291837353e-06	0.00020613952134769
peak_48827	35.3665311651895	-1.638505422541	0.434668202936635	7.28052273302172e-06	0.000207957833090109
peak_83247	39.6069083644646	-1.38498944069782	0.355152111788291	7.36816049481235e-06	0.000210107959165829
peak_31839	28.002598926105	-1.87922256850637	0.511986368822819	7.40680742665392e-06	0.000211091941562536
peak_25169	28.5067802064963	-1.77427157544788	0.470439611794917	7.4265164382239e-06	0.000211535400625298
peak_59380	55.8231387576423	-1.23108383140214	0.315447034656461	7.4584890208294e-06	0.000212327482532668
peak_9088	16.8287169920549	-2.39695087352299	0.648823423158696	7.50275492700443e-06	0.000213230469737039
peak_97236	33.0026203095823	-1.61470938151303	0.423415255568229	7.54424382270952e-06	0.000213813682904206
peak_29225	55.9666258455398	-1.31240154352694	0.339908374727358	7.569542712779e-06	0.000214411502640972
peak_88636	78.4157494415057	-1.05972324937793	0.267404280694115	7.59170708952341e-06	0.000214919920969706
peak_10247	29.2791593540284	-1.94450803227362	0.538378039462219	7.61009467975974e-06	0.000215282572213282
peak_102129	21.4439779213961	-2.11643908351364	0.563401083771365	7.77637077970248e-06	0.000219416735237361
peak_42270	53.9940624440603	-1.23792080138915	0.316627528562014	7.8899986281226e-06	0.000222008537557097
peak_53770	45.4303540802952	-1.32886074546614	0.341107140921472	7.89868481450593e-06	0.00022213036070182
peak_86153	53.7532511083603	-1.33351483002653	0.346787687704612	7.94701871850076e-06	0.000223120427522841
peak_64999	19.4054996905534	-2.06417980047233	0.543481436010911	7.97172785730706e-06	0.000223567940887051
peak_72937	80.0213349567228	-1.0454986974197	0.263393933195529	8.07944735972299e-06	0.000226215652434287
peak_96991	37.9990830133083	-1.53912984213396	0.40375596275923	8.19250819982708e-06	0.000228672300630302
peak_12136	45.9423518206977	-1.35365859639252	0.351636637168415	8.22348365934338e-06	0.000229241409434271
peak_78185	25.3461744001747	-2.10608223571565	0.599609118532008	8.40644358192504e-06	0.000233575440037074
peak_14674	32.759435470571	-1.53664756828191	0.400056210775168	8.45479396240968e-06	0.000234455448187583
peak_76594	72.7493160928825	-1.03626053372146	0.261169158383185	8.46764683288132e-06	0.000234509202292932
peak_60893	24.125407753116	-2.24554925701999	0.659163906969238	8.54672467916373e-06	0.000236314156448938
peak_33439	62.5394765075028	-1.18195890648631	0.303817088977057	8.67133424031992e-06	0.00023911122097185
peak_20347	72.9974954488142	-1.04793228963354	0.265944304140887	8.79001840117829e-06	0.000242122030363304
peak_19906	18.8393495754307	-2.11723423422044	0.565810981361418	9.14123960644823e-06	0.000250847816240242
peak_22260	41.6203960952821	-1.35206234652766	0.351705926604876	9.33564171767357e-06	0.000254674707660409
peak_34978	21.544083178889	-2.00921429356744	0.546753566033798	9.4788855841306e-06	0.000258030144363312
peak_90650	70.3229523314704	-1.23644993772177	0.327552940476772	9.5320901454646e-06	0.000259201679016884
peak_74212	27.9172221493118	-1.71043170091139	0.453342426318577	9.64666165328092e-06	0.000261480431182446
peak_56149	71.1954479444556	-1.04560937782022	0.265998763342041	9.71235294327406e-06	0.000262841840321535
peak_50993	25.1238572600981	-1.82055224430041	0.488912271254146	9.90887798222126e-06	0.000267309022646314
peak_93299	22.6616973081531	-2.34117644767497	0.71877699011697	9.9278522414438e-06	0.000267537777157639
peak_48022	35.3729481237152	-1.5272987854223	0.403458106062077	9.93977240774157e-06	0.000267717504480249
peak_41093	57.8257991961938	-2.99977691121873	0.959003669642204	1.00370687290544e-05	0.000269910330284582
peak_86420	25.7467368342197	-1.89108651329661	0.520102436095183	1.00832304065644e-05	0.000271008743020081
peak_45544	36.0305821505058	-1.4562460089285	0.383434594561182	1.01831932700414e-05	0.000273551260308919
peak_67371	103.29705076172	-1.00019359938055	0.257195453976561	1.04922029850519e-05	0.000281111645504915
peak_13707	12.16696467319	-3.11553454112891	0.840344286266571	1.06240172097777e-05	0.000284046219956858
peak_62411	85.6065670549904	-1.09717575682494	0.287296137734266	1.07470414749577e-05	0.000286884113425233
peak_83609	18.1651085154865	-2.25118685846345	0.62235964963095	1.0812330257514e-05	0.000288475913401155
peak_21981	133.684986055637	-2.00048707372967	0.570255018753415	1.08309509456408e-05	0.000288821582068222
peak_3689	41.6567640061788	-1.31989606769287	0.345122219094958	1.08822979448273e-05	0.000289887587782114
peak_57072	72.8463324035308	-1.14521425882961	0.300251266933861	1.09474242749129e-05	0.000291166079332659
peak_64068	18.2074744266138	-2.34377632319068	0.669868446686878	1.10050617803667e-05	0.000292241708298843
peak_76845	15.8573827615903	-2.33760799024924	0.640685953533261	1.10585362498268e-05	0.000293356154648111
peak_70277	18.2573268891145	-2.05190098013852	0.548616315816354	1.10723651728777e-05	0.000293570260376672
peak_45368	44.7123972333104	-1.31818044864089	0.348873676047069	1.12318566427789e-05	0.000297489580669467
peak_53742	30.2653969515613	-1.86128806832832	0.53169581561583	1.15198693690444e-05	0.000304327492046683
peak_44341	25.3481936403561	-1.77398716247689	0.481868814414543	1.16482458977816e-05	0.000307441441142347
peak_51087	40.7786693097115	-1.62946808735115	0.456612367068818	1.17587861778622e-05	0.000309981693203238
peak_89697	39.5688661873228	-1.70578932189309	0.491302680636007	1.18318553081825e-05	0.000311560298391249
peak_80397	19.406298946523	-2.16314396561286	0.609458779872956	1.19004853622993e-05	0.000312840671598663
peak_10634	46.8960317179154	-1.22783905819294	0.321938208237198	1.20809881618823e-05	0.000316852501245747
peak_37074	32.375502154444	-1.4877620861519	0.396332046073134	1.21696324159902e-05	0.000318849372231078
peak_26974	18.4591642836147	-2.03362940927567	0.551185874876934	1.23521536682041e-05	0.000323071436944152
peak_54166	53.4779098566713	-1.33655139918337	0.361320929515767	1.24470003372602e-05	0.000325114118440343
peak_88781	48.2363187481438	-1.28916623717646	0.342154244219227	1.2547673318772e-05	0.000327240752854685
peak_6498	41.8570751222915	-1.33943635641096	0.354788519104137	1.26933018514911e-05	0.000330362781112877
peak_33299	20.9561310462564	-1.96389204966069	0.538063957491247	1.28688179194009e-05	0.000334418731110383
peak_81945	40.5118913996433	-1.42547648860898	0.382560210455882	1.28681346656081e-05	0.000334418731110383
peak_6259	33.0377150659198	-1.63576030618293	0.451238198268355	1.29564966262375e-05	0.000336183174038344
peak_44407	34.0280813362739	-1.58176125358139	0.434249060756655	1.30131335646884e-05	0.000337480990808343
peak_49821	19.1828415211847	-2.09816331511892	0.571262090305185	1.30277965948518e-05	0.000337687575326243
peak_11306	24.4726021682587	-1.75732657887833	0.478142448520244	1.30423845521039e-05	0.000337724235029745
peak_91400	21.2207414257158	-1.91304351751872	0.525905280088506	1.35633358987138e-05	0.000349792738559342
peak_42264	47.6414396586325	-1.32336505791854	0.356411710911922	1.35980346905778e-05	0.000350510311796663
peak_51928	68.9991600287073	-1.08334704154977	0.283604343277407	1.36096566190798e-05	0.00035063261868641
peak_81531	40.4108619189143	-1.33818459991092	0.356165256789404	1.37188733578627e-05	0.000352911441485362
peak_90764	47.6909230121593	-1.28128595777811	0.34247386579502	1.39253970564499e-05	0.000357143005191224
peak_7895	75.4634387145934	-1.05378982757275	0.276471645664218	1.39460440974991e-05	0.000357313067515121
peak_25112	54.7243435077403	-1.21010636221832	0.322202854871892	1.39635073084562e-05	0.00035758080543895
peak_77977	33.2905537835137	-1.57789051314531	0.435641244457392	1.43629810049918e-05	0.00036560706416401
peak_48999	49.4340123290061	-1.26004584252058	0.336351439327882	1.43930926646658e-05	0.000366008091072643
peak_41678	84.7522531715258	-1.04548429260828	0.276699812855427	1.4487261350152e-05	0.000367707845088673
peak_37845	79.4815972435303	-1.09374949615185	0.291620896141853	1.47226223739136e-05	0.000373270822653584
peak_26935	96.8293828666493	-1.11415196375815	0.300860585505945	1.495565374101e-05	0.000378297152026787
peak_38025	39.7274401061733	-1.39351666785708	0.378231447595964	1.49653896292714e-05	0.000378297152026787
peak_55439	43.8303781743992	-1.24965255002441	0.331751131329312	1.49590543715787e-05	0.000378297152026787
peak_73781	22.5006008751711	-1.81010120571524	0.498401679988397	1.50408933319721e-05	0.000379641082883134
peak_61853	64.8663137137382	-1.04346515795339	0.272995717748162	1.52228784354595e-05	0.000383854441103037
peak_50003	40.310691724357	-1.30605270605618	0.34863411942958	1.53177024116381e-05	0.000385863821719259
peak_46866	39.4644546239176	-1.41109628857248	0.383897128668666	1.54318567557937e-05	0.000388355700173197
peak_96623	19.4546410196256	-1.94254559885319	0.535130774038459	1.55210850384623e-05	0.000390026994144254
peak_23457	22.8713392608812	-1.92745234581246	0.548038700466026	1.58577036523669e-05	0.000397502890078456
peak_79255	22.670550399692	-1.808685281154	0.500274381959428	1.59372818328291e-05	0.000398909303646846
peak_108114	10.5831907618224	-3.07381890382629	0.831106835395135	1.60032379437633e-05	0.000400363635819781
peak_85577	15.6951853726142	-2.19639473528969	0.607290681019133	1.60481891820392e-05	0.000401291306344017
peak_82346	67.0620236863198	-1.03746597616464	0.273084391024896	1.62096513672848e-05	0.000404931545620961
peak_38276	27.7896812362096	-1.63752858428185	0.452084393869516	1.64781826911818e-05	0.000410032514735282
peak_29649	42.5747267070928	-1.41527129708008	0.392415046291849	1.67688359684102e-05	0.000417030983129212
peak_82834	37.0405138778989	-1.40249455770717	0.381580873980775	1.67757923037307e-05	0.000417030983129212
peak_58249	67.8540704368055	-1.25426511927869	0.341602568866426	1.68238255669056e-05	0.000417804104447231
peak_99033	59.5537336747864	-1.34885383883202	0.378568964662068	1.68314759058293e-05	0.000417804104447231
peak_24615	31.6225726278468	-1.61657822159534	0.453989043423494	1.70199250286542e-05	0.000422095278252026
peak_65947	51.4453582619553	-1.22907424408197	0.33318253074917	1.71468158525236e-05	0.000424804447549449
peak_62594	48.8967569520504	-1.23472805440152	0.333319833921105	1.72657991258637e-05	0.000427336909821013
peak_105548	39.2388027528281	-1.45763262688537	0.405100182677122	1.76038550744905e-05	0.000434228425170765
peak_78736	29.1693280423885	-1.64165908612403	0.458143613645842	1.77366245691154e-05	0.000437291847331198
peak_54516	14.0787780427294	-2.40515980356964	0.678894402736172	1.8090542231138e-05	0.000444084923542033
peak_78498	24.4232660112258	-1.74631073525625	0.487192016220674	1.80563807977875e-05	0.000444084923542033
peak_62730	45.0931244122881	-1.25267599630425	0.337430931843392	1.81701689389759e-05	0.000445610501934884
peak_97233	20.297937551561	-2.13730622641043	0.621343155119233	1.82468047922907e-05	0.000447274802471026
peak_3116	22.6787083290976	-1.90411461003376	0.545653655543362	1.83782551549849e-05	0.00044964699527283
peak_98652	19.6791844666267	-2.00295769462333	0.569882988844469	1.88197627857338e-05	0.000458235160168779
peak_4517	25.2651284343292	-1.69859136874411	0.469516355163426	1.89405951771376e-05	0.000460517494373646
peak_30987	16.8977003845295	-2.15026870605076	0.607988934444414	1.89977164864078e-05	0.00046146620904049
peak_50101	17.1131933070528	-2.22572378796272	0.645300994971792	1.91404898993496e-05	0.000464270703143785
peak_95091	44.9681266236856	-1.40283567112107	0.396055257148983	1.91316964008968e-05	0.000464270703143785
peak_57247	48.4613947060866	-1.1999820149693	0.323004420012364	1.93873092024688e-05	0.000469810526139294
peak_63083	78.3116658448528	-1.12072320733925	0.307211460172637	1.94301836400327e-05	0.000470402347137088
peak_67627	61.1056723823598	-2.47108697928453	0.784200202988956	1.96502517317535e-05	0.000475278811572668
peak_43073	17.8872243765369	-2.11496043943059	0.603331382020399	1.98774240482544e-05	0.000479862851574005
peak_53615	78.5763785919491	-1.00194307757285	0.267874584973195	2.03764687084902e-05	0.000490083703978469
peak_42200	45.5437152218173	-1.22669123625328	0.334109626263902	2.09084712789082e-05	0.000501193848907576
peak_91456	27.1623183478106	-1.73209893483195	0.500537632183103	2.09714586628921e-05	0.000502231466127861
peak_17225	193.465179046257	-1.60806357137233	0.469663101431629	2.10352455807163e-05	0.000503050202241275
peak_2880	39.4094281396439	-1.40354985685328	0.391071771627443	2.112471687651e-05	0.000504716407997066
peak_8667	49.6776734211612	-1.32610271977029	0.371731455706529	2.12309992275273e-05	0.000506780770887035
peak_16738	55.6561935206714	-1.1269141749299	0.304291111713981	2.13280996096762e-05	0.000507435598086304
peak_33009	19.8040205713012	-1.95703845104143	0.549717873310692	2.13230473881073e-05	0.000507435598086304
peak_11368	40.394307560612	-1.48434949744518	0.425388993209252	2.14329988687467e-05	0.000509693507612836
peak_60984	26.6552713313407	-1.85290537521066	0.550356192551401	2.14756188958318e-05	0.00051046895339062
peak_96614	25.4404218618516	-1.78105211670317	0.514322392390855	2.20577127428023e-05	0.000522842650815675
peak_15604	37.1876749124073	-1.41704503426695	0.39803677457379	2.31033829415404e-05	0.000543874328547815
peak_20292	22.6059439544236	-1.72494178586207	0.486294237835596	2.31050052099511e-05	0.000543874328547815
peak_559	29.7743175734165	-1.5748255963521	0.448485287434515	2.33660970604595e-05	0.000549006370840823
peak_96018	29.7926894028983	-1.67465039072802	0.484613774411795	2.33925905742006e-05	0.000549375690012065
peak_82978	53.7907696327937	-1.30999578617231	0.369637754891582	2.38977735454446e-05	0.000558922881645889
peak_14511	66.7291596791394	-1.05270766161802	0.285950390448554	2.39877643379417e-05	0.000560177837082994
peak_34724	24.937008829355	-1.66662288571445	0.471656172648288	2.4062466287014e-05	0.000561486913551348
peak_26980	45.4921356467383	-1.37800878053277	0.394555150226237	2.40972247526874e-05	0.000561783768285559
peak_106614	17.7884257891495	-2.25940869627235	0.681724005510435	2.44590808355883e-05	0.000568919112902967
peak_82383	59.922629825761	-1.13239181386831	0.312004123891339	2.44941054346717e-05	0.000569473989827712
peak_5075	35.6796273822481	-1.44361874498106	0.411414819673013	2.50016497680497e-05	0.000579530679225347
peak_75820	45.9150184973538	-1.21493205236884	0.333895583273211	2.50213510184062e-05	0.000579617720592667
peak_31822	83.8908956336311	-1.05635310188983	0.291304904964392	2.50568455032658e-05	0.000580176350967081
peak_73871	52.9277105389192	-1.13457834977975	0.311636612859898	2.50905207728167e-05	0.000580692370459751
peak_75083	15.8350074589352	-2.05584532382832	0.583788298524145	2.55979797889863e-05	0.000591095379312162
peak_13260	21.4457694084139	-1.93190890617821	0.570927167386776	2.58097352310334e-05	0.00059517646336023
peak_18986	29.5578087134933	-1.48963918672804	0.419066474964615	2.58877286754893e-05	0.000596705123982142
peak_104367	17.2769952818377	-2.16631692111154	0.627098249685929	2.63708086007287e-05	0.000606195693109448
peak_6455	38.7584071278194	-1.30324127368113	0.363749001564474	2.65895890604326e-05	0.000610674228754603
peak_21656	44.4921039043735	-1.29305212858451	0.364735940741821	2.6794906417421e-05	0.000614765033582039
peak_12930	56.3296773011018	-1.16968001189359	0.324653348876329	2.70407773101461e-05	0.000619362566008584
peak_1147	29.4209985426909	-1.52434854945432	0.434731249217526	2.71038967933226e-05	0.00062025102419405
peak_75636	26.6542803346311	-1.5449996664669	0.440069171980689	2.74091494605093e-05	0.000626393049929864
peak_22004	79.3182431673676	-1.07783781094901	0.301608062650614	2.77925432367053e-05	0.000633451322962296
peak_86057	29.052754639494	-1.54172726749058	0.443620154266097	2.83584796848006e-05	0.000644536097457632
peak_20090	19.6695296540536	-2.17340899638809	0.700732146453377	2.84213035254949e-05	0.000645473755701952
peak_21039	46.3336767787832	-3.03018217652962	1.08791235764611	2.85258174386033e-05	0.00064755891715255
peak_83185	19.7961439300085	-1.8005679255498	0.516623910987503	2.8769071320348e-05	0.00065173330268461
peak_40905	35.1765429629405	-1.48440036450631	0.430682579736444	2.8802119834824e-05	0.000651799770039209
peak_55571	68.0552578082895	-1.06813287247577	0.294995030514614	2.88888601833866e-05	0.000653182893707383
peak_36188	53.5026672114068	-1.13196013256308	0.314619797166267	2.92513727678939e-05	0.000660793306133735
peak_50793	34.6497575819529	-1.42481212348003	0.408775849173624	2.93444999199772e-05	0.000662603486678457
peak_5552	53.7813566786723	-1.35368598748395	0.39600721339044	2.93672721509448e-05	0.0006628241424914
peak_51927	52.2016544344302	-1.14678113564932	0.31887789351136	2.94299236756243e-05	0.000663650636234135
peak_61719	45.0685417101963	-1.19168195949839	0.331768615068569	2.9834853516271e-05	0.000671890389302382
peak_18982	44.7688157751481	-1.25241226722972	0.353661239037209	3.00522673612523e-05	0.000676487816194619
peak_93384	40.7292064712971	-1.33482098312874	0.380466712594633	3.02655053169044e-05	0.000680386708151537
peak_18321	39.5816055733225	-1.39563867637639	0.404604095600677	3.03926210984766e-05	0.000682943225794152
peak_80498	24.9592283451397	-1.74578637993463	0.518141153407087	3.12807687970102e-05	0.000700430952079211
peak_100871	29.8479754612411	-1.64782618291482	0.49239323397828	3.17771398249792e-05	0.000710921128177442
peak_44705	110.717296408803	-1.05988335265122	0.303154224516402	3.19852884686162e-05	0.000715263999061783
peak_47721	46.0007608164437	-1.37786705954325	0.40620292548705	3.23389686188967e-05	0.000721590658207031
peak_59412	26.8020438988212	-1.52785025758632	0.438587268405119	3.24732769049124e-05	0.000723511341524568
peak_96490	45.0958650747369	-1.23421640825364	0.349773722847932	3.24959983542788e-05	0.000723511341524568
peak_41310	58.8239742469855	-1.12446670015017	0.314981739148956	3.26934757405488e-05	0.000727272929366327
peak_45564	23.3816639606367	-1.63884208284221	0.471258104193442	3.28880544135618e-05	0.000730326804150637
peak_30578	23.6901381079858	-1.66308730648595	0.48302321609994	3.29993642887549e-05	0.000731842360864052
peak_10069	31.8094615276679	-1.6471344906106	0.492323692403513	3.43674052643609e-05	0.000757568752619413
peak_18073	15.9280125770868	-2.04310735819595	0.600584766691214	3.59287886354446e-05	0.000786545821110682
peak_72668	29.2032432669838	-1.46571379517804	0.424307914850363	3.67110781911778e-05	0.000802637664088934
peak_86659	44.4430054534105	-1.20272016548375	0.341288773631506	3.67594433801425e-05	0.000803350613021837
peak_27386	22.2622671700585	-1.92081624983909	0.583779406101178	3.69939073139904e-05	0.000807782166300264
peak_60177	28.1750284666114	-1.48968035662916	0.433899099265204	3.70897568893273e-05	0.000809182004603869
peak_101471	17.152687245363	-1.9979383154665	0.598642628039117	3.85612324777078e-05	0.000836987228228358
peak_16541	50.720928880674	-1.16520178082587	0.332916880875533	3.87794444382092e-05	0.000840649980495975
peak_3370	78.2098524052992	-1.0843311266507	0.312199635486262	3.8895716834441e-05	0.000842812162567279
peak_37975	21.836662511815	-1.94943066584529	0.601096216283867	3.91174844098724e-05	0.000846179066661754
peak_29896	24.1214605839575	-1.65257441019669	0.493037971370718	3.93578849684782e-05	0.000850297086018148
peak_94399	48.097253921675	-1.14840148847099	0.326852075271159	3.98150853700267e-05	0.000858272385787615
peak_38655	12.9564656258063	-2.35954970160473	0.70466471359403	4.09124115061331e-05	0.000879039280679183
peak_25743	37.8255011766634	-1.28997798649638	0.373431230279633	4.17291163638384e-05	0.000892817161535251
peak_103251	20.7649292642502	-1.81219213638411	0.547645305452181	4.19342721823941e-05	0.000896085834656975
peak_34938	42.4772524715055	-1.30600507972008	0.384285927719075	4.2084187427207e-05	0.000898160058670395
peak_37419	16.6581961825436	-2.04529627513954	0.625106319542257	4.21139436124062e-05	0.000898419049800059
peak_38848	38.9573674351108	-1.23175544437345	0.353377058751811	4.25202625995717e-05	0.000904815571327947
peak_57259	16.138835226445	-2.12416408165134	0.662059656064465	4.31683092424494e-05	0.000917457030027313
peak_43550	12.8566093547818	-2.24577063436925	0.666587380462411	4.3424108774412e-05	0.000920947348812258
peak_13050	22.9649212637199	-1.64735956312882	0.486131477073443	4.43892919059193e-05	0.000936380818003807
peak_61672	21.5901925658227	-1.9435602010113	0.608620131133413	4.44829234396583e-05	0.000937580130010094
peak_63783	31.4828289744111	-1.39550876888256	0.409736952186862	4.4558773092443e-05	0.00093879074582285
peak_59707	25.3363799101362	-1.67918817732123	0.514162007630134	4.46531430949195e-05	0.000940002127926327
peak_102880	23.3929551176321	-1.56974945868667	0.46137424340912	4.48447263818417e-05	0.000942090325218204
peak_7667	22.875937697371	-1.70126702690012	0.516502537196928	4.49160123314856e-05	0.000943199260598487
peak_99711	39.0513202349868	-1.28928847953369	0.376443610163504	4.53601586648518e-05	0.000951305613982077
peak_73834	33.7538343041513	-1.35398104034421	0.39459255118717	4.54596707297296e-05	0.000952262437069019
peak_60720	21.1688937398942	-1.75644138543812	0.533826317855951	4.56750812157568e-05	0.000955989199863127
peak_15603	25.5669997589763	-1.51494706025708	0.445935274729159	4.62756954573524e-05	0.000966972380569085
peak_104954	31.8048315491617	-1.45623158571123	0.433478345060159	4.64575399785502e-05	0.000969580079143005
peak_8974	33.5256804663204	-1.34142720168719	0.391351784727242	4.72799299116129e-05	0.000984326054092894
peak_85796	17.2348163958771	-2.01897102407088	0.623277840750159	4.7528709196762e-05	0.000987891874075053
peak_33100	42.0706290313161	-1.1940051148247	0.345053666702902	4.78526576424431e-05	0.000993410261627689
peak_29484	118.178913315705	-1.72902892606816	0.553346729848751	4.80198990681532e-05	0.00099647642404919
peak_72505	17.1439475077227	-1.94749242701078	0.588633623720754	4.81144552894333e-05	0.000997661138148315
peak_63883	20.1125412013372	-1.88648226887027	0.590166421879949	4.83912215735938e-05	0.00100214249518735
peak_214	28.4930426051785	-1.51551864114964	0.453839206868014	4.85575733067362e-05	0.00100477127947129
peak_43825	22.9444980106237	-1.59690031083912	0.474340574265394	4.97608660191933e-05	0.00102645040920835
peak_60980	34.2523761328203	-1.44888654452049	0.439952603679999	4.99667627351426e-05	0.0010301265806878
peak_96965	28.2348671972308	-1.45984308972445	0.434499468714702	5.00051639117075e-05	0.0010301265806878
peak_36844	33.6311514052662	-1.50896108965199	0.463909941991174	5.03573595989251e-05	0.00103654434255583
peak_2046	58.8220572376967	-1.06092685073749	0.305383021370729	5.12712656256953e-05	0.00105276199534944
peak_8483	10.9331944917939	-2.69154651713755	0.815826682732829	5.14469223470068e-05	0.00105556248804205
peak_35196	65.4745602252382	-1.03021549355863	0.296198811420709	5.16970565883563e-05	0.00105984162734778
peak_11457	29.4893744340764	-1.45974336084146	0.436745779561698	5.19205017003641e-05	0.00106170860033934
peak_46822	41.4680126962525	-1.19778818123007	0.348871494484461	5.20041452671648e-05	0.00106271877779225
peak_81554	25.6314100584166	-1.60570660483735	0.49091842616657	5.20924642490712e-05	0.00106367095803089
peak_89033	56.6320944858354	-1.19412662117677	0.357520392823982	5.3230569249833e-05	0.0010830063063735
peak_17649	34.1613457131344	-1.42290092755164	0.432437133131451	5.33362583971451e-05	0.00108472376172192
peak_10579	33.7437641654015	-1.31839673948196	0.38952162886987	5.35407226725111e-05	0.0010871807115033
peak_51724	63.3587096032385	-1.06349776498886	0.310229675277107	5.3542359992641e-05	0.0010871807115033
peak_47738	36.8184092536585	-1.30729378216936	0.38880612477547	5.36062069790408e-05	0.00108787305973402
peak_19277	65.5725670112822	-1.03159084865881	0.297354469719525	5.36673776532473e-05	0.00108841882141148
peak_69549	29.2204758555002	-1.43502511470711	0.428927168700717	5.38069049017215e-05	0.00109081465340723
peak_91605	31.4189679996292	-1.39917484511266	0.417678460469242	5.43209585069066e-05	0.001099923904064
peak_95896	32.8705971537772	-1.39567348139713	0.420006184776253	5.45827013064946e-05	0.00110259651696233
peak_81600	33.1562853434454	-1.34898578245422	0.40247321894272	5.52470930639483e-05	0.00111293097074613
peak_38727	19.4502990374448	-1.94447521458006	0.62287232263696	5.59425083555786e-05	0.00112471795387127
peak_6473	40.8483302033932	-1.18582305257165	0.346823712601266	5.65632298898964e-05	0.00113451331202449
peak_45037	41.948422394268	-1.15781322566214	0.3374545240483	5.67566827222731e-05	0.00113749851622556
peak_25162	49.0971572468312	-1.13942106550544	0.334654845778372	5.68266016075186e-05	0.00113755834690261
peak_94391	27.8066410674048	-1.41149408977737	0.421537121872434	5.79485491367877e-05	0.00115774479870229
peak_24782	23.7207546839872	-1.63187942277883	0.499641511266965	5.81087262983938e-05	0.0011600358336139
peak_31123	48.721715862888	-1.14055672454154	0.333339384109803	5.94929806096235e-05	0.00118257665082349
peak_71320	61.629937574609	-2.00432561841371	0.681032935099322	6.0489564872049e-05	0.00120051419017761
peak_104368	25.8251558539546	-1.55312425030441	0.476085274185558	6.16977762759298e-05	0.00122211453815251
peak_46322	29.7404498326305	-1.46861391305162	0.453222746589502	6.23070223227007e-05	0.00123226758733329
peak_8962	19.3810788517174	-1.76798856040065	0.544752329268815	6.23718884120437e-05	0.00123307216075086
peak_105989	65.0096733367865	-1.02343743071544	0.298615172270538	6.27305061759164e-05	0.00123920092517833
peak_62672	22.7699023109769	-1.59845703453285	0.488699491237329	6.30728048872157e-05	0.00124548025948086
peak_41891	25.6793655554572	-1.55632903311225	0.482689822350959	6.34822872402123e-05	0.00125259593546032
peak_48126	48.0827580131396	-1.13811829479761	0.334382406927332	6.49847883670765e-05	0.00127927197671188
peak_74213	23.0172057526615	-1.58701122128143	0.486383110972533	6.49796914627391e-05	0.00127927197671188
peak_33443	20.1696559527735	-1.71802471049523	0.532388425348229	6.54360339552243e-05	0.00128666472319362
peak_78458	46.1370789164217	-1.11096296599106	0.326807141950993	6.58213938490028e-05	0.00129224858944369
peak_24821	46.1468502205571	-1.20446136776705	0.364725861339854	6.64488843329118e-05	0.0013030626217684
peak_10480	30.644872068982	-1.59749308030391	0.519428264038756	6.68160591213753e-05	0.0013094301739466
peak_45551	73.5040652241694	-1.0531429498227	0.315296552361349	6.70154675299412e-05	0.00131265871205593
peak_40990	19.8720920096783	-1.71913118813917	0.52709415798547	6.73351410360864e-05	0.00131740195735453
peak_99704	18.9249865413272	-1.84847588675404	0.590627022034669	6.76601853540558e-05	0.00132251002101796
peak_5608	40.7114448253059	-1.35332164539252	0.425729839747098	6.82904698035259e-05	0.00133098543325786
peak_61954	99.4080711370003	-1.01845454799653	0.306721187610129	6.9376273200971e-05	0.00134817812393635
peak_35032	28.8272876915496	-1.38110431276736	0.419361130080002	7.0653244604909e-05	0.00136970582867905
peak_13804	13.8326232253385	-2.06645537292273	0.64249979368339	7.21344803695051e-05	0.00139418067328263
peak_66077	53.4576476673715	-1.06246645230464	0.314118212545186	7.3716192696235e-05	0.0014199069893503
peak_91256	41.8432355344624	-3.14072859181896	1.27965970343882	7.38969582514574e-05	0.00142231419909732
peak_14097	18.7779372053476	-1.82079898222857	0.574741101976754	7.40705325875776e-05	0.00142457946982657
peak_41875	32.9684850553893	-1.32724030772681	0.405235303655143	7.49773378843301e-05	0.00144038980760002
peak_31838	20.3319617071611	-1.72298308795154	0.548677511472167	7.56077814141132e-05	0.00145195417822221
peak_93704	13.8131358052022	-2.05873636289952	0.64323114875185	7.76438584171623e-05	0.00148545957420542
peak_7914	20.7276563678429	-1.79268967407913	0.576934590058939	7.83142500752256e-05	0.00149603984800879
peak_45835	38.544648024631	-1.42521917850819	0.461328418004758	7.87523690425273e-05	0.00150215798279173
peak_9060	46.7963430424405	-1.07778036533071	0.321133862914091	8.07942737756463e-05	0.00153479017985287
peak_8425	23.1303216258485	-1.72401094259394	0.561404867679623	8.10749076721234e-05	0.00153897440155282
peak_103257	49.7783744064091	-1.11411361840455	0.336416497421042	8.11361578004819e-05	0.00153922654586871
peak_102960	16.7980985829585	-1.9442733112676	0.63079441713744	8.1760743475911e-05	0.00154910935223441
peak_45716	23.7885199627405	-1.5386291652263	0.479552566670723	8.36858101716348e-05	0.00158050271689382
peak_80075	52.7837286009242	-1.1272456772253	0.343043271037163	8.36966487979702e-05	0.00158050271689382
peak_60752	41.7135491193863	-1.23142193772504	0.381392093600461	8.37342622261165e-05	0.00158062758010395
peak_39530	51.4638260049713	-1.07801355749976	0.324811666355195	8.38132361321818e-05	0.00158094770900312
peak_46311	15.9783118020614	-1.98005296328712	0.636073975140373	8.4720261533707e-05	0.0015945172589729
peak_52076	23.8670620223356	-1.56914717134231	0.499090235452292	8.61563806100366e-05	0.00161439515684797
peak_21881	52.0064413626486	-1.15528928235535	0.357065135619512	8.79349845000959e-05	0.00164111042921414
peak_20096	24.4295726484159	-1.48312560176657	0.461908274895244	8.87100779860245e-05	0.00165373749038225
peak_39685	39.2798884842074	-1.32197361268446	0.419807240696935	8.96100099797863e-05	0.00166564198644892
peak_31091	20.624720750716	-1.85541480511183	0.628451253567198	9.00354154190211e-05	0.0016723299419141
peak_22580	19.3220431011074	-1.643795913991	0.517337222464568	9.09364605567248e-05	0.00168660835865594
peak_80852	32.5095311703243	-1.43530320688381	0.454916242635489	9.11652713075573e-05	0.00168881340779279
peak_100326	19.3408044659841	-1.6755882541671	0.533115838891262	9.11508879012806e-05	0.00168881340779279
peak_64061	25.4870936121558	-1.44077610041185	0.451187750083444	9.14483552915232e-05	0.00169179457289318
peak_13261	13.0470537212967	-2.07094909761048	0.657068929895619	9.16598021017123e-05	0.00169447667511164
peak_97581	47.0993304357101	-1.23187536748219	0.388760997620032	9.24876825128399e-05	0.0017073052065893
peak_104110	44.9174179226923	-1.09820825816406	0.331644184113053	9.267950094293e-05	0.00171022693994796
peak_36255	44.2904132101828	-1.23185728620869	0.388440067801302	9.33907092642376e-05	0.00172210441321751
peak_28530	48.2264921082417	-2.46568920117733	0.954122988980918	9.38745410556541e-05	0.00172918650368294
peak_64541	28.6277901109996	-1.48444334379052	0.483710715403709	9.69684475662025e-05	0.00177906918589795
peak_73013	72.0889659412133	-1.00736188287582	0.306280992329113	9.72845321531694e-05	0.00178358473799407
peak_94374	49.6629601362953	-1.05939459209504	0.320643946055433	9.74027013180767e-05	0.00178446788695776
peak_7931	22.5596810683388	-1.57640134670955	0.508261391467969	9.84754683220592e-05	0.00180088602147364
peak_57690	14.2784931904046	-2.04807514335668	0.657173149766755	9.88753545675685e-05	0.00180690280572833
peak_98209	56.4895061222373	-1.06431641072939	0.325956927531276	9.92074019514166e-05	0.00181167213320019
peak_106196	41.2158487446503	-1.11759940891206	0.340303550536541	9.99035085954405e-05	0.00182177406625434
peak_98688	14.3479313831387	-2.03252860273899	0.653355370651229	0.000100327014377668	0.00182753596107888
peak_80047	22.2896275520013	-1.70671293049184	0.567055338503641	0.000100473197647796	0.00182954516259661
peak_55749	47.9205913370061	-1.0954451691726	0.336744091719138	0.000101294640536557	0.00184252891273525
peak_10763	17.3646902387324	-1.7371456918533	0.55520823488917	0.000101433836507048	0.00184437855135534
peak_60625	74.4301565931979	-1.05618857883105	0.327183505127535	0.000102720589867503	0.00186381209785925
peak_5983	40.8146134646287	-1.18642193103338	0.369003896728695	0.000102977402663076	0.00186780713346837
peak_20456	20.4834168099743	-1.63734061701121	0.529811117765366	0.000103316483033648	0.0018719595607511
peak_29936	23.5673842184758	-1.62836832133244	0.539551392790427	0.000103301078505549	0.0018719595607511
peak_89557	17.9500211430283	-1.79768671227546	0.593643380817452	0.000103709865661553	0.00187775256058947
peak_98347	18.829801250822	-1.93886595399132	0.674646637957346	0.000104325763932607	0.00188756330726328
peak_52446	20.1204372626223	-1.66068593020932	0.539980869542038	0.000106622825917882	0.00192502528408255
peak_10220	27.4884475370518	-1.44964052891429	0.469020383440991	0.000106822622846386	0.00192726760383787
peak_57426	40.3635977933737	-1.16580828113382	0.362697102150814	0.000107618851902562	0.0019400338364555
peak_99473	36.3573691276558	-1.40207256718933	0.461568968563799	0.000107945876270843	0.00194409341135472
peak_1986	21.8154873292553	-1.60058269757186	0.523319563273211	0.000109799934560642	0.00197399840039101
peak_24547	14.6395638091522	-2.052636407255	0.671293294520158	0.000110189189886507	0.00197971717905243
peak_9800	20.4811688811818	-1.60327423364341	0.516340168197668	0.000110309618323066	0.00198079038965371
peak_86531	41.4058043359518	-1.1958401966628	0.377929598686991	0.00011203611248702	0.00200994835723547
peak_57028	33.2474873360643	-1.32593009322952	0.426567151845932	0.000112387355925667	0.00201483183165474
peak_7920	41.3045983748696	-1.13696489589953	0.352074031536462	0.000112746794503607	0.00202056522480173
peak_21939	56.2178004673915	-1.10671503730086	0.349730615199922	0.000113913199937741	0.0020364580687327
peak_39759	29.9234780216838	-1.38439658878508	0.446040488986117	0.000114148635269852	0.00203876622719893
peak_96184	75.8033674713996	-1.00811746391396	0.3141807884824	0.000114111935528282	0.00203876622719893
peak_7927	40.9095590334043	-1.13988065683012	0.354339626803692	0.000114754311565575	0.00204504135948354
peak_22002	43.1343305848632	-1.09313793618602	0.337521460370591	0.000115698886714049	0.00205684220292973
peak_66341	57.3217467635855	-1.00023066887467	0.306574828811832	0.000116352139204507	0.00206557457154631
peak_98953	31.3513595044497	-1.29660105556005	0.410503207857387	0.000116661571005086	0.00206945449202183
peak_37777	46.9941605999537	-1.09438798198033	0.340867743932083	0.000117411820814552	0.00208004138153257
peak_960	17.3535929886834	-2.01938179585657	0.721628516009161	0.000118041445741989	0.00208847017666785
peak_97835	308.226019709215	-1.3522875959389	0.450677768597156	0.000118051446458964	0.00208847017666785
peak_31513	40.0196822645604	-1.16043429817537	0.362489997382222	0.000118507778180864	0.00209218752712241
peak_55008	46.2398925941159	-1.13010468843933	0.355454467899741	0.000120422802255419	0.0021164691471199
peak_57949	19.6477377794766	-1.6760030010571	0.552768824999439	0.000120878286704339	0.00212301079087408
peak_54411	34.5068642900807	-1.24834157235445	0.394580817644727	0.00012164533634132	0.00213354286848936
peak_83083	21.4538054943882	-1.56804475876714	0.510081942857892	0.00012160914483088	0.00213354286848936
peak_99450	26.4970180666077	-1.47625503726679	0.485282422413039	0.000121746685718898	0.00213458614788987
peak_31995	44.3116430342656	-1.07944250150887	0.33296202615409	0.000122177674388146	0.00213712119614128
peak_837	60.6746820879929	-1.03596516191633	0.323257990685218	0.000122906776331149	0.00214533546662785
peak_20123	35.0111040733619	-1.29266712877378	0.415930447031762	0.00012379956341694	0.00215739134636091
peak_97560	22.8950478583761	-1.61271805614364	0.534377795166181	0.000123856124773999	0.00215747467636731
peak_67377	30.8933885171251	-1.43088389906797	0.479741158502463	0.000126480779492041	0.00219196091882433
peak_49684	18.0989654859112	-1.75972227369493	0.591793318479573	0.00012927995047067	0.00223405026522357
peak_101560	13.9440295966334	-2.03883106339495	0.685216915371489	0.000129532591349628	0.00223724549544449
peak_97234	30.3356986911782	-1.30028483820571	0.415138246718832	0.000129849096048096	0.00224139498184769
peak_63651	17.2629271926075	-1.84679883754063	0.639004114893655	0.000130127116457843	0.00224461185355098
peak_73197	51.1831336967251	-1.0339282571822	0.321643683737587	0.000131091222689332	0.00226033719311407
peak_47568	52.1928497766958	-1.02111979005785	0.316787369495899	0.000131325443425521	0.00226361022937579
peak_37761	26.0777505851719	-1.43980658790917	0.470929338153483	0.000131575876048239	0.00226639446493092
peak_26158	15.6841817670752	-1.86209798874684	0.625615058560766	0.000132013170936448	0.00227066350871105
peak_105974	51.2413015877721	-1.12187056680892	0.358398345794865	0.000132107610046879	0.00227067876243084
peak_21488	28.3212474945801	-1.63767290123498	0.599322100207955	0.000133201792988472	0.00228053277948632
peak_44548	58.8132139935517	-1.03399185920571	0.325844760520599	0.000133935099140027	0.00229154864589041
peak_9674	19.7296473151482	-1.66250906436889	0.560389624128988	0.00013399190897416	0.00229175158368216
peak_70423	23.4407163727347	-1.62153729148719	0.558682677630625	0.000134064124164114	0.00229221778492002
peak_37528	12.8944068473626	-2.03040358697484	0.673916151007157	0.000134911830862442	0.00230516575346932
peak_76995	28.923040063094	-1.33727580111055	0.432123658585709	0.000135344928667956	0.00230829513433171
peak_25659	20.2238236012457	-1.66646651999805	0.565741188757027	0.00013673478506578	0.0023254035194676
peak_91654	43.5409530281325	-1.20365472690027	0.393123305430745	0.000138910674167233	0.00235847473629389
peak_4696	46.4095133981979	-1.07906617099094	0.336768172200054	0.000139627541741043	0.00236828005429435
peak_21487	38.3677517846884	-1.17157783118477	0.373481581992101	0.000140348800886432	0.00237594768102115
peak_98754	50.004549453131	-1.01546374823597	0.315709172691589	0.000140279899386276	0.00237594768102115
peak_85310	15.9972813322578	-1.75691855701423	0.577538831907347	0.000140634071894768	0.00237902083265648
peak_94035	50.9776556479991	-1.00285625224178	0.311644949529936	0.000140945215337727	0.00238349344915734
peak_100468	49.1864350852952	-1.03637942415507	0.324907858983718	0.000141574622754388	0.00239175736108524
peak_61958	54.6930220903178	-1.12570655206364	0.364382198160728	0.000142568683844363	0.0024069559319499
peak_83039	42.4016960501344	-1.20555034628701	0.394113663179007	0.000143921324501509	0.00242441954553222
peak_41304	35.8323430647185	-1.28977895090106	0.42731006719342	0.000145116232865443	0.0024410743150371
peak_3325	30.2243390034524	-1.37477853587633	0.459345045123596	0.000145712067498407	0.00245028874454941
peak_71250	18.9386571064642	-1.66926218397174	0.562280872968459	0.000146851132045459	0.00246294467712821
peak_11369	34.921739624107	-1.3450338737012	0.456123444511108	0.000149681612019694	0.00250476346247341
peak_14081	34.7163985620296	-1.25146526954002	0.408942454648079	0.000150369776324493	0.00251368964448545
peak_6582	21.6141786534888	-1.49078316467439	0.488351155649543	0.000150728150344791	0.00251885462913128
peak_78471	17.7226808809126	-1.67660977568336	0.562131224147246	0.000151412602659431	0.00252697969204378
peak_37520	36.1342678599136	-1.41574588949313	0.497580896675363	0.000153677731912736	0.0025589199344555
peak_46539	26.1199672996153	-1.45598578024152	0.492277684447768	0.000154500078760121	0.00257093375184841
peak_69585	20.2421256095988	-1.68359889324484	0.585309852797226	0.000154691275333082	0.00257096036673422
peak_2844	25.5516827272348	-1.35038519312281	0.440896715070162	0.00015712330444786	0.00260438517574077
peak_83950	35.0264228065316	-1.15724545871209	0.371002600044879	0.000160665113103311	0.00265360267466324
peak_69102	23.7562608756215	-1.46986394756702	0.491374725617977	0.000162862409251933	0.00268294113024848
peak_72164	26.8191389267252	-1.41647883602797	0.474997822258984	0.000163008427147134	0.00268447922045341
peak_61283	55.4686367966207	-1.12816713061983	0.373978645862871	0.000164721091367828	0.00270918373047745
peak_36817	23.1466778214725	-1.51237667351079	0.509633535434724	0.00016702588504885	0.00274090176218239
peak_79820	20.6646357656441	-1.54925753544763	0.524280950991524	0.000167731498688621	0.00274894188111154
peak_35310	32.0821493201575	-1.34864428467232	0.456860888548064	0.00016853960753561	0.0027586389822827
peak_16693	31.5843947495693	-1.22731847696656	0.399632225281675	0.000168884061115932	0.00276338983955613
peak_90153	20.8667641550674	-1.55039818646983	0.525057292055947	0.000169578510277118	0.00277208397723281
peak_25168	11.0856900260694	-2.21401309477126	0.759612802090973	0.000170872012242461	0.00278875813578557
peak_97014	34.4280481668768	-1.30957072402196	0.443752403131546	0.000171301325597763	0.00279397157147726
peak_55013	50.4561305325087	-1.19467074942887	0.407456095399846	0.000173216737397672	0.00282070538899958
peak_39665	27.7551268472141	-1.29548695413511	0.425002025757863	0.000173778259470646	0.00282714050330898
peak_67503	18.5644018195736	-1.80787926615784	0.664763974386325	0.000176022362798926	0.0028554489944849
peak_81817	40.0257191376328	-1.13602571835774	0.3680763712884	0.000178150512831963	0.00288263473413217
peak_83243	29.5140536307008	-1.31640555444153	0.439677360544568	0.000179924892915756	0.00290263413345159
peak_36482	42.2602133503025	-1.13451033655714	0.372299266942323	0.000181307061207902	0.00291796774707895
peak_48050	31.6690719941755	-1.24997791537227	0.413758287404981	0.000183371951516927	0.00294469364410773
peak_73979	30.8061516179997	-1.29211880113784	0.432217263038779	0.000185451105174697	0.00297339938630098
peak_65475	29.4880246160819	-1.3847892296818	0.479665707384913	0.000186370836913406	0.00298532940335121
peak_44964	44.0034350449223	-1.04488945796436	0.334612030022145	0.000187333846499605	0.00299698886025381
peak_77707	36.1794514565032	-1.22471004929422	0.405640320755755	0.000188105127430222	0.0030081431426855
peak_6293	20.9970469967507	-1.47006815712003	0.492567089562245	0.000188702308517981	0.00301509743093005
peak_77596	26.4676949789568	-1.3386592545126	0.446356519063347	0.000189125397438392	0.0030209108752487
peak_25658	34.5414613061267	-1.23348923419033	0.413021077936798	0.000189194939104178	0.00302107521614958
peak_87273	25.2414951367238	-1.47628862257551	0.516031095373055	0.00018941935994089	0.00302264659175483
peak_84140	30.9010081839688	-1.30722476656554	0.440883713575975	0.000189817586280751	0.00302627875363051
peak_20416	31.723394486665	-1.27978714399494	0.430208397212179	0.000190722064828959	0.00303784917131187
peak_100310	17.4014995502619	-1.69743871598827	0.591981720301579	0.000190924749198224	0.00304012781468477
peak_208	25.1214368800833	-1.39881714627467	0.475744394989194	0.000191180008563861	0.00304324193463534
peak_13688	38.3048225528475	-1.20940549300416	0.407457189618591	0.00019242258317036	0.00306111008596691
peak_69582	14.5173843919158	-1.89291033767116	0.674476200486413	0.000193846190611925	0.00307799497805655
peak_68204	17.1133063629816	-1.66514328236327	0.571158867771891	0.000196739320182082	0.00311616992196447
peak_37982	17.1113742079445	-1.82134984751138	0.657860398035191	0.000197244497078243	0.00312320121988549
peak_2511	21.6473121348653	-1.49403685471083	0.510985773112385	0.000198615314012377	0.00314100508692154
peak_19632	35.9516945537967	-1.13985909209872	0.371804146334142	0.000199165533954136	0.0031487298958715
peak_78460	22.1796709896041	-1.42024580069033	0.477604079070576	0.000199958356351372	0.00316028417759798
peak_31516	57.8542713824587	-1.0859644960816	0.361518790660624	0.000201714240701192	0.00318113277958274
peak_72466	73.608313059062	-1.75898331614552	0.669763537193066	0.000201997860355318	0.00318462056526786
peak_39670	49.000405505387	-1.02013875669653	0.330218932453931	0.000202937403644654	0.00319745564345683
peak_40849	36.5144325215232	-1.14851191685856	0.377469920770395	0.000203577465974351	0.00320372344490538
peak_107040	28.4913382173805	-1.30716571665018	0.438414120007335	0.000206772896603818	0.00324485161780309
peak_15335	27.8174332638499	-1.32029621199902	0.448396296322714	0.000211963288350239	0.00331176692117084
peak_30714	18.7071181650885	-1.74929151263001	0.644609924321958	0.000212011282130421	0.00331176692117084
peak_22661	21.6697116303415	-1.42952930612621	0.486607288138085	0.000217629917309045	0.00338295090363384
peak_47514	15.7519184682237	-1.73635337310348	0.610971107900667	0.000218263146392586	0.00339072662461072
peak_98506	27.5792580024228	-1.39440811799566	0.492845531273329	0.000221098289002027	0.00342511560597134
peak_85005	21.9344711449505	-1.53536379620197	0.543340965479793	0.000222700132759005	0.00344705190311191
peak_91452	18.4234074357361	-1.61017229224137	0.569503982937251	0.000223280102537058	0.00345288423049878
peak_51198	32.2461310248688	-1.22954734107204	0.414945623356154	0.000225384323218035	0.00347909327992574
peak_36812	22.8183760295954	-1.46360299453402	0.512836554234108	0.000226505439091694	0.00349217003856339
peak_1417	47.0272074464025	-1.06431780178047	0.352517962392638	0.000228743530724088	0.00352241548097201
peak_81074	16.3468809072308	-1.68147137145633	0.593279808373807	0.000229345612514927	0.00353062059169265
peak_102437	19.6310467778378	-1.59944762673239	0.567174620504848	0.000229671800093293	0.00353350826782035
peak_53783	24.5382685244098	-1.33205844579106	0.451375935047405	0.000229763742337826	0.00353385646058413
peak_82311	32.0449018214561	-1.26803359780667	0.437465562877471	0.000230203565871649	0.00353848628565929
peak_54483	21.90214627012	-1.60340494548905	0.596024549899104	0.00023445966247643	0.00359523619579646
peak_40195	22.3005315074968	-1.45530847788261	0.509094839443341	0.000234697182668027	0.00359779631855443
peak_17904	48.4184424543282	-1.11043954868162	0.379123789058988	0.000236203454439152	0.00361436654502839
peak_81696	19.4185228519239	-1.63764006658039	0.588019592403132	0.000238077474716326	0.00363758409526119
peak_61091	20.538224974908	-1.51682722429108	0.532630581956112	0.000239643378460971	0.00365797643035652
peak_71200	24.952474917345	-1.4439783943978	0.515410547532998	0.000239699118460384	0.00365797643035652
peak_10518	26.123101093925	-1.34129167118914	0.459642286885974	0.000240469267656892	0.00366761409077587
peak_48528	19.8143271073381	-1.6347144209654	0.602531015694641	0.000240474520563758	0.00366761409077587
peak_45362	28.0188379856484	-1.3133454891587	0.453765830439746	0.000243713256897972	0.00370592428159857
peak_70713	21.0626551233868	-1.47027094970086	0.514081847484547	0.000244836616793048	0.00372078680888535
peak_35068	18.7375734749975	-1.77050352603629	0.669689321545072	0.00024493690743544	0.00372120177666965
peak_95097	41.0817734262136	-1.16432702112426	0.402214385410379	0.000245683915854478	0.00373032761577023
peak_43705	42.7316013940057	-1.07293651594581	0.357595542863511	0.000246297584426311	0.00373741923796425
peak_77570	23.2007249269759	-1.37140098916306	0.472600098671863	0.000247160647099456	0.00374605610969467
peak_61084	17.3834201755237	-1.70523770662762	0.632455983836018	0.000249519368968938	0.0037784361586725
peak_47856	68.4779275157698	-1.07026167274497	0.372342293227111	0.000250383910940971	0.00378702879953614
peak_51722	12.5661918215386	-2.04774446237344	0.771828041751102	0.000252958281441859	0.00381580727430924
peak_7923	34.2846151369719	-1.23199649494125	0.424755758493409	0.000255856886106445	0.00385266367248175
peak_3653	27.5269530827029	-1.25664927784135	0.428751406805908	0.000257738317571221	0.00387532911987942
peak_105223	39.5575544492693	-1.1000428652334	0.371308614536465	0.000257916466796217	0.00387680689153064
peak_57659	22.3520633535754	-1.42039452086555	0.497447280684547	0.000263703112707549	0.00395329811952576
peak_92486	29.5461061713458	-1.28026612494703	0.445924704505753	0.000264919940877678	0.00396920602573885
peak_59342	22.6868165514885	-1.5140887418353	0.554494554817218	0.000265466659045662	0.00397622887135785
peak_34249	14.8674994953236	-1.73872483331492	0.61742213423852	0.00026647434092059	0.00398663754289238
peak_54652	29.3105244395703	-1.29726614895878	0.457448650726919	0.000268332620887783	0.00400855757649706
peak_85583	12.7350758853089	-1.90957096493251	0.685459989456985	0.000268640118184783	0.00401197570760672
peak_85319	38.4267656016312	-1.20032599920271	0.422891138555173	0.000272319619341481	0.00405623374576241
peak_95935	48.5281780976782	-1.00147108018105	0.332616154103382	0.000272399244669326	0.00405623478058127
peak_28161	41.9328479791598	-1.01836405343424	0.337530512195234	0.000276489133086491	0.00410873650234562
peak_17900	18.7266589545655	-1.57037535347705	0.570820693235183	0.00027690484849138	0.00411140070530047
peak_23573	43.7938172436837	-1.0091072051052	0.336414712827954	0.000281546862164525	0.00416689356003497
peak_51227	25.6538575975068	-1.4142184737253	0.516092205682351	0.000283627093095968	0.00419281269022646
peak_25163	27.1145022431037	-1.31754841617027	0.464891923274932	0.000283865191742652	0.00419511613512778
peak_22754	25.1309167816583	-1.3995095896527	0.500645937783746	0.000284318445002372	0.00420059699707068
peak_73835	20.1640247797643	-1.51741979972524	0.549654388005889	0.000285186854900387	0.00421098667360299
peak_9332	32.0075991343627	-1.32859199839967	0.484324437800023	0.000292395111292321	0.00430868703593939
peak_77595	20.6397527452065	-1.48820740932392	0.531157715228026	0.000292493362600556	0.00430888950752729
peak_5972	21.8193288247616	-1.40413808490414	0.492210625495049	0.000295348254804315	0.00434216439430589
peak_65312	30.0076491190135	-1.18729839090133	0.408243783769941	0.000301309826188346	0.0044119996548073
peak_9633	38.719596596672	-1.15180597769574	0.405576799145449	0.000303142927669235	0.00443374793750535
peak_54550	26.6193334255846	-1.28739841066193	0.451870912927787	0.000303239075318564	0.00443388227536344
peak_88016	25.6945763444917	-1.29039975043228	0.452620988811959	0.000303789044398665	0.00443937753445409
peak_77095	14.3305934996813	-1.92891490631793	0.774227663411552	0.000306982535394592	0.00448347509299016
peak_77400	26.3771279191457	-1.29075592365584	0.452863470786015	0.000308171608947298	0.00449583164773524
peak_41303	44.7286035523277	-1.05936578665883	0.364487498066319	0.000308547947728293	0.00449860613751065
peak_101211	13.1554170607925	-1.92228820641246	0.723846687710775	0.000309697097435828	0.00451149034567518
peak_26878	220.886051286935	-1.1504786168396	0.4127312475014	0.00031583895482239	0.00458916071546719
peak_31103	15.5236946647844	-1.77140803440362	0.690578564259069	0.000319233238863541	0.00462115479984325
peak_77541	30.4755539901048	-1.22466984692507	0.433671634035462	0.000319310850746982	0.00462115479984325
peak_88815	56.526400445142	-1.0098685863523	0.348074713064124	0.000320745879572235	0.00463667406177204
peak_2818	11.8287118169578	-1.99638945166316	0.741035893798641	0.000320968891488527	0.00463858273850172
peak_13681	23.176036366668	-1.39138049648827	0.49898450356196	0.000321231222924088	0.00463974366345824
peak_25098	17.7227569170868	-1.57745992914114	0.576551542188223	0.000321179075988339	0.00463974366345824
peak_1185	25.1323281357183	-1.28846173364896	0.4549860041875	0.000322116353407205	0.00464857752471547
peak_88040	53.765467811634	-1.03162067371108	0.358778167519722	0.000322289669669451	0.00464976261962836
peak_24191	38.2761849605627	-1.05327208787781	0.357988485492916	0.000322587553124333	0.00465274370115906
peak_12660	32.6633646018595	-1.17789487400008	0.413643776212733	0.000325666177410507	0.00469316442098703
peak_3251	28.6966205626156	-1.22578516069075	0.429565386022136	0.000326005242805397	0.00469407040657328
peak_81946	43.374225852802	-1.1300036727049	0.401998846401735	0.000326309860741792	0.00469555093590841
peak_29839	36.87526928819	-1.16735361401149	0.414784609485779	0.000328325433588413	0.00471815122799854
peak_47852	45.6550242765705	-1.0697327604033	0.370249068290309	0.000328829936304831	0.00472273891054594
peak_8208	15.5255468352702	-1.70879915276216	0.638355258048865	0.000331217061841292	0.00474714578099819
peak_30962	13.0882582848843	-1.90958567234888	0.723901448861001	0.000330832100880688	0.00474714578099819
peak_40180	12.2615668026251	-2.0446125797816	0.763287525852966	0.000331034206246563	0.00474714578099819
peak_48506	30.5067630294262	-1.29998626309934	0.479887514430813	0.000331217130105839	0.00474714578099819
peak_58892	13.5390127547381	-1.84661551420744	0.697174214813316	0.000333703541341722	0.00477390606546286
peak_41720	28.6872574916337	-1.19449692672559	0.416609612209259	0.000335762617022938	0.0047942453938964
peak_104432	26.6075642898864	-1.24735684357214	0.43680579614326	0.000339175130808298	0.00483725404738235
peak_31841	13.9756971741188	-1.79258870025328	0.675511997729184	0.000340074303820437	0.00484736607620598
peak_78939	35.8808605267977	-1.14842221126872	0.40474384476303	0.000342141543016461	0.00486730711836977
peak_72876	36.8567187995853	-1.05550087360283	0.360623909572034	0.000342642174213172	0.00487171051155403
peak_5691	22.5122763012883	-1.37314198064374	0.490501707215332	0.000343152802408235	0.00487761047772128
peak_47439	48.8097379059925	-1.08730149402935	0.388542633610229	0.000344280951734623	0.00489091908752897
peak_71704	17.5502520231942	-1.71945198956442	0.664015399476924	0.000344875574852631	0.00489685507790821
peak_13980	30.9925763115961	-1.19853622444704	0.424642615537672	0.000345816030478554	0.00490725748120778
peak_39688	21.9683929210353	-1.43610632256189	0.532977349930792	0.000347339588363545	0.00492613525794262
peak_106069	39.40415591311	-1.04084436743582	0.355806026303525	0.000348056216860295	0.00493218295520817
peak_39786	24.8958169415159	-1.34140219804669	0.48973534212552	0.00035216707606442	0.00497936509712161
peak_41606	35.2832572989538	-1.14859896142092	0.407135691917985	0.000354420098955855	0.00500151208562503
peak_28959	21.0820401462237	-1.46643074509601	0.53522758541473	0.000360532611704436	0.00506948731781047
peak_68561	43.1235764753313	-1.02606649801102	0.354254877393023	0.000361252318903386	0.00507681204182938
peak_92978	14.5879721737419	-1.68120980894431	0.62488222017685	0.000361575077801336	0.0050785859274873
peak_33007	45.2406486291356	-1.02629776698936	0.355310743779678	0.000362293464840397	0.00508353996835583
peak_71785	37.258257670116	-1.21634623996273	0.451686797956908	0.000362416773256558	0.00508353996835583
peak_93151	12.7510362572625	-1.81523122368485	0.673754008931478	0.000366284925111118	0.00512356740513456
peak_90217	27.6099261280056	-1.23600125085637	0.440211993770091	0.000370244598200771	0.00516761321759225
peak_1018	17.4636926785926	-1.59246411798042	0.605617380015534	0.000370430765359485	0.00516782846428324
peak_101009	24.2456171216729	-1.31653814936815	0.473226732336596	0.00037221011916866	0.00518652777697002
peak_57814	23.8256576585827	-1.40769481578068	0.529296945139189	0.000372778665679161	0.0051930308875185
peak_43539	30.2087090082247	-1.17779330567982	0.415835074139953	0.000373067591897961	0.00519421743323578
peak_42600	24.3925116735522	-1.32294626267874	0.482391733319306	0.00037513699265363	0.00521733079853737
peak_93315	46.2096703466921	-1.00708154399871	0.349688679810694	0.000378583227568266	0.00526095514875868
peak_22166	12.1523591242929	-1.88652455854186	0.703897254208171	0.000379981322657374	0.00527463319276038
peak_47581	26.2318082012672	-1.4990942027692	0.613152088083022	0.000382040956322609	0.00530178013039318
peak_83274	23.101759662124	-1.35760446624106	0.498649076829153	0.000383625933590982	0.00531943210499587
peak_10650	29.2800297204225	-1.32022595295485	0.498674480220438	0.000383943715951403	0.0053223910553285
peak_24826	30.7903727608554	-1.18039874883892	0.424002392837207	0.000391175566188668	0.00540647259899578
peak_104843	17.7051731874559	-1.57015221994705	0.59314627350052	0.000393707617837844	0.00542873968934878
peak_157	36.8282309809604	-1.053753347266	0.365820805371759	0.000394166676577923	0.00543161680324378
peak_87257	14.7015002092053	-1.70358549794031	0.653724770947869	0.000396174053854872	0.00545338291302497
peak_59450	19.2465862167357	-1.54232709613009	0.592840996696329	0.000400606378845738	0.00549658687616491
peak_60791	17.89682716645	-1.64128316561452	0.648763410841364	0.000403241754901136	0.00552679680521218
peak_20730	30.1820689515471	-1.17836570133804	0.421634102813418	0.0004036427093909	0.00552931950053854
peak_42291	37.269488228887	-1.09395892041828	0.388818955191686	0.000403876195769014	0.005531031887585
peak_24604	29.3258925612459	-1.15213588879462	0.407863131819805	0.000404123678978555	0.00553293498829231
peak_61113	49.187890770108	-1.00411669007509	0.352446844251602	0.000405086739255618	0.00554463154031864
peak_6232	40.9212959561725	-1.00005783669986	0.344611479159863	0.000406510687716638	0.00555815337192827
peak_57311	18.1736802243468	-1.58069789356383	0.615538445607645	0.000410126804718346	0.00559409450651942
peak_37425	25.9401119244759	-1.2099333755562	0.433101710310592	0.000412738876314989	0.00562220260427358
peak_20207	18.7414268855729	-1.47025468962539	0.547115011297179	0.000415458221173195	0.00564621235732992
peak_39362	42.3904542457743	-1.04541075219822	0.371652339749946	0.000421844720808715	0.00571114576079478
peak_5188	23.1164279938552	-1.34602629765086	0.497312225502469	0.000426593081964082	0.00576624466516986
peak_93362	22.05923034465	-1.37814953774957	0.515756264433105	0.000441878232615531	0.00594291837724492
peak_89756	24.1553865791149	-1.3502545790589	0.512897637653332	0.000444661862275864	0.00597562722983585
peak_86157	17.7294819818847	-1.64352926031614	0.679649139533296	0.000445263595387253	0.00598056103119454
peak_107399	21.2625430638719	-1.49852567955477	0.589759102504746	0.000445547122502386	0.00598279314930384
peak_21984	21.3033688981256	-1.41678349823989	0.537722222190679	0.000446888131917755	0.00599606270893649
peak_36250	34.8433665921797	-1.13735422625914	0.416205788076584	0.000447100929361255	0.00599733964336042
peak_73789	24.2501575761774	-1.2668174582914	0.465188385181078	0.000452125665123067	0.00604910203986045
peak_2960	20.716296977182	-1.41877680915143	0.542576853911462	0.000452694701099186	0.00605167593871083
peak_31259	49.4669117306527	-1.83260555079324	0.825875377605162	0.000452672261380398	0.00605167593871083
peak_85008	11.5338466049561	-1.87114904089053	0.719147472634481	0.000455485170216801	0.00607941541588319
peak_76981	24.9155590129483	-1.25905466525211	0.458732339013567	0.000456985875687986	0.00609465913100383
peak_20571	39.8699172649842	-1.03854444257882	0.37038853032243	0.000459252340251695	0.00611688605540046
peak_1435	25.2506397219711	-1.42579217727418	0.581272965572914	0.000461378283360452	0.00613501432965187
peak_31829	16.7886257500671	-1.54742509080302	0.592580678527703	0.000467229389768417	0.00620207176952162
peak_25167	19.204792863604	-1.45864683618709	0.55680306783189	0.000469132777422659	0.00622085924308757
peak_34628	21.3149444215206	-1.41580160682592	0.546505588324228	0.000470183928067647	0.00623317674374858
peak_54486	17.9618427992569	-1.51517209982686	0.594274332484592	0.000482732568334757	0.00636313410783762
peak_78845	30.1198736524864	-1.1944063714853	0.443065352167377	0.000483642237148137	0.0063723813316573
peak_73244	32.5921668511087	-1.24953663798881	0.485074313686352	0.000484114508168311	0.00637475782889192
peak_22452	16.7232433988115	-1.58541960569192	0.613913956185363	0.00049021107161292	0.00642847265875935
peak_29646	15.9396880639814	-1.72482477914321	0.708052777290454	0.000491043849136692	0.00643651175783701
peak_107420	28.0128457759841	-1.18401697024811	0.431647277703105	0.00050093792086408	0.00654054310708732
peak_19543	25.3752477640122	-1.24041948275072	0.459377748263588	0.000504717007853075	0.00658482634657034
peak_19373	33.6038519524811	-1.25133364937432	0.497924856127201	0.000510557969923947	0.0066457259776723
peak_55642	18.1233053009072	-1.43127220255927	0.540012671692047	0.000512930525020863	0.0066732012627491
peak_17283	28.8395648602675	-1.19891745192809	0.448227649298866	0.000514568651765398	0.00668939247295018
peak_10024	22.6327844672944	-1.28445631491263	0.480947941244419	0.000523136997846141	0.00679212196897971
peak_107542	17.886798573527	-1.44129409190882	0.548542828036317	0.000528977307397928	0.00685198854604497
peak_24418	39.7458221678145	-1.05900371055383	0.388484280698444	0.000530678021397781	0.00686729685253484
peak_12441	34.4215685621808	-1.03675799899188	0.371233577059594	0.00053114024736529	0.00687153429387634
peak_39521	20.5653624034898	-1.38455135936303	0.536188686536634	0.000532581859598245	0.00688843701001424
peak_1290	21.5349068941564	-1.35937114814339	0.524325994308671	0.000538718994407515	0.00695546382599685
peak_39682	17.7539286642714	-1.46373295015628	0.566693797348023	0.000539424560709625	0.00696104800109869
peak_75081	15.7128485172808	-1.63472852970271	0.653850176344771	0.00054543564416107	0.00702794585625381
peak_8279	32.7201442467607	-1.11811416645981	0.415770336510754	0.000546400244659924	0.007036818104125
peak_49819	26.0485829279232	-1.19934247466508	0.447956637765578	0.000550715622617797	0.00708166121936721
peak_29202	24.9882136155211	-1.22903536794033	0.461158352182858	0.000553619652037485	0.00710645810140564
peak_8754	17.2722138204911	-1.48099187795178	0.576246585831694	0.000554921196475561	0.00712137229385929
peak_14099	37.8828471155838	-1.09285066110612	0.411283650873162	0.000556438028874607	0.00713904110221457
peak_31345	43.7638724289994	-1.10417278978024	0.422080156616831	0.000560315055344495	0.00717687480112092
peak_103050	13.798202216488	-1.82408186239252	0.81573687092584	0.000560352777771484	0.00717687480112092
peak_57051	22.3164963061801	-1.34637117777473	0.523663026157305	0.000560763433107572	0.00717827878494167
peak_43435	27.1467772840612	-1.18515816586339	0.444178880452592	0.000562236936443733	0.00719352884354333
peak_8218	17.0299320983118	-1.45776349802385	0.561416542023086	0.00056360819004375	0.00720926421915972
peak_16746	16.8815086385137	-1.53682743325476	0.602929570763133	0.000564709303779129	0.00721972631957941
peak_104555	17.2355424012233	-1.46543485409023	0.560914612946084	0.000568965401345632	0.0072704937225585
peak_64948	17.0363364907881	-1.52883144065297	0.607295267251961	0.000571155568834192	0.00729665192497623
peak_20369	18.4266764896296	-1.44249837878276	0.565150376326638	0.000572956609053967	0.00731233183209652
peak_44327	18.8978803276283	-1.42331745519589	0.563800158158247	0.000576391509126525	0.00734881157397474
peak_94401	16.1909946018849	-1.55996882547723	0.628014838657663	0.000578550831974825	0.00736906482959844
peak_1268	44.8824740851487	-1.01657280284601	0.376988523178443	0.0005827290829416	0.00740208483493911
peak_54485	10.8841810214298	-1.91460815869196	0.779103694049994	0.000582747588111356	0.00740208483493911
peak_68711	29.417145714609	-1.1290725170797	0.420026981371899	0.000582508436370913	0.00740208483493911
peak_31834	27.1859815725	-1.21556822970593	0.465566642868214	0.00058524068689781	0.00742820056314955
peak_99109	30.5686890803943	-1.27549657837879	0.521130492156109	0.000591066428148483	0.00747794364902694
peak_62157	25.1420839489769	-1.21452566662565	0.461517314714483	0.000592717715971088	0.00749139947112094
peak_101214	35.9411212159966	-1.08132662089475	0.398455219520557	0.000595905970001242	0.00752504504712135
peak_39600	35.2269995317226	-1.07967709964393	0.400100953406186	0.000599018231433879	0.00755604738938342
peak_58519	38.3811380137636	-1.00785313209693	0.368024650866802	0.000599302350743955	0.00755776147787071
peak_85324	28.9253019761158	-1.20586227259414	0.464909274205022	0.000602855576901196	0.00758943072688503
peak_42289	30.53789166039	-1.21311368699284	0.479467306723956	0.000607423851731249	0.00763897253956493
peak_86231	38.5210479231283	-1.07663384185467	0.406606317222466	0.000609078499975701	0.00765077023891625
peak_71319	18.0917903824833	-1.51888167478697	0.64004507497366	0.000614512853040411	0.00770953551307047
peak_29932	12.5439801285381	-1.78430017555371	0.743426654970359	0.000617356771841779	0.00773759891079767
peak_62701	54.0510566571052	-1.02897687433883	0.396494013284491	0.000621717199644092	0.00778348172210671
peak_51714	16.5100508354185	-1.58932021264059	0.653291276948284	0.000623579558986787	0.00780025205949468
peak_45213	12.5097924938637	-1.71222431446114	0.689707443985147	0.000629421198217932	0.00786379355116791
peak_50792	11.7302913546138	-1.78427793348395	0.72594992380884	0.000630056389102002	0.00786968521674538
peak_47645	38.8318812901205	-1.0212432910699	0.37874555594656	0.000634055329196401	0.0079080100328786
peak_61850	21.0561428066793	-1.38184841370123	0.553460971662852	0.000642925728750634	0.00800493558146027
peak_35729	17.9911748523083	-1.39055445226614	0.541555057868711	0.000645605209063923	0.00803072616846944
peak_54029	20.1987441693391	-1.3937452298555	0.560412067483062	0.000654142814538655	0.0081207999858943
peak_53344	28.7732337115931	-1.20805598748935	0.471944314441832	0.000655580577887395	0.00813666780529862
peak_76925	32.6556211094501	-1.13133772166973	0.435152217331734	0.000662981888448777	0.0082150616886019
peak_50797	12.2790192395718	-1.7130516198142	0.69448530002896	0.000667619950109174	0.0082599540830542
peak_85794	19.264834274013	-1.388430704953	0.556263467332255	0.000674926996768201	0.00834226129872085
peak_53683	19.7516778321337	-1.50294977558265	0.645653183387219	0.000679179271346043	0.0083875031135697
peak_30974	34.8714845475131	-1.06429289830505	0.404035653155764	0.000681512783072074	0.00840532432455557
peak_107409	48.8319514205552	-1.02843690598378	0.397498554662908	0.000689073347094048	0.00848215685054011
peak_80080	32.3075986289635	-1.14529835364306	0.448600357992318	0.00069032468451818	0.00849345906487547
peak_570	27.7095941997468	-1.2453470367722	0.502636860631312	0.000692198287172827	0.0085124027664722
peak_17905	17.7975033667009	-1.41729821695234	0.564302730060514	0.000700141103875056	0.00858729716674852
peak_27371	36.4007249543956	-1.03276932732659	0.385825666584913	0.000702293497397935	0.008603348452266
peak_3619	27.2044193525938	-1.16962350130965	0.449043724039217	0.000705482240214845	0.00863709577636481
peak_99717	22.2254603573501	-1.3287417481531	0.537022090116204	0.000713455960249926	0.00872123365842789
peak_106834	31.3895956689348	-1.08949276522623	0.413926486885065	0.00071380979986539	0.00872346751101073
peak_19672	21.7521449415212	-1.34992798365595	0.560477468904347	0.000715673423935044	0.00873786522814946
peak_47759	30.9018747390415	-1.14305277900726	0.444309520631073	0.000718052763805163	0.00876062173136397
peak_33013	34.3825746639706	-1.10712410522585	0.432723918958367	0.000719003490094801	0.0087697147947727
peak_47015	145.453628559811	-1.78855672317105	0.943034567315994	0.000721822268089195	0.0087949698330531
peak_82350	17.2371621795115	-1.5595302714374	0.665716117052583	0.000722495803479063	0.00880008863740648
peak_77449	18.2525988649812	-1.4762073272206	0.63221876555506	0.000724396875726651	0.00881482078897351
peak_9957	17.0920984510653	-1.47954033392932	0.615453881133236	0.000724839878701875	0.00881810690897012
peak_12287	15.4261155344073	-1.51600019037535	0.621013623599597	0.000747417463908132	0.00904959078955593
peak_10354	39.8759967676913	-1.07655252127775	0.418528954987562	0.000748186863210714	0.00905030970525776
peak_50759	17.6466908131556	-1.53388298919661	0.667379704416201	0.000752693898622195	0.00909188607324124
peak_34678	13.6115346290817	-1.64963492022644	0.685439562753049	0.000755487612907835	0.00911915043364556
peak_23452	32.207564044307	-1.04481124001705	0.393199711021967	0.000762500395929354	0.00917989260610485
peak_58107	35.5475277005247	-1.11466636909751	0.446511887460794	0.000762434127477108	0.00917989260610485
peak_9039	24.6653178517613	-1.24377618801332	0.502855120877023	0.000766818218707265	0.00922098907995486
peak_62668	14.1824841129549	-1.67056691495249	0.761898541826993	0.000775760794183672	0.00930219657860976
peak_13006	29.0206477203163	-1.06703557040057	0.404222807996987	0.000776589331899989	0.00930930422156458
peak_57039	23.4360958721649	-1.23315405224246	0.491650700039362	0.000776718710205463	0.00930930422156458
peak_25727	23.6649301297474	-1.21364180193966	0.477648497236666	0.000778274659079284	0.00932356949431776
peak_33197	13.5450732759287	-1.58031420116971	0.648157140888444	0.000780612908031725	0.00934718301126951
peak_25824	20.7131190376916	-1.34534957922401	0.556850716565752	0.000782502816974273	0.00936541986531697
peak_65945	10.4853793938626	-1.83518910483037	0.76410722659223	0.000786760802650718	0.00940313790059764
peak_81178	32.0094471431064	-1.10527375257854	0.433312669106387	0.000790187453918902	0.0094396667116938
peak_103119	15.1026695515569	-1.55861794537797	0.650136165913478	0.000799233611411904	0.00952764201810786
peak_27614	15.0531507969373	-1.52207120135275	0.643896850811129	0.000810026183354398	0.00964052170506707
peak_98295	38.8322387243341	-1.01951211092804	0.393717667146766	0.000817038905948417	0.00970812063823957
peak_97386	19.156965646849	-1.35694217287665	0.55818412019681	0.000823463082223195	0.00976170395494811
peak_65560	17.1699484329834	-1.58318486107914	0.715322240417761	0.000831058104491508	0.00983116670895685
peak_74602	13.9559583192259	-1.69950717119425	0.794073539368403	0.000834671872584259	0.0098647612646224
peak_26356	20.0907801276243	-1.3057587494423	0.532652885191319	0.000837504287964355	0.00989594290293177
peak_39531	19.1936454013798	-1.34138124943653	0.546241971868443	0.000837822396399617	0.00989740794782921
peak_31001	33.1298142991382	-1.08161611468187	0.424429502635173	0.000841206324492845	0.00993508122784161
peak_54926	32.5636738348756	-1.06836382117185	0.417120481667378	0.000847124552362259	0.00999340407837625
peak_10140	31.9188829856981	-1.15961756595183	0.482806893252881	0.000847702174260319	0.00999790494028144
peak_44898	23.822565003383	-1.15517975446534	0.451364286861342	0.000851380536053016	0.0100389657750229
peak_26127	25.1019287836073	-1.26949652240099	0.534406871246151	0.000853692431622404	0.0100569229017329
peak_19833	22.7099253936556	-1.26124540425845	0.516410649009642	0.000856271866230981	0.0100849797578316
peak_41961	28.717279416936	-1.17176987336011	0.459803963854109	0.000857030367927764	0.0100869229776466
peak_91841	19.2426520403472	-1.29570035585075	0.522476900665355	0.000871089981586114	0.0102335008758409
peak_78459	26.6570413330131	-1.1426284795918	0.451339680776828	0.000875482866554259	0.0102803706665443
peak_32844	18.2556253011179	-1.4344913625597	0.626041484822627	0.000881795894852948	0.0103395498152856
peak_13865	29.1120654444279	-1.14823088298975	0.461928575915182	0.000884004924079064	0.0103542097539846
peak_77694	27.0762221097985	-1.11781039265988	0.440388498048872	0.000884877048884086	0.0103596650320101
peak_67366	17.1916839861809	-1.41663451635552	0.589133479845286	0.000886398308756394	0.010375092784723
peak_31486	23.8521917164823	-1.1783041123428	0.466966634276615	0.000887538719698599	0.0103858392457631
peak_38866	12.7947408488133	-1.62032449538755	0.690496035509855	0.000895217756807543	0.0104447534436131
peak_80023	14.6765561126552	-1.46509814489731	0.605342089351249	0.000904465725085382	0.0105381831488125
peak_36520	29.0689415522872	-1.15568232333954	0.473679145525151	0.000907383840140705	0.0105697675287672
peak_11258	121.976007485569	-1.35351728752011	0.615994581131756	0.000909909090144251	0.010591923486323
peak_13609	17.7207487669993	-1.34726910445968	0.549811381778211	0.000914962510343837	0.0106313305725595
peak_21594	30.8117351297267	-1.08600798325886	0.431000758179406	0.000920107906131938	0.0106813801689533
peak_19072	14.6041074701548	-1.53093260930341	0.651469611835208	0.000921167855296197	0.0106888175398571
peak_44579	16.5231698160153	-1.43593369583028	0.612168900291079	0.000922071068113417	0.0106968635901776
peak_25612	29.9725982694968	-1.09605908660348	0.436212181008928	0.000932678055496318	0.010805163221435
peak_47513	21.3633765500406	-1.21274103779977	0.485399543531747	0.000937038218915494	0.0108433569291024
peak_84411	20.8651756718926	-1.25772540237758	0.510605745343229	0.000937805441461111	0.0108497726885265
peak_3113	11.7519484808776	-1.70358946613614	0.743932907724397	0.000939193322874782	0.0108633645100031
peak_93571	31.204447956857	-1.06365650942971	0.415999783839573	0.000942113885371772	0.0108872662193031
peak_61144	30.5764085402643	-1.13961643214185	0.470346393558773	0.000950793774126775	0.0109701677681891
peak_51641	28.2050572649713	-1.08344423828155	0.425286359789682	0.000953906447445265	0.0109961279967091
peak_13702	18.0045351706486	-1.3372943145949	0.555833433362214	0.0009548540646058	0.0110035177324979
peak_59837	26.0506371444866	-1.19925004703915	0.496849878703876	0.00095694576835095	0.0110211965089545
peak_1436	16.8869664739746	-1.49243710848985	0.688734844268471	0.000961661983754663	0.0110630184800802
peak_45752	16.5344080547054	-1.4543538471806	0.63403878707236	0.000972368757683423	0.0111569425613254
peak_83393	30.6749064989668	-1.12579979714669	0.462204827749633	0.000977423209525612	0.0112064087611587
peak_35407	20.1083636878773	-1.29452025947596	0.533297274171299	0.000981869735559544	0.0112396969773774
peak_51497	13.8183168588064	-1.53983935453599	0.663662326712135	0.00098906502749216	0.0113093674572136
peak_12317	16.6407578251079	-1.37454375957839	0.575978219337899	0.000990053658770329	0.0113143124385886
peak_37889	20.888537966085	-1.26442762924178	0.515152325833959	0.00099122947202466	0.0113188859710301
peak_96949	13.7456573160545	-1.5389443306886	0.657715968758162	0.000999423886750499	0.0113996926822955
peak_35728	19.6738269214124	-1.30564360751926	0.541793524804352	0.00100106402044152	0.0114107422638568
peak_84785	15.6176156129982	-1.43589561838963	0.609548088546653	0.00100398201175286	0.0114359381606055
peak_2293	16.7379029189854	-1.34964081235305	0.562348757183803	0.00101622861766887	0.0115448824198897
peak_71033	14.3741256483752	-1.54642928882581	0.698815671447243	0.00102003898780811	0.0115817224928647
peak_78186	18.4695328091868	-1.33203608950527	0.562973890395332	0.00102466302099508	0.0116223587065619
peak_48727	14.0372713885099	-1.50913291752114	0.640523223716886	0.00102568405882819	0.011626395603249
peak_63046	35.6038592412532	-1.20707467049207	0.56313770791752	0.00102914521339507	0.011655263849436
peak_60509	10.589534382074	-1.84901741359563	0.830209031882816	0.00103235868307326	0.0116864653230846
peak_37457	21.9553226319927	-1.23989372349547	0.516935274776804	0.00103650352243483	0.011725575459255
peak_33151	17.4541159861515	-1.35775758224767	0.573851515347305	0.00103998728998178	0.0117545537501687
peak_58435	28.6184000079328	-1.14934490091578	0.482780792581995	0.00105461542171801	0.0118987877609459
peak_66419	24.4831747417625	-1.15880830388309	0.477669355920635	0.00105569787887001	0.0119004669582283
peak_78040	16.2087302481481	-1.43462168183097	0.628584865268513	0.00105624436802553	0.0119029581286728
peak_49468	18.4861871068838	-1.41346969267728	0.635978907789701	0.001057315879858	0.0119090380357132
peak_40875	16.8688783676723	-1.35910216176446	0.580263875990003	0.00108586115588109	0.0121806539126418
peak_22559	17.4850717386789	-1.44087363793675	0.672921610540954	0.00109450139647968	0.0122565886670136
peak_41543	17.018203814674	-1.42343882418921	0.627402092218846	0.00109678230335454	0.0122794340181894
peak_60840	20.0964951233228	-1.25160301901202	0.524791807662082	0.00109940645770191	0.0123007104789093
peak_53740	15.2459675401028	-1.46227992707989	0.63571500761875	0.00110810755512163	0.01237362501214
peak_89826	21.0336509628436	-1.19904196222185	0.493188452854693	0.00111396085891426	0.0124308181993002
peak_12573	25.2482207880655	-1.19512894596206	0.510863777472472	0.00111992224761224	0.0124782245884523
peak_54263	15.7411072006665	-1.54677609948084	0.780354119369273	0.00112162253538071	0.0124917096087638
peak_9779	22.0438397241007	-1.23072762163004	0.527569942734513	0.00112278946625049	0.0124980193120071
peak_21994	28.7164641660893	-1.19195594055214	0.531876930778187	0.00113071070565354	0.0125627404747116
peak_52485	15.2463518358977	-1.51868680749181	0.739717194836151	0.00113431423891214	0.0125863211719639
peak_50267	17.5897037134835	-1.35346757600656	0.594448346288397	0.00113755870535418	0.0126058613673524
peak_97156	19.9722196100656	-1.27363709125488	0.541477175809714	0.00114061876398621	0.0126342794483165
peak_19888	15.8115403574757	-1.47542512486885	0.65283189805583	0.00114122474438276	0.0126382460506297
peak_22064	19.6882156849168	-1.28657739208569	0.552660311807917	0.00114823211925858	0.0126991574706354
peak_48226	41.7766671933941	-1.10465469310358	0.499405429250488	0.00115162782408877	0.0127258119286931
peak_60827	22.3399280834174	-1.31129655210097	0.610201382197321	0.00115194541339267	0.0127265631304959
peak_44275	26.2677491624095	-1.1343239971502	0.46918295428218	0.00115249119643824	0.0127298345194108
peak_37450	10.9521694852446	-1.70615620081359	0.758662424500834	0.0011684747003473	0.0128756972275572
peak_12135	16.5847076889592	-1.4671808894864	0.690198298183338	0.0011691545013967	0.0128804043665108
peak_48514	18.1575270663541	-1.29718333146993	0.556912933099239	0.00116997961508491	0.0128847578601094
peak_51346	26.1332115198658	-1.17342142561398	0.504547003361241	0.00118614094027293	0.0130197162498935
peak_62662	24.8909551142684	-1.18798827099098	0.513232973319359	0.00118594070879686	0.0130197162498935
peak_97743	23.0518849237162	-1.14041354255243	0.46936259740856	0.00118600142752449	0.0130197162498935
peak_27747	25.9370773746616	-1.22532509197105	0.546898901762036	0.00119316932764132	0.0130855950396042
peak_42844	22.2194385340902	-1.26365614152971	0.56774078494872	0.00120205433161428	0.0131688745491375
peak_83096	29.2328453236328	-1.19034118541334	0.536784479025514	0.00120311144214165	0.0131776240577947
peak_64860	17.3377988508138	-1.34204200742764	0.58864467735327	0.00120500464087492	0.0131898597294222
peak_57041	18.3092856172786	-1.29377520566701	0.561625120745872	0.00120875012658368	0.0132192709633829
peak_55666	30.7841998064462	-1.06765668896631	0.443087349051078	0.00123104508720728	0.0134201549746312
peak_87916	22.511234717839	-1.26018749321318	0.568450651855239	0.0012509125271214	0.0135918213011507
peak_36481	19.4267773917681	-1.30851217554301	0.590291699855021	0.00126326559563612	0.013695271031066
peak_86927	19.3704618643644	-1.31496810433117	0.59577487570099	0.0012651174313392	0.013706603772686
peak_107308	23.0353148536563	-1.13549565161427	0.47557022000083	0.00128628904759859	0.0138919188214136
peak_92483	15.155460752065	-1.39687788553961	0.614617938889783	0.0013009869295492	0.0140088953727551
peak_21114	24.6890292675275	-1.16902515308284	0.511545892484382	0.00130553219935852	0.0140400473985433
peak_40986	16.6440456230608	-1.31555967370712	0.571641625275412	0.00132814288597193	0.0142561459335084
peak_21493	16.5553077126028	-1.31627968309604	0.567390973123623	0.00133100837485927	0.0142808907829492
peak_107544	34.3061626903751	-1.01673972588631	0.420530413023266	0.00133256724107278	0.0142946083217624
peak_65287	14.0650940598201	-1.49900595807381	0.712631301736699	0.00133634484597518	0.0143260887966549
peak_82389	29.6035074597695	-1.03755217578165	0.430625688916157	0.00134587843456998	0.01441313964818
peak_22662	12.9397081222801	-1.49759819799992	0.675502508211224	0.00134724572003379	0.0144247522640997
peak_61691	27.7248159567347	-1.0502208245272	0.436278166471507	0.00135019213641249	0.0144532639653847
peak_9677	13.0089223819072	-1.48557558878201	0.667547839053345	0.0013568398241751	0.0145080968879981
peak_45604	33.9110846592249	-1.04668561878594	0.452089019925732	0.00136283079342867	0.0145444058235558
peak_90099	13.5324416203591	-1.51840865636406	0.739004116292798	0.00136480016866602	0.0145579095019383
peak_46191	28.4103885229378	-1.0298795535189	0.423776370399838	0.00136764874889063	0.0145819613364571
peak_21934	13.9644965255057	-1.4501433322578	0.648161710940449	0.001371261331991	0.0146113124917227
peak_83388	16.6600971703081	-1.32622281830436	0.584333060832169	0.00137188533683905	0.0146118541433207
peak_16981	22.0320204135572	-1.17320223784438	0.505220073738766	0.00137538032723306	0.0146370955514872
peak_24634	19.6504976127269	-1.21135313344454	0.519953833243218	0.00137982884514872	0.0146780624866999
peak_10173	29.2235613142627	-1.09487353809955	0.474940505414339	0.00138736822950428	0.0147439317718096
peak_25601	17.8059716234079	-1.31237979811864	0.582153052238392	0.0013910871334937	0.0147730143926664
peak_71378	21.532910454023	-1.27027446977679	0.592748526911529	0.00139877830066968	0.0148239680810527
peak_33005	17.545891954364	-1.41718671531366	0.730017861215055	0.00140719579312894	0.0148945992751655
peak_67800	10.0060213111348	-1.77887893567092	0.874349022612221	0.00142723622010359	0.0150754228129691
peak_26877	19.19707977863	-1.28904000388173	0.593797691765324	0.00143660948780194	0.015161865316719
peak_59445	12.5719054749103	-1.55167040832616	0.730358095275959	0.00144563835266865	0.0152319316075974
peak_88812	30.1813136637739	-1.07429231426752	0.468570556082398	0.00144974959703736	0.0152689388462191
peak_34531	9.78618553592935	-1.7531530353471	0.844799840846698	0.00145968533802292	0.0153513854464597
peak_94108	20.2854358797292	-1.33712722361084	0.590292215009405	0.00146311896076832	0.0153779804852058
peak_11798	23.2499342855709	-1.12267758865135	0.481029652451664	0.00146932749737441	0.015423644803856
peak_88186	22.6108780971406	-1.12166239522831	0.479234086858818	0.00147410987767063	0.01545526757617
peak_80290	15.4553955106555	-1.45292927608489	0.693586707066136	0.00147585667324768	0.015467220625325
peak_2290	27.8266731055658	-1.08058305775308	0.468573440429282	0.00147886679513861	0.0154923982775708
peak_24206	24.4005491473997	-1.10878782372804	0.474907468022589	0.0014796738524648	0.0154976686610046
peak_74171	19.1695403311158	-1.30167807610206	0.594749650139068	0.00148602109173726	0.0155545619756345
peak_24241	16.3083056269843	-1.31258940647036	0.59342292385492	0.00149895942753828	0.0156578458046439
peak_75273	14.2004603484574	-1.48169338488577	0.683988474012936	0.00151045382742826	0.0157525882764374
peak_98111	15.8418909985334	-1.36792596488309	0.64016783378016	0.00151468755396417	0.0157897893327371
peak_73490	30.2647867541632	-1.02808523632895	0.435588314052608	0.00151702006810875	0.0158108718709306
peak_94400	26.2721337824382	-1.06361392583161	0.453411799612194	0.00154304884360951	0.0160329913063531
peak_72155	23.5453582787691	-1.16271259677282	0.525449408404148	0.00155113536140332	0.0160994816130776
peak_3667	27.1112762171756	-1.11570093500858	0.495444160591592	0.00156770206294378	0.0162123692555517
peak_85311	20.8419014937903	-1.19141155592156	0.528877452754801	0.00157292421114144	0.0162534942227865
peak_41401	11.7530300744334	-1.56193402533637	0.74067285520462	0.0015853840609742	0.0163595206907165
peak_88695	14.0361484747413	-1.47202598387153	0.726569669856768	0.00159196485252667	0.0164174595410446
peak_54278	24.1020970306349	-1.13266443812416	0.499595379120805	0.00159626388559887	0.0164484863522926
peak_40321	26.0116224010642	-1.0906538636499	0.477824770272285	0.00159887367723682	0.0164620705386908
peak_85910	19.2949378392047	-1.274045532628	0.577926051862254	0.00160602032476762	0.0165156418472372
peak_1860	13.6192465448755	-1.464493437486	0.712376505266904	0.00160745900310579	0.0165204403814456
peak_64071	17.2984957596354	-1.32764120184526	0.649386864312542	0.00163228688225687	0.0167418585754876
peak_94106	33.5390506281436	-1.08962510443584	0.514644889150588	0.00163335424534514	0.0167494367564697
peak_75999	23.5170868905439	-1.14526122139064	0.5144866604427	0.00163784026957696	0.0167819380998093
peak_75000	26.7174573743717	-1.04480767297844	0.448156359006979	0.00164667891176027	0.0168619667316093
peak_103256	17.6402516174694	-1.34899469234182	0.660909109854241	0.00165409699486828	0.016924701862403
peak_58463	26.9919011398008	-1.03355312891875	0.438960003770539	0.00165922438996125	0.0169669504104622
peak_65432	25.7778172648632	-1.07595997688024	0.468506792986299	0.00166643175865792	0.0170235803740598
peak_71037	19.5317234888263	-1.20086405938641	0.53418230571683	0.00167128630408206	0.0170663335669793
peak_1365	19.5698765856045	-1.19242944490761	0.532799245205914	0.00167561407388816	0.0171002520358811
peak_4015	12.8043284315795	-1.5568754879136	0.868140623047495	0.00168439932099661	0.0171658572417216
peak_75631	15.1175766951048	-1.35520524066011	0.647980207471259	0.00169299838279129	0.0172397075184734
peak_24021	23.5121643620617	-1.08285508070311	0.470402680187106	0.00169351947328421	0.0172415702605569
peak_6224	27.5733452853945	-1.01003208759459	0.428646537402502	0.00171773521651364	0.0174328614841668
peak_728	15.9628622916771	-1.47769371709691	0.763118801876799	0.00175565422637407	0.0177606719019659
peak_96610	16.1974419698574	-1.29549103476387	0.601878058742746	0.00176075017604546	0.0178086904336151
peak_53676	27.768404291101	-1.01708129510157	0.439608246712638	0.00176539044590166	0.0178450034248101
peak_2485	16.0383960217729	-1.27666786924174	0.585282325895461	0.00176800665493822	0.0178572875017195
peak_42816	20.3375424037005	-1.15219488963477	0.515715657850677	0.00177184524362938	0.0178900938236029
peak_45718	12.0807856785662	-1.58288115228241	0.840300997885119	0.00178694040602165	0.0180105007538622
peak_83653	17.0555482865731	-1.27307679548998	0.599606618755089	0.00180605287790632	0.0181624086849964
peak_31565	20.8460573939322	-1.14466235374185	0.510173536855264	0.00181092162231537	0.0182006011897046
peak_17436	22.7609617986254	-1.06377661132197	0.461815885150836	0.00182448929592204	0.0183044886347661
peak_22296	12.5189609470413	-1.42243741132505	0.67736453313455	0.00185967057212115	0.0185770305231522
peak_75067	18.505207170316	-1.28949919052789	0.655037123599535	0.00186831512038862	0.0186524211333727
peak_22167	24.3246542406903	-1.1097957020273	0.499426431102487	0.00187913840582491	0.0187384609347524
peak_93916	18.8484503212922	-1.18027258091654	0.535034672991356	0.00190492019903525	0.0189584737981674
peak_79948	18.9206712406665	-1.17171203340301	0.52835686136606	0.00190726969718776	0.0189781523772082
peak_1017	18.0233229487025	-1.21106377413074	0.561302193389177	0.00194658536992146	0.0193090664729213
peak_57315	8.07763528117484	-1.86501787155192	0.959407243335491	0.00194726789296731	0.0193120795158201
peak_17991	11.9508486498617	-1.46078353086216	0.700101607780058	0.00195196270567021	0.0193511122907449
peak_72237	26.0658451672951	-1.05514267438362	0.476262748822443	0.00195621448626101	0.0193744273108982
peak_6207	9.01779897902629	-1.74778509224813	0.933130246861276	0.00196684122172702	0.0194607736330242
peak_92346	23.7025220336811	-1.04689606388127	0.457385272941145	0.00197098087836159	0.0194903861644965
peak_75993	22.3069234228908	-1.09663338705848	0.496750392887714	0.00197900038576921	0.0195398732592726
peak_92547	17.3511332070529	-1.2382851148902	0.586262385112505	0.00199159649166513	0.0196447163327603
peak_73528	16.4633398525803	-1.29339621773047	0.627168182209976	0.00199926341021997	0.0197050926413059
peak_4370	11.9756980161187	-1.46149592672434	0.707583117844567	0.00202502326977376	0.0199127939118003
peak_43096	23.2500708294007	-1.12355049857666	0.530896197361084	0.00202664393378066	0.0199210463866861
peak_86417	33.1264831173919	-1.10811623057306	0.592587761674146	0.0020266329888792	0.0199210463866861
peak_39141	17.2965403163718	-1.35007512841528	0.726131980760257	0.00203422059296786	0.0199685735758682
peak_89867	22.2584700846489	-1.12542789523908	0.517603837237165	0.0020397679868153	0.0200114701896796
peak_101357	23.4705458344865	-1.09936598176848	0.507035382870286	0.00204413974843512	0.0200389365917541
peak_73970	15.3174993314666	-1.28526996852707	0.606611397233676	0.00205327738793687	0.0201130453220652
peak_30667	18.0927609563669	-1.20184153679585	0.567512682144724	0.00205546816649324	0.0201267716414105
peak_85299	20.6272461629473	-1.19318233317739	0.58162231655837	0.00206097809626576	0.0201652330102104
peak_3990	26.0526199316177	-1.08049349108323	0.509081852453133	0.00207027268909603	0.020229182731475
peak_630	22.2225003525167	-1.10391094542244	0.511053600101705	0.00207707381641292	0.0202876792344117
peak_69259	19.3457964786432	-1.16806047563156	0.544418923445944	0.00208548146210544	0.020356775401141
peak_60845	26.8870971204225	-1.0462491505743	0.481627637784291	0.00209090055452712	0.0203992835195407
peak_56068	28.5580999084143	-1.04575296017993	0.489615109067918	0.00209690721346828	0.0204305200049482
peak_44897	14.5998825411324	-1.37644270525594	0.715319884203647	0.00209737977656498	0.0204312199633057
peak_101705	14.7392599007942	-1.31135138524407	0.640749677332261	0.00210668448397823	0.0205023831760584
peak_20344	15.9402289426298	-1.30165884039268	0.614379859474185	0.00211557361268476	0.0205652309278065
peak_80070	18.4171113826449	-1.18905405629518	0.562666790994208	0.0021168346409416	0.020569645702887
peak_67133	14.0226667930141	-1.40983219688763	0.75882221522111	0.00211739018763436	0.0205711234959461
peak_41563	25.7678846459113	-1.00252740166597	0.443517416998911	0.0021311090796966	0.0206925780874902
peak_15435	24.6761506645432	-1.06257727498468	0.489865596481814	0.00213421007763718	0.0207147982140508
peak_68363	23.8417554282928	-1.073943491432	0.494857240137153	0.00214091961545891	0.0207601611855816
peak_41362	24.7323313547277	-1.0774909180321	0.501512877317201	0.00214368787845965	0.0207791007929931
peak_103250	17.4276287914716	-1.19774880615588	0.560240828885342	0.00215557842253879	0.0208705509782686
peak_9042	14.5608279887019	-1.31976508982686	0.658042361872741	0.0021821658889609	0.0211029856783323
peak_28532	21.2259711718639	-1.13155080848134	0.539704598149099	0.00219731519931462	0.0212142232062593
peak_5192	14.7975573735422	-1.30789792525575	0.648349696022369	0.002229814395167	0.0214500904460694
peak_47064	18.0319211738248	-1.26021214281667	0.637881897183649	0.00222977155395414	0.0214500904460694
peak_3058	11.0641398363755	-1.59963666478491	0.94644718087417	0.00224254608884921	0.0215407789913462
peak_26354	12.6825733099779	-1.36841031858749	0.673419962232055	0.00225365798986816	0.0216271421553582
peak_79965	15.5884849310275	-1.24977063889768	0.601564201099913	0.00225824493034865	0.0216507852611426
peak_55010	16.257069899663	-1.20917945841637	0.572298398932099	0.00226069172238277	0.0216683182934091
peak_71709	23.0002432061679	-1.10192341353809	0.523888661677842	0.00226620780007539	0.0217067200628676
peak_65744	20.2316535707199	-1.16829518935902	0.576260514975359	0.00228442995486546	0.0218517520852494
peak_57421	23.9094189093836	-1.01079695506067	0.450888134308938	0.00229200588412752	0.0219044446125821
peak_99071	20.8895585606562	-1.13385967501525	0.540431642991672	0.00230129362835776	0.0219602764243774
peak_82149	8.97345170610004	-1.70370030652258	0.880958601246119	0.00230214888207354	0.0219643268902323
peak_41868	26.2003447689727	-1.02831160836694	0.475972382085969	0.00231823754880295	0.022100072830684
peak_61864	25.0862523315937	-1.06785922466938	0.509804969776717	0.00232685657505868	0.0221627329228362
peak_89692	18.4050165395836	-1.20562011767125	0.605764232911762	0.00232844870480428	0.0221737552602075
peak_36559	23.4042419578696	-1.02091988002836	0.459283393685645	0.0023303128274518	0.0221873631784235
peak_1735	27.5600961957585	-1.00992420013952	0.468925941049674	0.00237217684639113	0.0225102938191137
peak_59556	25.6699913774371	-1.00824822387499	0.457143926122033	0.00237190054705768	0.0225102938191137
peak_42383	18.5185853773301	-1.25957990684264	0.671390738908639	0.00237633715801195	0.0225455761701521
peak_39678	19.935553278895	-1.11029733061039	0.51821797998637	0.00238227323738948	0.0225850842844069
peak_31828	23.838102453125	-1.07598243149935	0.515125956675562	0.00238624388253779	0.0226143179544743
peak_92455	14.5810489313201	-1.31080495892438	0.667992990733854	0.00240205414903647	0.0227472386409312
peak_3232	19.5585379469175	-1.12529819688768	0.529518173311132	0.00240447707983358	0.0227581518110361
peak_54137	20.7705081168488	-1.07301631793816	0.493018751161638	0.00240508303458474	0.0227581518110361
peak_83261	15.7380062030985	-1.24715137669369	0.607481121982459	0.00240423751100848	0.0227581518110361
peak_65208	10.692233397062	-1.47580851780071	0.754944477777697	0.00242893039561837	0.0229591110773078
peak_2023	26.7614865293942	-1.0683637104952	0.531813159273339	0.00244078950398897	0.0230375653364765
peak_32167	20.4482694332311	-1.19169390606592	0.630023910817119	0.00245829726200718	0.0231594131930337
peak_1418	13.3937763963013	-1.34152604541884	0.688097038148227	0.00247436074439566	0.0232935297108118
peak_3222	26.4838561071794	-1.00689690386932	0.469042298313875	0.00249028134067791	0.0234217827773112
peak_85298	12.3516118514265	-1.45424530422832	0.804322856277538	0.00249330343301772	0.0234458813787977
peak_39375	12.9898488252345	-1.35620687083088	0.687022770967801	0.00249761120148163	0.0234777294835439
peak_31561	23.9625102002924	-1.01441749117888	0.466638227816282	0.00251973346237412	0.0236377424678209
peak_24118	16.0068403267012	-1.237437871185	0.628508827903536	0.00253959251617847	0.0237933965508775
peak_49698	23.8669085041282	-1.1094810431639	0.565142203157658	0.0025426125137631	0.0238128132636686
peak_99059	21.8054274025009	-1.05017347904214	0.488884024054294	0.00255025490255141	0.0238669780582758
peak_61906	16.0993361687801	-1.21948534768544	0.598721895822579	0.00255231856232818	0.0238775255447458
peak_48075	12.8334356170636	-1.37876924093204	0.745377115962722	0.00256232193554785	0.0239447482048832
peak_31837	24.1322062188175	-1.00498588341348	0.460543364387993	0.00256977621658694	0.0240027332606397
peak_61534	13.9203396723931	-1.29635160013345	0.660643783974635	0.00257864833408773	0.0240532316066222
peak_9505	19.0270597861151	-1.23376444434783	0.709349621919905	0.00260883923477521	0.0242697292038272
peak_45836	12.3102896494731	-1.39206083115995	0.748997232097291	0.00260947427716198	0.0242697292038272
peak_39739	14.3043639758712	-1.32799378893262	0.685109418552117	0.00263055770166659	0.024443523779328
peak_51522	12.9448256688285	-1.34435799247468	0.690665830396839	0.00263045779718443	0.024443523779328
peak_44578	14.4486933023028	-1.29755021226636	0.673717292734324	0.00264363571137946	0.024536036796134
peak_68694	24.8721781398019	-1.0663532504838	0.531027804414203	0.00264775297632537	0.0245630155114493
peak_54869	12.0650079691493	-1.40963894050723	0.750196015886032	0.00265086898364619	0.0245874487902828
peak_50772	9.27489400335611	-1.61436503492346	0.965369284236155	0.00266502714053892	0.0246918178788874
peak_82355	23.0931050238307	-1.02081582372835	0.477928765735927	0.00268585634641445	0.0248497171586473
peak_21615	27.8975532918371	-1.03939833974777	0.511321648979168	0.00268710332845358	0.0248557057881957
peak_7974	24.7723289626786	-1.01182159512671	0.472515669236913	0.00268787286575183	0.0248583141544028
peak_17008	18.5843974559522	-1.12573651414263	0.544067084680936	0.00270028598598609	0.0249414458843273
peak_12150	19.283921872527	-1.09697368872863	0.522142959093878	0.00272507213954943	0.0251304824370686
peak_38288	19.1986129063844	-1.13351469502179	0.569500066473857	0.00277519459534115	0.0255177766705255
peak_30729	17.2066135722715	-1.20847923418576	0.621794108291106	0.00278191381501115	0.0255538997213671
peak_56259	21.0739289519588	-1.12893300854047	0.588584538992008	0.0027810354053396	0.0255538997213671
peak_29935	18.9113517956249	-1.16699385874421	0.612616979319836	0.00279103021628242	0.0256217980927935
peak_357	15.185433726001	-1.22877116642305	0.623647822781926	0.00279821989873354	0.0256785528719994
peak_37386	13.0585667998022	-1.30271195664938	0.673964309227542	0.002818898608013	0.0258125654504581
peak_90435	18.8279183415767	-1.11526996254007	0.546352078572114	0.0028238476407335	0.0258439590397484
peak_104617	13.9424330033395	-1.25957960894887	0.637528401017885	0.00283082437821691	0.0258845788643772
peak_89960	20.0580643968959	-1.10264835596705	0.543756657740775	0.00283221228781181	0.0258926260904381
peak_34359	18.2442382249184	-1.11735826921658	0.547134519479769	0.00283800255558648	0.0259316125984108
peak_79776	22.8517220886952	-1.04055419964392	0.499969468562643	0.00284210596872755	0.0259598020282233
peak_81787	12.4303655875863	-1.37337359375241	0.766619885004439	0.00284803555252676	0.0259904294401677
peak_48991	17.6813650658077	-1.12915183546924	0.556664923742381	0.00287181308747613	0.0261468325139389
peak_73355	19.7309056031837	-1.09691283547341	0.537638532808375	0.0028853241293463	0.0262230189053209
peak_39667	14.9751316685015	-1.28660930149712	0.761437268986708	0.00289570055870766	0.0262822976413695
peak_32133	22.8273993202089	-1.04252164203255	0.505953730357079	0.00292635313734713	0.0265014282523589
peak_103374	22.6800015138823	-1.06405788782799	0.53847606878104	0.00295466600558547	0.0266961901401348
peak_33093	22.9901522423323	-1.01471481658364	0.48451671681929	0.00298638126289455	0.0269207275583348
peak_107406	19.1340589674489	-1.08827297610091	0.532201432740653	0.0029858978281764	0.0269207275583348
peak_61247	16.8523871022117	-1.23415900026468	0.710856422157999	0.00301888881341497	0.0271226546327358
peak_46792	20.7755172756113	-1.05644135070425	0.510074101155351	0.00302078652928403	0.0271301430301349
peak_104909	11.307023750712	-1.45933136791176	0.826976154704327	0.00302136816153405	0.0271305877217286
peak_41011	23.3197884170998	-1.02637121538721	0.503059208461476	0.00304797412869471	0.0273117766125885
peak_25533	24.6428730184875	-1.03768987666468	0.527381997011727	0.00307893659882069	0.027488608100558
peak_51076	21.511770006989	-1.01411251034363	0.484415605897144	0.00307913346801609	0.027488608100558
peak_83242	14.101613123396	-1.25929553811057	0.65937842959741	0.0031151430648151	0.0277381565320752
peak_7006	11.4353941964619	-1.38627531589157	0.755560521392416	0.00312628772137317	0.0278115372310222
peak_45212	18.1981749758723	-1.08405753978447	0.528146594845274	0.00312665695305023	0.0278115372310222
peak_23471	16.0020257846752	-1.21859448568109	0.671537080383092	0.00313048223733527	0.0278291441778914
peak_31747	15.426900636792	-1.23309340214283	0.683891000613536	0.00313832268969863	0.027876397326999
peak_95620	14.690012521276	-1.20650445305371	0.61940941787161	0.00314017291680606	0.0278879735823504
peak_17381	21.8047008299173	-1.01784600011755	0.494065910906034	0.00316198113010484	0.0280084728803901
peak_95101	15.0605833864247	-1.2344186863626	0.653366764593338	0.00317306721823578	0.0280822782831053
peak_46777	15.747463834796	-1.30891662768719	0.84540785993496	0.00318028382707467	0.0281314974335929
peak_70909	15.6639708206846	-1.23611848121952	0.697766808420118	0.00318279327496518	0.0281439295729058
peak_59772	19.3624772983705	-1.09061666463331	0.554829201315929	0.00318668787310621	0.0281673399998011
peak_70789	14.5674745687889	-1.25581605333511	0.703892460051629	0.003199540510084	0.0282337035484566
peak_94030	11.3878536400318	-1.39214608663755	0.763729404283116	0.00320673306621677	0.0282722621674093
peak_53948	16.8109794429674	-1.18310604115167	0.657279561041477	0.00323869382768961	0.0285195239203079
peak_102743	14.3860028587949	-1.25677458773648	0.682329332005917	0.00325542853913695	0.02861790883292
peak_1069	12.6167134239666	-1.33671191725272	0.773063465009863	0.00326881236284704	0.0286955349745385
peak_86662	24.93880891374	-1.03166140388752	0.541805374635516	0.00328616709742588	0.028798301070704
peak_64350	19.6081848598741	-1.07589743181317	0.538534709213968	0.00331312035213427	0.0289697743567001
peak_48908	16.0242192718633	-1.16418953640159	0.608564112715348	0.00334401773329041	0.0291649141548999
peak_14839	21.6051013938842	-1.02098955571231	0.506214350528021	0.00338120434446796	0.0293836858201881
peak_19185	15.275720546961	-1.21645929892428	0.676785328719096	0.00337666965437531	0.0293836858201881
peak_55860	15.8926036068288	-1.1721929882377	0.626875944414922	0.00341592267215304	0.0296046631586597
peak_101626	11.6499848169758	-1.35695488631951	0.757550568034105	0.00343211640509779	0.0297096582394424
peak_25544	17.4910587125499	-1.12662353447255	0.590467934117893	0.0034489785304158	0.0298151270518447
peak_63386	10.4671416434353	-1.40409460215994	0.796826959344158	0.00346711099543981	0.0299414161946975
peak_42267	13.1965074572655	-1.30328146747839	0.728875690174828	0.00347720197296934	0.0300031510905085
peak_82549	15.5130684235932	-1.16215829636744	0.608718812654074	0.00347956880375138	0.0300083381305933
peak_4539	15.6284399823609	-1.17804428381007	0.630505191842109	0.00348905053274759	0.0300596029845672
peak_65078	14.7300353776525	-1.18457092770931	0.623034573325247	0.00350773543053546	0.0301979064248742
peak_28549	20.8364016065832	-1.0656365405902	0.564413283353805	0.0035169759735667	0.0302490784393171
peak_4659	21.4137581692373	-1.08431768760044	0.596270735411712	0.0035238064809413	0.0302771818734872
peak_81159	12.1465567938339	-1.2971792866336	0.718767132792865	0.00352704654716108	0.0302999149542636
peak_43520	17.2297404387027	-1.15389208612802	0.63683024738816	0.00354386015329023	0.0304033743522893
peak_31512	21.5517812106306	-1.0025539691728	0.495034246500067	0.0035483235531017	0.0304365452016223
peak_22730	22.5233260115413	-1.04663946316373	0.551663595241274	0.00355412861463995	0.0304673397850431
peak_76519	21.1288548383135	-1.007521987273	0.498374392437971	0.00356009007161355	0.0305037727635095
peak_41714	22.3644216413018	-1.01099901223811	0.501964561566449	0.0035686496697663	0.0305531599275758
peak_64159	22.7940918505834	-1.01502975516223	0.518694241127804	0.00360456612035732	0.0307894803505676
peak_87270	16.9381104605552	-1.11076847852203	0.579323606927746	0.00364400376527494	0.0310172247038912
peak_83514	14.5379270042478	-1.23388988069456	0.768088948509285	0.0037018524470758	0.0313996770501013
peak_90609	20.2295574797476	-1.05198170251303	0.551624511702419	0.0037024841804654	0.0313996770501013
peak_41477	20.2370145910655	-1.03361705898244	0.526613991247854	0.00370540593154651	0.0314140051256785
peak_92755	12.0675127757216	-1.28046162207417	0.702384328175741	0.00370863719701376	0.0314257231389303
peak_34132	12.4165988113171	-1.29185095168709	0.764365627258376	0.00371606168803407	0.0314677165298298
peak_93294	16.9804755027954	-1.12194997598519	0.611044812140184	0.00374750409955624	0.0316809167723127
peak_59773	18.6634624924286	-1.04673372282454	0.531184171917115	0.00376236669109725	0.0317701272130315
peak_2493	25.9531552885015	-1.01043440799514	0.524732011464	0.00378995294649825	0.0319667604688382
peak_55699	16.2425322019718	-1.13584526502733	0.606798810595155	0.00382375760237511	0.0322085090227486
peak_1794	20.639062078956	-1.0024993427253	0.506152314887003	0.00383685411803857	0.0322974812716385
peak_32341	19.5482791642826	-1.03341427134807	0.530515454140794	0.00384274707072005	0.032331072961672
peak_43832	11.8340276166904	-1.3443980228379	0.836023552441757	0.00385175683363613	0.0323855003165851
peak_39543	21.2444197396906	-1.01493366612113	0.524312460030264	0.00385945386769608	0.0324448664300663
peak_6509	15.4570830349549	-1.15451524213097	0.620280485184517	0.00387094405766877	0.0325158546761949
peak_53781	17.5088111002206	-1.1044727781853	0.596961749297942	0.00388704076066348	0.03262836026065
peak_49748	18.0971370620616	-1.14124229492642	0.610171186391065	0.00390043338730839	0.0326977140225757
peak_65441	20.0556893763879	-1.06565441922574	0.571480865298406	0.00392142953016352	0.0328359346403214
peak_57789	15.9483335402775	-1.11825695055769	0.59625150949282	0.00393328231600879	0.0329027616347866
peak_86524	17.3933042513009	-1.13500928462962	0.619528547070206	0.00395405362879986	0.0330331604650155
peak_29934	19.9519359959239	-1.02947315168655	0.53475259199274	0.0039578477580694	0.0330540255189068
peak_34498	15.9485884296741	-1.12563856859259	0.621409470244701	0.00400990757852025	0.0334176442952654
peak_85002	13.7113445744075	-1.18954650549719	0.674102945440932	0.00404395875502561	0.033608032776485
peak_82308	21.7410325750785	-1.01442383459786	0.536550251248044	0.00407925104909752	0.0338071402488374
peak_18303	12.9353208726327	-1.27564069299224	0.761093133823649	0.00408308792489365	0.033828456441116
peak_73808	14.8514514552875	-1.17970824412472	0.680629318308389	0.00409039419398571	0.033872476591612
peak_21587	19.6172277986573	-1.01373591746311	0.520169162542452	0.00410539866484791	0.033980171481483
peak_37985	15.8460974879639	-1.13863742527698	0.627701179360959	0.00411104015225	0.0340047847505871
peak_8670	16.1051124204386	-1.13228699381246	0.632584494915059	0.00412109902917214	0.0340714050756236
peak_14696	18.0760624619311	-1.21963422830437	0.687419157219301	0.00412765803757896	0.0341134132862738
peak_35023	17.6782798155667	-1.11153130126067	0.639323746006005	0.00415098043771839	0.0342518026537482
peak_8222	8.65849824956358	-1.46551162153288	0.866233447100959	0.00416404595870457	0.0343207318542695
peak_47619	13.2629461406272	-1.20452205065817	0.665898585430502	0.00416708827533607	0.0343402558277493
peak_61519	18.8749006113081	-1.03547197816988	0.549998174303949	0.00420440627456299	0.034586295307336
peak_47598	10.5668701688818	-1.37571822615651	0.820522568493271	0.00422796380519302	0.034735250172667
peak_79444	14.9218963577196	-1.14631992424287	0.665990530400104	0.00429746051529978	0.0352041005515866
peak_7707	14.8792023314594	-1.17017715612789	0.719996715883064	0.0043044518037937	0.0352500449194066
peak_53766	18.2232017474341	-1.04208341591406	0.54435766880883	0.00431724842083358	0.0353341048826083
peak_93149	12.371964519343	-1.25578713567621	0.813615230959527	0.00431748859331286	0.0353341048826083
peak_65559	15.4805235297543	-1.12943872520575	0.63694313206456	0.00433870263783366	0.0354735555953475
peak_85777	15.9370998350071	-1.14369043869373	0.75511708415791	0.00435884389254266	0.0356210954808752
peak_9829	8.41364861954534	-1.48789276764856	0.974056656735822	0.00436319266516687	0.0356452076952729
peak_36196	17.1622742056659	-1.05484084350362	0.568369141535423	0.00441386489033523	0.0359727166398069
peak_58257	18.0395688686587	-1.04149957681266	0.555256348888691	0.0044903692569239	0.0364447575507039
peak_99953	13.963657196394	-1.1572837180744	0.666639326596088	0.0045263693470723	0.0366843852376138
peak_53625	16.2868564210434	-1.10186087422158	0.632302594120536	0.004570483664239	0.0369596637755575
peak_65451	12.483829448957	-1.27277374716783	0.892799088615529	0.00457784440099684	0.0369957163780671
peak_75320	14.374333672232	-1.1331484397752	0.640163530837516	0.00458332168613321	0.0370106492697478
peak_50786	11.8475612276304	-1.24948321684661	0.8108730878381	0.00459494614982231	0.0370751581571198
peak_7739	17.5246362741419	-1.11229581076454	0.671249663791781	0.00461027008089182	0.0371635146789487
peak_35042	17.2375997005202	-1.09084421652778	0.62903323000872	0.00462862847706282	0.0372828039782498
peak_21486	20.689032822198	-1.01104350973265	0.556956069320126	0.00464077585719341	0.037371574645513
peak_34490	14.2619526849008	-1.20458930162116	0.804330636436438	0.00467829542379781	0.0376130425802367
peak_38313	9.12098239583938	-1.37402737354317	0.838022718767588	0.00468894005773441	0.0376700500216262
peak_76603	10.9934126355094	-1.30125139282059	0.858740663909468	0.00477898247703148	0.0381794422710635
peak_59622	13.3132045831155	-1.17286844578552	0.740882715137788	0.00478929187766794	0.0382261654132619
peak_78500	11.3662015158386	-1.24663680796154	0.781085857618742	0.00478932931902712	0.0382261654132619
peak_106072	15.5115560422906	-1.1416278271701	0.690373331084079	0.00486943135897971	0.0386958895369295
peak_17906	17.0066988749575	-1.09181023307554	0.664014796172109	0.00490061150535919	0.038883065392506
peak_47990	14.0339053349408	-1.1672804327154	0.778330432801983	0.00492509854587008	0.0390045160701665
peak_1396	10.8238578748201	-1.2806183772207	0.851462508220645	0.0049840505820639	0.039385741316973
peak_62166	17.1511450418484	-1.07361073332287	0.66014629581566	0.00501441981407118	0.0395460492869657
peak_99340	10.907910428712	-1.2507317063158	0.760702244416062	0.0050483317409254	0.039752006508544
peak_49975	17.8449551097828	-1.00859127816935	0.550228936715051	0.00505841792537024	0.0398252773846397
peak_12320	13.8039885894274	-1.14660437374687	0.683215222632695	0.00507331330949135	0.0399117346702246
peak_72163	21.7609619304376	-1.02288898230199	0.648535760843113	0.00510435367993093	0.0400927925204972
peak_106581	17.3991580551828	-1.02769876142702	0.575962342646239	0.0051055420149013	0.0400927925204972
peak_97153	15.9703603790972	-1.06692065278072	0.610967168555155	0.00513587802572785	0.040287671822686
peak_32164	12.9777318857026	-1.16239183595867	0.675085416130531	0.0051830729320603	0.0405561934490526
peak_21993	12.2260681073643	-1.18321144751626	0.75565448504575	0.00519304154015807	0.0406154956230249
peak_102640	11.8759517434928	-1.19692302062177	0.746438726579266	0.00519412409415195	0.0406177317583483
peak_19334	17.5906034981514	-1.03428200389877	0.587920142828471	0.00519911460658377	0.0406380587661015
peak_39818	10.3130080465932	-1.27219018848222	0.800315253572634	0.00519878798628209	0.0406380587661015
peak_72401	16.320225704972	-1.06617782499257	0.642410969110141	0.00521414808915806	0.0407305890108492
peak_72468	14.6189036128765	-1.09842885429686	0.646251426979196	0.00524409342607402	0.040884247841471
peak_83547	12.8372983432148	-1.16947698160822	0.733262289685427	0.00524753598985156	0.0409036645740058
peak_107564	12.0204927848902	-1.18782776604349	0.710388227189798	0.00524894040109056	0.0409083575802512
peak_77974	11.3649392247169	-1.24179727741293	0.888823395306287	0.00526693165143305	0.0410172257797412
peak_56369	13.4586945577901	-1.13246864130292	0.681738372518254	0.00528936632748794	0.0411479450066066
peak_9848	14.1007517585397	-1.09376539921315	0.630828609452086	0.0053020790300831	0.0412153989065127
peak_35848	20.8343475035848	-1.01665484320521	0.637409560326099	0.0053538540501623	0.0415545140206386
peak_17425	17.9528475502682	-1.00080427113432	0.558979266104406	0.00538748473417893	0.0417392944319779
peak_82659	18.7422603041338	-1.02339761588158	0.61283364269557	0.00539416927016555	0.0417720404630409
peak_100085	9.28128850792559	-1.33877300732753	1.03205899994604	0.0054086847698182	0.0418653714397982
peak_94593	20.5850080589253	-1.00815443741984	0.644207957954156	0.00543459736436494	0.0420212892355946
peak_4240	15.9925220451479	-1.0644958133314	0.65056055350227	0.00545377647647616	0.0421248670549331
peak_48241	15.0060169352419	-1.06928639380745	0.613482763113052	0.00546154962997016	0.0421721292493803
peak_82301	18.3610915915215	-1.00659035797045	0.569955412567565	0.00547402398722088	0.0422556528406425
peak_32143	16.1504675106591	-1.03251314731972	0.588639991840164	0.00550074714064936	0.0423943862345612
peak_17907	16.0331386724976	-1.05816980422389	0.632379594293258	0.00550928114628523	0.042437861991917
peak_51589	17.137237959441	-1.000633967524	0.549305769197404	0.00554014489057902	0.0426112275442845
peak_63871	12.6614434994829	-1.15185700293413	0.68519947701573	0.0055533408171015	0.0426805298312839
peak_31835	10.5230815731665	-1.23418525457943	0.80159694746407	0.00556753121963603	0.0427573650797353
peak_7485	13.9983819464075	-1.13801364688018	0.721928873664978	0.00559514648688783	0.0429254320127635
peak_98360	11.6007613731775	-1.17847453506296	0.735334471033072	0.00565846732997765	0.0433317235335297
peak_73814	16.3423083357955	-1.03611047056904	0.585841263849052	0.00566083321933137	0.043340375364787
peak_55769	16.3840414824151	-1.06657719875028	0.709712368103211	0.00568384507896797	0.0434868735288507
peak_91379	12.4514803013502	-1.17655419153573	0.738061119528799	0.0057048119430442	0.0436145661610514
peak_73887	14.8452340019696	-1.05841868267005	0.628210864688391	0.00581417593256869	0.0442846689719073
peak_22223	12.6910235265462	-1.11968199059741	0.673178451050344	0.00582012844007153	0.0443168865815664
peak_83743	18.2596451895844	-1.02272297499846	0.671756273946808	0.00582689755435959	0.0443484398726046
peak_33325	15.4462416802262	-1.06680641289615	0.651086584686069	0.00584329673844335	0.0444135848995636
peak_82347	13.344869079917	-1.13107827155588	0.730828617357927	0.0058678242477312	0.0445535200439052
peak_64342	17.0695127183035	-1.01515074323421	0.6089594751528	0.00590864501440465	0.0447900943658096
peak_24720	11.5498300050914	-1.16837625498668	0.750552601391518	0.00593081505178497	0.0448980751641141
peak_91951	12.4087899701141	-1.13225338746631	0.68987425531164	0.00594157920554902	0.0449662100896723
peak_44972	15.1510102782365	-1.06073709048482	0.657392690581216	0.00595977832487668	0.0450504459113658
peak_82207	14.6657158398107	-1.06097291220805	0.660722120847654	0.00605054255970544	0.0455945851240233
peak_2320	19.0532120576128	-1.00470562992171	0.677480146615165	0.00606380407137888	0.0456540334293154
peak_61673	16.0876875213234	-1.04621493782498	0.649577466869544	0.00608926945581261	0.0457714127191599
peak_43810	16.0623737890995	-1.03477303794041	0.612990387499077	0.00609241623749947	0.0457879140397881
peak_51775	14.579449676267	-1.05518662832254	0.619097560185641	0.00609438078051781	0.0457895812666491
peak_37850	16.1616920929242	-1.02864742555469	0.629152067800433	0.00610891295626055	0.0458852439581468
peak_82352	12.198175719674	-1.14279228132841	0.834383706072183	0.00615755099319837	0.0461893327849363
peak_4602	15.3507389083836	-1.09155742432485	0.765338387603356	0.00618869439997687	0.0463807019056725
peak_18909	14.8160562079037	-1.05632576860901	0.64052060115983	0.0062817225228919	0.0469068401511667
peak_98502	11.4548831894243	-1.12955550844516	0.713175563354143	0.00653784846138467	0.0484503984959533
peak_50715	14.724349957704	-1.04281368910797	0.635750419850836	0.0066156139274207	0.0488190330672372
peak_24854	12.2096051600374	-1.09591506663042	0.678524552287843	0.00663428600942187	0.0489303784863856
