PeakID	baseMean	log2FoldChange	lfcSE	pvalue	padj
peak_65877	234.373102696111	2.53435017684007	0.17578353143774	2.88402564030331e-48	1.47044931296505e-43
peak_102812	320.637205032415	2.5047624573185	0.184579776035385	1.15808210885564e-43	2.95229872010567e-39
peak_5890	150.545268358752	3.5783139457909	0.269429372133425	7.77670892093956e-42	1.32167760347675e-37
peak_92335	177.729975503297	3.0315984680751	0.238184439813076	4.4841663884698e-39	5.71574268706303e-35
peak_22746	114.881923914471	3.45117437181003	0.26908101518491	7.27055248859144e-39	7.41392778366646e-35
peak_73551	153.73340306118	2.83142081309788	0.22265295930934	3.14842331796801e-38	2.67542518816528e-34
peak_25588	120.449974422255	3.41381799496398	0.27103091696155	5.18419405193976e-38	3.77601882760287e-34
peak_30425	218.131315351307	2.78050892153061	0.222622396383091	2.14015250275541e-37	1.36397269381859e-33
peak_82504	112.227569600142	3.34699528681686	0.270137171428842	1.41921745076134e-36	8.04002454939083e-33
peak_97603	120.570845499018	3.70309809256103	0.315545764519153	2.22656452816416e-33	1.13523619032978e-29
peak_62911	148.311037030611	2.55107914478447	0.217481453001484	4.24780346218484e-33	1.96889552111778e-29
peak_82772	130.218602703895	3.10756670538138	0.272124254488275	8.79732076938352e-32	3.62011320622753e-28
peak_87755	104.190531057529	3.05186775382262	0.265720034539207	9.23027334581216e-32	3.62011320622753e-28
peak_6924	78.9711918003667	3.74113858975889	0.333225222846479	1.21194332938862e-30	4.39417861145884e-27
peak_11067	171.207803212922	2.52096254160729	0.225464175541982	1.2927603493485e-30	4.39417861145884e-27
peak_93181	94.9735703823672	3.53871011139365	0.321869120560021	8.72447811808746e-30	2.78016400830504e-26
peak_48409	124.074479526941	2.69234572343162	0.251865839261208	6.66778297645288e-28	1.99978578139663e-24
peak_93179	115.049722800311	2.43800554316687	0.22799556275512	7.78904593507534e-28	2.20629053358751e-24
peak_52846	165.996600302101	2.42938466941956	0.232497288333087	4.58082411487289e-27	1.22925209642584e-23
peak_75051	70.3555042675522	3.93152921120848	0.378017200483497	9.94609563033293e-27	2.41481729432455e-23
peak_82515	74.7363854854026	3.38302237234174	0.326651589477164	1.56506707770563e-26	3.62711409199541e-23
peak_74953	66.858066081324	4.58690366185549	0.447767168016967	2.70062047407551e-26	5.986688499618e-23
peak_56566	69.0646634478701	3.3787885162697	0.327594943959458	3.83147517922096e-26	8.13964972865666e-23
peak_93241	90.6024544172677	2.82491073101269	0.275518932423547	5.08815818126567e-26	1.03769933212005e-22
peak_98381	88.7163375758134	2.73954972388695	0.268343185883174	9.82341787187836e-26	1.85502512450219e-22
peak_856	100.71040945803	3.09248649697361	0.307675951065933	2.36505226281745e-25	4.30659123828609e-22
peak_53053	61.2956571125138	3.91897329996298	0.394937982053384	1.22003857012226e-24	2.14499608745702e-21
peak_765	139.153433515611	2.47771519377313	0.251917302007999	2.2320603384081e-24	3.79346094713585e-21
peak_60204	161.110958169341	2.3990334478148	0.245349169612727	3.29715912922423e-24	5.42286952782667e-21
peak_42795	216.966710216228	1.91280782397573	0.19489772046434	4.08105362299833e-24	6.50239375069352e-21
peak_29904	144.343775321405	2.05016383823732	0.208544511960801	5.3558426683001e-24	8.27493922078632e-21
peak_4935	52.4504580344722	4.02092893537883	0.413641422260732	1.49003488691821e-23	2.23443878660036e-20
peak_80571	126.169603013678	2.81124146770851	0.293526283769621	2.04924697568639e-23	2.98522589435275e-20
peak_25771	107.678952775979	2.59617763194126	0.272269999564369	4.57855012159513e-23	6.48449879165692e-20
peak_58856	78.2609894840521	2.79343442290148	0.292297752137071	7.22473233185665e-23	9.95568115329847e-20
peak_28727	69.8753829471608	2.90844374560226	0.305138212637039	1.03017720880367e-22	1.38222671494905e-19
peak_32943	52.5299660800798	4.31174250587517	0.455925079125011	1.18151471275379e-22	1.54463356780678e-19
peak_58042	105.510184694411	2.87593920066635	0.306658724641856	1.29570131212287e-22	1.65156567749742e-19
peak_51981	66.594615343035	3.69442065819166	0.399449442133905	2.00585511834494e-22	2.49440314790085e-19
peak_70825	138.368345641989	2.32758014093038	0.248741713652376	2.19017036433729e-22	2.65876252847859e-19
peak_1357	101.24229256913	2.36587236856755	0.251815119442637	3.02578605888049e-22	3.58773786042048e-19
peak_89818	55.5202988961641	3.58698738793795	0.385708975886445	5.87066218964556e-22	6.80276323639246e-19
peak_6927	66.4397634906534	2.80730843664819	0.302200147086298	9.94950762032653e-22	1.12730132339993e-18
peak_91135	61.0944886233942	3.47375955828064	0.378656441918938	1.70488511981112e-21	1.8494738876317e-18
peak_82519	54.9585821524714	3.23218997868085	0.357594336633053	8.46404444639677e-21	8.80709734987726e-18
peak_13819	171.318526512907	1.72272697959789	0.189818015168487	8.67262590110292e-21	8.84365008387267e-18
peak_98005	75.6150288310817	3.08676168232024	0.345880753214451	9.73152903264452e-21	9.72885763251791e-18
peak_85968	57.2781162474302	2.92758040840045	0.326348027746862	2.08991641199916e-20	2.01049958834319e-17
peak_16611	42.9061291491513	3.68888592524951	0.410843462934871	2.336450235958e-20	2.20604169871397e-17
peak_9335	75.0773915466666	3.21926110015604	0.365082455206688	2.52022124457177e-20	2.33629091592248e-17
peak_51507	52.1138162898823	3.84408665847886	0.434394272111378	2.67847991466091e-20	2.43866030230181e-17
peak_24006	89.3646449361764	2.2999828879253	0.262146868816302	9.15544360825451e-20	7.91185504763499e-17
peak_95592	53.8356978839071	3.11563367921199	0.356654726060883	1.40264523731961e-19	1.19192116783296e-16
peak_1358	58.8502718677732	3.46084719385613	0.402460847358978	1.56714136841478e-19	1.30987327557371e-16
peak_9763	127.169495560288	4.27065598274465	0.502087526670442	1.81457381684866e-19	1.49222355848138e-16
peak_5491	72.558602292173	3.09006971915868	0.362581562240173	2.31459928284635e-19	1.87320887357466e-16
peak_90421	71.3984454547936	2.531148278209	0.294781690919955	4.41604616150066e-19	3.51807077484801e-16
peak_92374	65.3985160269245	2.56567853998804	0.30050458179225	8.92841150345876e-19	7.00344598331305e-16
peak_32128	44.7930672553007	4.27303278476635	0.51263113854925	1.26701912988649e-18	9.7879147509686e-16
peak_21126	101.968568566825	2.09962659967739	0.247192003109376	1.37169716299507e-18	1.04384106794727e-15
peak_60564	457.966344546656	1.16322191379493	0.136140468411356	1.49046132712065e-18	1.11753913565549e-15
peak_85662	58.925176280491	3.00961470714531	0.358038244710343	1.58797482732964e-18	1.17339832675694e-15
peak_55024	120.959285407315	2.1063487731774	0.249684374289047	1.68059681084972e-18	1.2240986999712e-15
peak_18933	40.2160143452487	4.58063819907855	0.54348061142303	2.41452337420559e-18	1.73389984165136e-15
peak_35163	156.177153560323	1.79983196963146	0.214000854179613	2.47143490850971e-18	1.75011917007328e-15
peak_59406	114.401081869816	2.20910773344872	0.267750788448769	4.50300980705664e-18	3.14507476743273e-15
peak_93429	175.830162794582	1.67206998458279	0.20058066921653	5.25461398577457e-18	3.62042903619868e-15
peak_94234	299.705066101797	1.37624924019282	0.165132525473393	5.48124615138485e-18	3.72622421699344e-15
peak_88475	112.339919296806	2.02085700294156	0.243783024177574	5.69680815962192e-18	3.81507387029044e-15
peak_49507	70.3370291703361	2.89867189389884	0.354416190463859	6.75614194515592e-18	4.37869385442964e-15
peak_11068	68.1838133783435	2.70808686153393	0.33236476169005	1.06770279602392e-17	6.63876765342386e-15
peak_88115	85.7579702997233	2.29945669119838	0.280977965066298	1.21497512433188e-17	7.46346044448017e-15
peak_70866	38.8164083000273	4.41609113046161	0.540633297587557	1.41904761474418e-17	8.61328115301746e-15
peak_55621	50.78900827547	3.53663027819461	0.441727534996621	1.93315784913878e-17	1.159576307014e-14
peak_90082	92.6766836759508	2.02243123200657	0.247648952550934	1.96557301136643e-17	1.16531052973871e-14
peak_37097	144.957181512306	1.66805651104304	0.204088492516117	2.16158743752646e-17	1.26678962172096e-14
peak_88429	88.8244478330867	2.69306163089898	0.337766797539166	2.2303426505093e-17	1.29223011794167e-14
peak_46562	98.1671004608813	2.49769049517583	0.315091739125625	2.39909757023334e-17	1.37438639006648e-14
peak_82553	145.819459948542	1.72357118576639	0.21371117853142	4.38315478919235e-17	2.45581901188749e-14
peak_20614	62.1425862645575	2.4479408787135	0.303345863981412	4.69185663555859e-17	2.60020654804989e-14
peak_66028	128.913024885924	1.68241434519526	0.208540235148137	5.69564237328297e-17	3.05682128467585e-14
peak_50638	43.5846072487774	3.3734828161932	0.422857226273454	5.95609148022842e-17	3.16330500219715e-14
peak_49420	47.0121382507178	3.41963916427961	0.431208881202131	6.63934922750292e-17	3.47717107155718e-14
peak_87213	53.8558797165518	2.81061787466726	0.353441337730256	7.95776608844621e-17	4.09832991702544e-14
peak_74581	63.7053064606656	2.57601908653659	0.324714519968398	8.52039700438209e-17	4.25902903593554e-14
peak_81616	67.9204207813531	2.44080804434718	0.306323309067818	8.73077617428229e-17	4.32181897108696e-14
peak_9865	133.551487122555	1.95156298876013	0.246319813954854	1.02371405684312e-16	5.01875816367342e-14
peak_25770	122.148890753458	1.81009512777987	0.227061440803718	1.0798244189099e-16	5.24342169738477e-14
peak_46758	61.2213576795024	2.68824444072492	0.342952624848896	1.43639052628101e-16	6.84446797878164e-14
peak_4537	66.3130826218942	2.31053880827266	0.29272960764338	1.74052352488124e-16	8.14149838895366e-14
peak_79831	45.7407674850105	3.57410542393598	0.455722486949446	1.74006413748845e-16	8.14149838895366e-14
peak_52556	148.369859957903	1.62122963507132	0.204919440093582	1.96372353240447e-16	9.10203709301583e-14
peak_51508	51.1449872559843	3.09535138778879	0.399990225742259	2.18140050653675e-16	1.00198996600255e-13
peak_8395	123.980568037014	1.81938158019671	0.232643677279239	2.79251708935126e-16	1.27124353855056e-13
peak_95782	84.869407377751	2.13617796784194	0.27324098818005	2.84835318191796e-16	1.28518703834751e-13
peak_89715	66.6580809190755	2.58922420478712	0.334195587611357	3.10005966602627e-16	1.38648808887733e-13
peak_75034	78.966923521656	2.14343558214437	0.274182259919889	3.51859358058692e-16	1.54654320948108e-13
peak_98401	52.1941985470035	2.82631011783319	0.364326952371568	3.74325649755477e-16	1.63122799815665e-13
peak_89022	56.1326325516453	2.90386447357562	0.376452094509999	3.86549000846442e-16	1.67021926755565e-13
peak_55954	83.6384880831866	2.60348343082209	0.342160335648093	4.67369433094019e-16	2.00246200972535e-13
peak_36856	43.3749050358749	3.06195804087548	0.395317120010272	4.80834041055856e-16	2.04298370143949e-13
peak_9751	45.0839043001458	3.0557068317056	0.395022976018307	5.13737174891038e-16	2.11065289089368e-13
peak_45415	58.2689075423126	2.78378436931799	0.361726034064053	5.04823224819823e-16	2.11065289089368e-13
peak_68463	42.2018100666684	3.36072399290951	0.435087689341392	5.14100173474066e-16	2.11065289089368e-13
peak_90355	101.519888875001	1.88980626079707	0.243408471756365	5.10110146676695e-16	2.11065289089368e-13
peak_30429	102.023833533558	1.88524273383245	0.243734662186308	6.4802061317004e-16	2.60157314827462e-13
peak_261	40.0376670941224	3.13673640202209	0.405487670119178	6.9500277272347e-16	2.76839151328741e-13
peak_77899	38.659350713289	4.14721925292883	0.549370238497757	8.71236102611536e-16	3.44347627346913e-13
peak_10022	60.9995388724363	2.77193905194763	0.36635435328099	9.0794014974344e-16	3.56094126729377e-13
peak_29747	59.5639024632729	2.83899059214204	0.376697619616978	1.16483512207212e-15	4.46543485217814e-13
peak_15352	336.459311540076	1.13844941765991	0.147101032203579	1.18946053827865e-15	4.52580858243844e-13
peak_65148	92.1323773674251	2.01023886471008	0.263115172399039	1.25058977554155e-15	4.72315335524158e-13
peak_85670	53.0474171177031	3.26922410386834	0.440334342265442	1.26458201973309e-15	4.74088079839052e-13
peak_89893	126.820830477292	1.77066104414985	0.232728020992651	1.55010607000987e-15	5.7270802960524e-13
peak_69718	73.9133509994398	2.16666046874273	0.28556521963854	1.88257362842379e-15	6.84096967073678e-13
peak_67395	51.4691432613652	3.12737318401957	0.422165738471089	2.58503703157988e-15	9.15282625639804e-13
peak_23509	169.996327689144	1.56203301472636	0.207311558815778	2.94397210028899e-15	1.02809151715982e-12
peak_23824	73.6342817719371	2.73670152242209	0.371595642133965	3.29381352661066e-15	1.14243793515491e-12
peak_22984	140.697508156078	1.71281107625329	0.22810321043647	3.3195017479091e-15	1.14356835215469e-12
peak_32836	33.4890158972731	3.32284383244725	0.440557464721233	3.37859210998891e-15	1.15611340483151e-12
peak_80579	114.231083086913	2.01403839390891	0.271485460356449	3.73824651741643e-15	1.2706549129133e-12
peak_46304	45.3977847534306	2.94267315998682	0.395787524091326	4.03146579000237e-15	1.35229154453329e-12
peak_49617	308.093717255238	1.30888160543339	0.174002155823741	4.1126470643926e-15	1.3630357846496e-12
peak_7106	45.5895012851572	3.25974558668423	0.442327157084679	4.69883017828722e-15	1.54271090332764e-12
peak_65884	58.331748496135	2.5438053840303	0.34347652217665	4.75043368419644e-15	1.54271090332764e-12
peak_81098	75.8108102382755	2.58448228973709	0.354876947992018	4.8298872504339e-15	1.55858627437103e-12
peak_23926	58.9198025058155	2.78431872116141	0.38136421635778	5.87080028572075e-15	1.88233027888413e-12
peak_69277	74.8710299374427	2.42980735596466	0.330569048315376	5.90697141610364e-15	1.88233027888413e-12
peak_88066	40.7068875564057	3.39081940952037	0.463827042722827	6.94353645154063e-15	2.18532808344599e-12
peak_45889	44.2332613369572	3.01550593516575	0.411501648896316	7.03403222603693e-15	2.20022801887558e-12
peak_73718	45.48871854097	2.89862826982721	0.393829133153637	8.18512410810204e-15	2.54467523033958e-12
peak_13905	66.6073572953932	2.68501286869697	0.375567518684652	8.65786300533558e-15	2.65921568186771e-12
peak_93209	98.3486996741545	1.9280674773023	0.261948328105817	8.77524686629125e-15	2.6791301600283e-12
peak_67179	72.9373591065657	2.2556213744993	0.306845112156114	9.23759582822235e-15	2.80350036248658e-12
peak_26191	38.919296684374	3.42057736448683	0.469211556354092	1.05482275082192e-14	3.14509899259687e-12
peak_37582	40.1014378296827	2.91051073897039	0.396030936594051	1.06671457071499e-14	3.16206448270201e-12
peak_55628	39.8921056811209	2.88817606301386	0.393222692028297	1.26655474425262e-14	3.73274914395747e-12
peak_103300	193.693722699223	1.39443581393882	0.189216758591121	1.2789155740781e-14	3.74751663562908e-12
peak_103148	57.5012511978756	2.20548307184817	0.300571188766531	1.48965445672328e-14	4.31542739377801e-12
peak_73268	75.2027952552561	1.99040390336581	0.271620287141737	1.56466655625499e-14	4.48180275489983e-12
peak_35704	54.5435853230067	2.57487147318403	0.353987184486209	1.76174860560932e-14	4.99845596869333e-12
peak_78287	169.290608680007	1.57822037031716	0.21597055913044	1.76464534257404e-14	4.99845596869333e-12
peak_90442	61.2315546731962	2.36898383438057	0.327333330419984	1.82980447756143e-14	5.1543873532015e-12
peak_14181	44.0074748339678	2.93341573665824	0.407093200658891	1.91717639871314e-14	5.34148392703761e-12
peak_98521	38.7000564462775	3.19215002446685	0.442100958797616	1.94723511988936e-14	5.39574618601517e-12
peak_100839	59.7236823774412	2.80416074768989	0.393491652756125	2.22411939885676e-14	6.12967306324922e-12
peak_63493	243.159509037457	1.51635992967015	0.209830601739973	2.42677223877684e-14	6.61665290728749e-12
peak_11612	93.5154822156924	1.95625003283826	0.271692639991635	2.53693929265278e-14	6.84382998810553e-12
peak_80471	121.005684323967	1.64554088301069	0.227335127204377	3.12261264559098e-14	8.24919836000526e-12
peak_65117	49.3929613853432	2.76578360722182	0.387994204086696	3.39076329237217e-14	8.82048251147384e-12
peak_8513	119.072992484787	1.68528430319165	0.233690143263613	3.61354509013596e-14	9.35229492211533e-12
peak_98000	93.4509783444235	2.1558532259408	0.305097771123355	3.71255572420376e-14	9.56001849263903e-12
peak_6929	94.4681003590884	4.22935116584176	0.609694523123188	3.90498776861451e-14	9.95951829941473e-12
peak_27311	156.476318920587	1.64569163082055	0.229444049990425	3.90676589629103e-14	9.95951829941473e-12
peak_411	43.7939198122376	3.06489184592304	0.435421254026455	4.18346146076175e-14	1.0611839106388e-11
peak_69951	47.328444961779	2.99499579901383	0.426732133803637	4.23041556385533e-14	1.06515757699766e-11
peak_65092	29.4919520085449	3.86560744801496	0.537006879165286	4.46501463015221e-14	1.11432592928438e-11
peak_18260	119.399360801385	1.55323223443855	0.21556266824193	4.82281515538002e-14	1.17981572040186e-11
peak_42599	36.9834733728787	3.43885047557302	0.488255330364787	5.18364089923267e-14	1.25853864232513e-11
peak_8567	136.247101316721	1.64547664543857	0.230432363081887	5.45614693309324e-14	1.318422310572e-11
peak_32196	49.6742482676103	3.07127951956896	0.446225767997816	6.2093724340671e-14	1.49335407039314e-11
peak_51707	76.6903061787228	1.87008783465104	0.261829972344846	6.252283190404e-14	1.49661460444103e-11
peak_72448	68.0681446065612	2.20482168940755	0.310561972219712	6.34015857012523e-14	1.51055759278694e-11
peak_49047	72.8849938651722	2.05942814970958	0.290718536350033	7.84123637340274e-14	1.85089480432552e-11
peak_57204	52.4161931565555	2.28986149343399	0.322055797503461	8.00671834658891e-14	1.88124673557227e-11
peak_10340	180.619250837739	1.67221102107616	0.238106623812331	8.08804210006606e-14	1.88299960965282e-11
peak_10394	48.4382690705396	2.74616477985467	0.391682024877883	8.15755336115872e-14	1.88707393390615e-11
peak_50495	171.39516695725	1.38425122701582	0.194166880519948	8.17956575125052e-14	1.88707393390615e-11
peak_60215	45.9056386148703	2.62581629391714	0.370852135959579	8.48088909119826e-14	1.9477775279452e-11
peak_27652	33.7885973061608	3.13584924171946	0.445153902828256	1.06422192776217e-13	2.42234014325367e-11
peak_102852	40.6298280336903	2.88531977144992	0.410784748583073	1.0637571698359e-13	2.42234014325367e-11
peak_80862	52.8990055125791	2.78122458143231	0.400486342303866	1.08121072187543e-13	2.45007154957959e-11
peak_74015	58.666287828739	2.75788691528774	0.406117468867544	1.1487857386592e-13	2.58026386217083e-11
peak_51280	51.0110282494659	2.41738133003797	0.344122104230804	1.16942855730572e-13	2.61510896591182e-11
peak_68029	35.861178502727	3.01808771464344	0.431101358646486	1.18204790411425e-13	2.63178578336984e-11
peak_3303	123.642516466693	1.94658824168508	0.28087663399202	1.21490105203339e-13	2.69317152343367e-11
peak_43890	40.3650406056426	3.00164701231126	0.431627045395716	1.27620142005577e-13	2.81681409536638e-11
peak_31672	47.5865280294862	2.8982765474205	0.41964281503146	1.32621349463571e-13	2.91458281196104e-11
peak_64512	77.2572505825184	2.14201756232746	0.308447229641136	1.39813840470726e-13	3.05946286276413e-11
peak_37310	136.813821689486	1.49241077901436	0.212038166372165	1.51659097844255e-13	3.30448323191759e-11
peak_78004	64.3981291537094	2.13371781190982	0.305354024654436	1.61279011609571e-13	3.49913688762791e-11
peak_68025	41.9670460404795	2.65487748969674	0.380909628092258	1.80629552374643e-13	3.90236371075149e-11
peak_17508	45.9756378994204	3.01580916131357	0.445770535375775	2.05695381036666e-13	4.38811075210689e-11
peak_60460	37.5662561628157	2.69790313828678	0.388378231413787	2.46948142984253e-13	5.2462075075813e-11
peak_81018	39.5451004054615	2.98102796011154	0.435873845561714	2.67602729822972e-13	5.66140779367388e-11
peak_98395	63.4780774378748	2.18268171311181	0.316995564423439	3.00481402030887e-13	6.33072097683752e-11
peak_94357	58.6889743737738	2.60638192688386	0.385332384435308	3.0304002889861e-13	6.35835346231463e-11
peak_65161	96.4313819817522	1.80338568853157	0.26305806632704	3.44169999266341e-13	7.19174245188266e-11
peak_48287	98.4283234028507	1.72615668362409	0.251949480629576	4.02194274465055e-13	8.33588507230703e-11
peak_97195	75.6629030371995	1.90937525987927	0.278218309245521	4.05909926662361e-13	8.37883543352515e-11
peak_11063	49.5557079327812	2.93933778306463	0.44451092509793	4.21558055036904e-13	8.66675765891597e-11
peak_56778	55.8324785057681	2.63492178119755	0.391957812125949	4.25144038571763e-13	8.70537909663449e-11
peak_78217	44.7795895741284	2.54626200228726	0.37249390963869	4.6495212030981e-13	9.48241952244638e-11
peak_95575	171.195550776282	1.41895966615779	0.207244019351584	4.68424704123315e-13	9.5151800655105e-11
peak_89062	66.9330637250896	2.07243602640954	0.304339845381047	4.80462372517483e-13	9.72097401792714e-11
peak_27983	32.3325734591959	3.80474169301938	0.569166655648702	5.15107734854921e-13	1.03694447092275e-10
peak_78346	43.9772872756715	3.05411712918095	0.462323746198286	5.68089147363225e-13	1.13142942451021e-10
peak_5030	201.857079186913	1.32052645058357	0.192899447739757	5.71589685947391e-13	1.13397166255695e-10
peak_39780	136.070481400474	1.46662388838952	0.214728089303054	6.23181003836632e-13	1.22677631898126e-10
peak_103216	57.1043935215533	2.63871348293663	0.398808350405917	6.72789603849797e-13	1.31934041314945e-10
peak_78686	39.9698180399092	2.62112583199002	0.38634144996269	6.88613716133024e-13	1.34006331796788e-10
peak_59811	214.086396353498	1.31919172874471	0.193570718411706	7.05736027401132e-13	1.36297943534372e-10
peak_86617	48.1578948009634	2.98393656167821	0.456117992229275	7.63931690344753e-13	1.46980457222331e-10
peak_14122	91.6227960611893	1.77352791495364	0.262373871782797	8.26249916504177e-13	1.5837285053715e-10
peak_48410	34.6167516276813	2.88500278266594	0.427862574514961	8.77249322364851e-13	1.67518479213836e-10
peak_33992	35.8779246327825	3.1563199352686	0.474325248110358	9.19694658991971e-13	1.74968477176734e-10
peak_46694	41.0429442716436	2.95072129516402	0.447019078328795	9.23737197404042e-13	1.7508425556447e-10
peak_92390	40.2587525523092	2.8683717621786	0.432871082469295	9.5836619190964e-13	1.80975032076685e-10
peak_90419	62.6723371974995	2.17998038982378	0.32706668893587	1.00077851363778e-12	1.87594460648294e-10
peak_88477	49.4004735549366	2.79783342730014	0.429156073852815	1.03845131518236e-12	1.93943145625962e-10
peak_80578	95.5111543903978	1.87458304523765	0.281471180281371	1.10546110054667e-12	2.049565078999e-10
peak_104730	35.1089724601228	3.38831278017329	0.516903349804773	1.18408346828843e-12	2.18737969978818e-10
peak_81987	28.1932295216984	3.36299585280631	0.501138842649031	1.25551617168363e-12	2.310965614782e-10
peak_37657	59.9631350868734	2.11628080875658	0.317966462086861	1.27757458684701e-12	2.34310855701373e-10
peak_88993	280.535144360904	1.05088374069258	0.154695447692118	1.39817030892488e-12	2.55509359752129e-10
peak_23061	208.254878966792	1.33581572963533	0.198990274188158	1.41343192639769e-12	2.57375857854688e-10
peak_26018	30.4276024625099	3.84545166782607	0.593358726776055	1.58567263842345e-12	2.87712117945402e-10
peak_7122	43.25444774308	2.61537053757838	0.395310691422362	1.66137934977959e-12	3.00379743006603e-10
peak_96361	36.2606320067386	2.8755484571138	0.435649134816894	1.71806194935766e-12	3.09530411837277e-10
peak_32864	38.6587398180471	2.49924523344477	0.376993203368309	2.09984096216104e-12	3.74344375163436e-10
peak_99866	28.389562717582	3.17396732905588	0.478290353090517	2.14799070290647e-12	3.81593916301008e-10
peak_33418	36.9003306772784	2.7168129796656	0.414093622946566	2.3341673616572e-12	4.1322867049116e-10
peak_54931	31.7395910681482	3.60383574087772	0.560449755378571	2.3606513531794e-12	4.16471176101054e-10
peak_49510	37.5691202090716	3.07307443498704	0.473605479653399	2.45111752406671e-12	4.309402692485e-10
peak_55948	60.0042296731078	2.3783963617656	0.36769206465342	2.71447332139279e-12	4.7560184455166e-10
peak_70818	40.7068548164661	2.97893809840466	0.465581579598843	2.76940360409716e-12	4.83564425200334e-10
peak_59419	56.0794488631012	2.17839546161861	0.331889790600556	2.79249043973881e-12	4.85931459250932e-10
peak_56305	90.4033648506638	2.06481446878273	0.323000902973298	3.5990668553028e-12	6.17851928230534e-10
peak_95581	42.5789121894729	2.65335374479733	0.408031698956149	3.61126875022859e-12	6.17866270131393e-10
peak_95853	250.747563065238	1.19515439852929	0.181481396430359	3.95647074262514e-12	6.72415390944951e-10
peak_37232	266.649673211886	1.21786308358403	0.185354809166429	4.15833935830389e-12	7.02043346100934e-10
peak_83053	37.5764681532196	2.81333467862319	0.435564926727635	4.23462389770336e-12	7.12562818641266e-10
peak_89157	83.21704336852	1.81344523006741	0.278732011877362	4.40850722824917e-12	7.39382070853658e-10
peak_95819	95.7599655405565	1.74790499135608	0.269790575484005	4.4542944651665e-12	7.44611992134358e-10
peak_99982	211.896366995728	1.41177205142568	0.217435732869032	4.6124223641924e-12	7.68526034838933e-10
peak_82771	49.6124425456876	2.62277519324403	0.413137534047164	4.63944462275688e-12	7.7051050011688e-10
peak_94312	133.261798967866	1.46928472894943	0.225550860683079	4.70366321597429e-12	7.78639521849563e-10
peak_29376	73.5714505137667	2.28227152566484	0.361984546718955	4.73686879883827e-12	7.81598681480802e-10
peak_9872	45.852962648123	2.17066112987296	0.33262842673496	4.76307946426523e-12	7.83388288919442e-10
peak_51826	141.907896190734	1.71461188741215	0.2674236215108	4.84480818390285e-12	7.94268135255533e-10
peak_95126	54.6158749797391	2.3903345237664	0.375026987067879	4.90651721849132e-12	7.99245006076672e-10
peak_41560	58.1626674980071	1.94086262955731	0.298043589677864	5.12653234030858e-12	8.29782152072931e-10
peak_22737	44.3807989432569	2.38248336005438	0.3684627357731	5.2046447224803e-12	8.39759543735381e-10
peak_65483	45.4071779063626	2.27739977077515	0.35137448292989	5.38897276095228e-12	8.66757618895625e-10
peak_25892	36.6333421802268	2.82896641309454	0.442976529600461	5.58797987981484e-12	8.95939440730313e-10
peak_82620	28.2723191513049	3.27506078114681	0.509743000718091	5.66209699190394e-12	9.04977044605687e-10
peak_40388	43.3784796616153	2.63713095048979	0.414869834924696	6.16988138521977e-12	9.83054913458798e-10
peak_82901	26.839568547303	3.51983401515053	0.550067988222932	6.26127417195426e-12	9.91420263761676e-10
peak_20033	28.4397175083854	3.50925993867215	0.551262261731033	6.52167895782116e-12	1.02945610942251e-09
peak_73441	39.6800892929612	2.79349223807033	0.441827349492913	6.56898183371673e-12	1.03372255485766e-09
peak_50229	51.4737514843239	2.47601135800007	0.390237043715944	6.61307495003275e-12	1.03745919816114e-09
peak_15821	120.219057941395	1.47304292752739	0.227287478620433	6.80107760211519e-12	1.05398098061229e-09
peak_30357	43.6062503248223	2.45629730529332	0.380902794688087	6.78378917109208e-12	1.05398098061229e-09
peak_51336	112.147560657633	1.64553041755491	0.255750673539637	6.77713161748995e-12	1.05398098061229e-09
peak_87866	79.9545030009348	1.95062464039283	0.305811069352241	6.92713081927908e-12	1.07026270288413e-09
peak_95783	89.3943848023823	1.5955247684249	0.24635831642135	7.22684905402835e-12	1.1131967548903e-09
peak_87696	47.4160704215927	2.83478250976734	0.456967132673073	7.26051256998155e-12	1.11501353582253e-09
peak_52155	26.3407461150033	3.42761184692656	0.53654621244123	7.45894406704715e-12	1.14204721382122e-09
peak_34067	37.6039694663325	3.00651880145061	0.478193637833908	7.77596407914450e-12	1.18702186987803e-09
peak_24203	27.1448278587141	3.32337284025686	0.51918464410911	7.8728979090583e-12	1.19823156057089e-09
peak_33572	27.2892969054954	3.13848334237788	0.488381440978232	8.45924205011425e-12	1.27604412771339e-09
peak_18627	155.789355294736	1.39047389253063	0.215358235137383	8.49777826786938e-12	1.27807587836457e-09
peak_48283	69.3694852036226	1.97297409887181	0.309830452432271	8.62049218407808e-12	1.28892790175192e-09
peak_61287	58.8797513574284	1.92727330547415	0.299906732987238	9.47668925430546e-12	1.40458859976750e-09
peak_34377	37.4446656276092	2.61172248620532	0.410420116645391	9.65307683551367e-12	1.42658485662464e-09
peak_16605	46.9404767285176	2.19913548685862	0.345103831076426	1.09570972507031e-11	1.60534069087456e-09
peak_36116	154.61100904429	1.54946074470021	0.245110863374312	1.10171291163529e-11	1.60951101755407e-09
peak_90420	64.6006789118948	1.92198694025115	0.302045131343342	1.1428803468302e-11	1.6601395260252e-09
peak_71189	204.27914238568	1.28990992947409	0.201556377660579	1.22213283609399e-11	1.77021774946274e-09
peak_34066	57.6886050839896	2.02321024937382	0.319702332721609	1.34767442271814e-11	1.94103186770359e-09
peak_12274	199.981689824043	1.23208336710292	0.192494260278112	1.39057037708425e-11	1.99717242946528e-09
peak_91725	55.8722973889846	1.98992279098324	0.314194233455692	1.58031811704849e-11	2.23196951567408e-09
peak_11065	35.3668307655845	2.99223129729542	0.485701187626834	1.62871931752571e-11	2.29397467191619e-09
peak_69519	47.6468096994381	2.73709147983442	0.45284961394003	1.78207762478242e-11	2.49618158728452e-09
peak_62622	37.8351936710772	2.55898029091296	0.409935450864421	1.90170204188089e-11	2.64196676586755e-09
peak_78820	89.9775072521978	1.66841150198905	0.265353981740313	2.06385074628162e-11	2.84696264299339e-09
peak_40708	57.1380442479493	1.96066808227042	0.313155497258213	2.1995068022029e-11	3.02275077674169e-09
peak_88473	60.2275156291146	2.25279065976355	0.368787886366895	2.28930533842362e-11	3.13770220389427e-09
peak_99408	27.9945281931318	3.21104804982209	0.516659746453254	2.29930705768571e-11	3.14296165263173e-09
peak_70663	71.3523338254374	1.96491909318542	0.316544726923238	2.38150515570247e-11	3.24661555798519e-09
peak_18703	67.1696392175853	2.01335960248995	0.325905979026915	2.46914636737898e-11	3.3393076044346e-09
peak_82774	52.0710319503844	2.2521343107475	0.366064205359247	2.50150354789706e-11	3.37411798658941e-09
peak_38603	48.3118255022383	2.14658448819858	0.343619906176207	2.52436361821271e-11	3.39596842844837e-09
peak_51947	34.396551632868	2.90857190254565	0.475145055588037	2.57939509046278e-11	3.46086942321935e-09
peak_88467	37.8246942204424	2.95701203825192	0.489508490677041	2.58689617868153e-11	3.46182384688338e-09
peak_94561	25.0567811737516	3.52728216540663	0.56987238118844	2.62285114341562e-11	3.50075100518819e-09
peak_73241	42.9511623891863	2.27176318693263	0.364525948102799	2.7697682896512e-11	3.68719075760198e-09
peak_14361	418.532592760457	1.04959755296831	0.166554028736297	2.81349132928968e-11	3.73564241966572e-09
peak_65250	98.6242774638473	1.48735148435138	0.238379073142805	3.15212303133078e-11	4.1528202810189e-09
peak_46693	34.4058206412891	2.61747118045983	0.42441765649619	3.32691758162955e-11	4.37180978909702e-09
peak_12961	29.1827989089301	2.96552616838049	0.481720468422768	3.8688001053089e-11	5.05781133767384e-09
peak_76890	53.1544393045956	2.23883216833	0.369156740675615	4.01661404839306e-11	5.23762362842375e-09
peak_13853	25.7895985882299	3.10177887044366	0.502581754467033	4.08063459915953e-11	5.30753152226398e-09
peak_89763	122.696067788411	1.47869571157567	0.239671020462477	4.12092562668699e-11	5.34629806621534e-09
peak_76647	138.306110667813	1.55742707410636	0.254031687629922	4.21401365654815e-11	5.4531903627605e-09
peak_84841	84.3492184524232	1.85895206755296	0.304785019432193	4.22831945522668e-11	5.45785052516931e-09
peak_23012	55.3665011191247	2.51215822234158	0.424386932086215	4.56881201062262e-11	5.8824608377173e-09
peak_31475	305.860307406589	2.82683624178556	0.479897320486692	4.65962543449197e-11	5.98427361216644e-09
peak_85337	32.860468514349	2.88829884154463	0.479626696951493	4.74716251346937e-11	6.08137758572235e-09
peak_18762	69.437975832853	2.16869705102396	0.362090847961552	5.46216557967449e-11	6.97979885326525e-09
peak_26487	31.6408679214352	3.42893452528956	0.587951644747733	5.73109443072928e-11	7.28692221060256e-09
peak_70554	91.8678799949176	1.50939140149556	0.244781259924595	5.76397706535913e-11	7.31050086204977e-09
peak_81252	101.969810276271	1.56036313789278	0.254885768592077	5.86493505945159e-11	7.42008880747392e-09
peak_87156	31.2257345267602	3.06556996049435	0.509977655632967	6.27834266440473e-11	7.88560580780286e-09
peak_37263	49.7409520055526	1.97214827482529	0.32332569692758	6.72307828939132e-11	8.42218352980113e-09
peak_58806	87.0028996220947	3.50240699833308	0.610046843798137	8.17346053328475e-11	1.01641965548794e-08
peak_5735	111.133737281633	1.32991005854548	0.217171287031231	8.41491893091363e-11	1.04212453513447e-08
peak_78087	172.195285495311	1.33959786864611	0.220241001597882	8.42104319765035e-11	1.04212453513447e-08
peak_79337	47.8594196202804	2.13535761697865	0.354388041314421	8.59794649263944e-11	1.06144043552958e-08
peak_40360	30.0080799307862	2.69563936648616	0.447408385785448	9.07233670065823e-11	1.11729990101391e-08
peak_103107	65.1678083750198	2.09300779350656	0.355118678099432	9.31693530760302e-11	1.13916849782601e-08
peak_7495	32.9950482270954	2.79302017314623	0.468504595708321	9.37618806078282e-11	1.14367063269635e-08
peak_51934	139.756371425709	1.28784173457501	0.211473132022204	9.71943289427963e-11	1.18270884378936e-08
peak_44527	299.757519727796	2.68954452501111	0.46486200710907	1.0598345168186e-10	1.28658863510746e-08
peak_90422	178.773570886113	1.20450492334199	0.198928213185483	1.18559653271984e-10	1.43318353565617e-08
peak_53300	47.8067528697964	2.39713834869719	0.410035111269972	1.51988714374237e-10	1.81482355763111e-08
peak_86025	51.1560554242524	1.92918984682161	0.323618945135135	1.57599345929787e-10	1.87742061952713e-08
peak_105205	55.8019108170272	1.99955366818858	0.339355321814892	1.62126700366907e-10	1.92685126920911e-08
peak_26187	48.4683020311425	2.07154420062955	0.350471284590914	1.64684701212431e-10	1.94817034246334e-08
peak_42817	34.3764908126039	2.3633500786552	0.396890965932979	1.66501433415259e-10	1.96510233428481e-08
peak_71797	230.508436813564	1.10604357677234	0.183577900029067	1.79928744620083e-10	2.11378962516119e-08
peak_98402	34.0758537254061	2.93566013905215	0.514211625120599	1.82166416396689e-10	2.1351579095176e-08
peak_7111	75.5789751437297	1.68227167122587	0.28429131996241	1.8537773286012e-10	2.16285333812496e-08
peak_101348	19.9473039062691	4.31987413790737	0.72264629884175	1.85842889987315e-10	2.16333004312632e-08
peak_20382	97.1816411265556	1.45238920367129	0.243751209266882	1.91678001215877e-10	2.2160758662115e-08
peak_63942	47.3910667715661	2.41898489365969	0.420363405287564	1.9163063157038e-10	2.2160758662115e-08
peak_74781	39.1383906153259	2.69721096639642	0.472437068819612	1.95801772874116e-10	2.25863103885966e-08
peak_26531	37.7619579124463	2.43711716274551	0.415392088816981	1.99181519319698e-10	2.29243091287452e-08
peak_15368	66.667616490319	1.87277237209372	0.319770680189541	2.05685469588268e-10	2.35664704548931e-08
peak_26017	41.580441816501	2.23232256481073	0.380860701324517	2.15667130727312e-10	2.46547182225622e-08
peak_12875	77.3194611164177	1.99707000277621	0.347550580979888	2.19807441721329e-10	2.50718170550418e-08
peak_77939	200.646460639205	1.10895685153555	0.185322407461537	2.2751998658038e-10	2.58936027584537e-08
peak_71606	100.040586558129	1.54094430423377	0.262283553931611	2.45783304979922e-10	2.77860478663111e-08
peak_88871	143.906998110897	1.19578480270192	0.200541034758735	2.56291048312073e-10	2.89098570558393e-08
peak_25245	45.47995299624	2.23329472005787	0.384917121197686	2.77882004029076e-10	3.12072507872829e-08
peak_23932	34.8958358525663	2.73370927376481	0.48627160139893	2.95813938750753e-10	3.31480647937273e-08
peak_28758	62.9839444578775	1.8262377650698	0.312297063187107	3.02510070349286e-10	3.38240755412909e-08
peak_44317	40.9155420249716	2.31536243985622	0.401415359056973	3.09336350900051e-10	3.44362951681004e-08
peak_7109	154.166600725668	1.44402754736767	0.24907008764285	3.28466848726616e-10	3.64862979284864e-08
peak_48280	49.6588582676305	2.32594109951951	0.409890145823221	3.30852392170555e-10	3.6671391450452e-08
peak_15076	91.2708257753204	1.49389213367646	0.254880024062776	3.35414985695094e-10	3.68784064815032e-08
peak_15441	43.2434499671392	2.34578544687097	0.410769169788321	3.33530131055183e-10	3.68784064815032e-08
peak_18624	59.7970885396105	1.92707320616625	0.332060880152068	3.35222383628293e-10	3.68784064815032e-08
peak_88472	30.9031804705255	2.45077496988418	0.420659421549978	3.35613317526722e-10	3.68784064815032e-08
peak_94321	161.826032729023	1.20901125847739	0.205020911117999	3.453790659116e-10	3.77886202887743e-08
peak_83763	79.7629413434674	1.5130879151989	0.2580730690134	3.54920602566624e-10	3.86666278685084e-08
peak_19014	23.4145649292892	3.06646996469367	0.527651348251103	3.62073108658922e-10	3.93617473733131e-08
peak_69714	203.411636102193	1.13367937115758	0.192575244960961	3.68802068182095e-10	4.00079622304942e-08
peak_51983	42.9369921982175	2.2476830806148	0.390219138717792	3.72131755213469e-10	4.02834600240211e-08
peak_51748	27.5093359152382	2.70606264943305	0.467758189125932	3.75300151334484e-10	4.05403676185169e-08
peak_13913	20.0902220728543	3.98980591293216	0.689645633080106	3.78398304568106e-10	4.07886172446289e-08
peak_38985	192.506401301534	1.10248517756466	0.187010019501579	3.87399607350535e-10	4.1583066063946e-08
peak_5875	69.9370801622355	1.71859464468312	0.296271949576709	3.89970419695916e-10	4.17710752491932e-08
peak_81449	93.6580198558054	1.41239214920839	0.241227338793366	4.20805024013627e-10	4.46982603215808e-08
peak_30830	56.1238436758422	2.18755386310322	0.387305253253437	4.22865858179526e-10	4.48237809670298e-08
peak_91147	38.1814578004532	2.34438594943859	0.409541291361279	4.37858500013674e-10	4.63167084682514e-08
peak_34325	110.781226206317	1.47843983194	0.255443498071109	4.45676119548211e-10	4.70460509964495e-08
peak_34335	33.9994014245574	2.75393521328828	0.496579932795801	4.56972126484376e-10	4.81388033903562e-08
peak_57289	24.8805228641953	3.3932723067863	0.60940747514715	4.72187431453422e-10	4.95742443489134e-08
peak_89306	31.8983430973319	2.90030914749324	0.51675537188672	4.75484361492453e-10	4.97670881828396e-08
peak_70374	21.220012738789	3.54891740914233	0.620445748751127	5.17245388804622e-10	5.38061103833612e-08
peak_43824	70.175881275986	1.55377050885423	0.267844938127669	5.23239233083073e-10	5.42233242641739e-08
peak_22976	28.6308986063959	3.31198968511652	0.606667050198054	5.31913454253915e-10	5.48990675679962e-08
peak_55331	48.1212731710977	2.07558560567838	0.36485370500074	5.3991456411713e-10	5.56122908405576e-08
peak_82294	91.93036300307	1.81532488621763	0.323606183305603	5.41356004461799e-10	5.56483412167122e-08
peak_57677	46.0511474981388	1.98937000436623	0.346903616059762	5.65422062033341e-10	5.77727640377393e-08
peak_21821	100.376479419233	1.38865216533884	0.239484999684939	5.68526509535919e-10	5.79737852303968e-08
peak_20946	49.2432721114214	2.10304519061069	0.370476329914328	5.7105396431094e-10	5.81152842801548e-08
peak_90631	57.2585600654474	1.83484868928805	0.319620111673807	5.77712153021047e-10	5.85591090137796e-08
peak_13243	118.02146440395	3.99645450933346	0.763737586361846	5.80479412433499e-10	5.87228637347904e-08
peak_96428	22.2268742485505	3.42533312067942	0.607708155285741	5.98183711541241e-10	6.0394048943845e-08
peak_23727	62.1749718069574	1.92868304619094	0.340447757752317	6.02188277554527e-10	6.06782045837848e-08
peak_2255	43.4802724603181	2.08884775984832	0.367801726288419	6.40012416423635e-10	6.43622742875255e-08
peak_2775	62.6921321502795	1.93721554819596	0.343675161208911	6.49650138745616e-10	6.52028779017401e-08
peak_38055	34.1278292603761	2.67720056451998	0.482185009609628	6.52783228849146e-10	6.53886163184726e-08
peak_65892	49.484552951521	2.27118209138151	0.408563052864272	6.59739040377365e-10	6.58267215512335e-08
peak_3912	55.9325246600082	2.23382763148558	0.405862365556852	6.68478436857111e-10	6.6568440589056e-08
peak_4930	166.096718055313	1.22784917459642	0.212996376106757	7.06767881537282e-10	6.98357891629067e-08
peak_73978	31.0733033911205	2.52055579196457	0.444314880760368	7.22020175628811e-10	7.12048755795175e-08
peak_426	22.6474008102096	3.23785500729251	0.572421730802204	7.25516806417066e-10	7.14115828030512e-08
peak_40200	37.9495625233908	2.1280114721552	0.372492273428453	7.32284116651332e-10	7.19388014866759e-08
peak_70746	39.4629816698181	2.60606802296195	0.478016645812543	7.63001109790841e-10	7.48122588149919e-08
peak_35387	44.7192682683139	2.00913834488623	0.353472168746143	7.82555310164747e-10	7.65822745567367e-08
peak_93527	91.6749716114662	1.64085581196295	0.2911577878306	8.00653993322545e-10	7.82033419608108e-08
peak_36469	74.0471575306939	1.50022667789294	0.261994791322174	8.39007299737319e-10	8.17927842914091e-08
peak_17762	28.9165435052191	2.59557854394575	0.458893347270439	8.46208206383735e-10	8.23373504020632e-08
peak_23915	73.2347792843564	1.61795671090821	0.284871970086747	8.75375414107579e-10	8.46904949975124e-08
peak_4673	131.998385526494	1.1611702737777	0.201478696409853	9.1010532493491e-10	8.78837691233548e-08
peak_41692	68.9896357679084	1.56819103985618	0.275881913987133	9.72127074951393e-10	9.36954083997575e-08
peak_50752	77.0614771528471	1.63900965215401	0.290837381393322	1.00162569821699e-09	9.63563921684744e-08
peak_51510	51.6439980909918	1.90706526749612	0.340634299626126	1.0168954588055e-09	9.76411146189398e-08
peak_10388	74.2164227891717	1.70932597547865	0.305153736967428	1.03361456201528e-09	9.90599098851715e-08
peak_55934	37.4106496241193	2.50932565614204	0.458687236079857	1.04162908182346e-09	9.96407136319907e-08
peak_32074	19.6366374913535	3.52173669101495	0.623024200180825	1.0586110923854e-09	1.0107555272727e-07
peak_13814	119.554214997775	1.36335972830275	0.240337038707878	1.07005575609862e-09	1.01977313608307e-07
peak_30829	164.089721590892	1.33528300202723	0.237386160230298	1.14543679556202e-09	1.0895753816889e-07
peak_92957	85.3028473402859	4.28144098998955	0.842323877447476	1.1491185531215e-09	1.09104205864903e-07
peak_43668	27.7215334883167	2.7558257330591	0.497664438604414	1.16760290401231e-09	1.10653162944185e-07
peak_50443	34.1306129682669	2.30948504405927	0.41447325517081	1.26926799318404e-09	1.20064745640967e-07
peak_71821	42.1479813312597	2.13415241124772	0.384824885671648	1.32074642535876e-09	1.2424276244159e-07
peak_105063	24.7098388493381	3.02669318425615	0.55160415400669	1.34051546824965e-09	1.25870205643051e-07
peak_46741	18.385758276973	4.09959476549126	0.734696325901098	1.34816359547782e-09	1.26355641689398e-07
peak_80647	41.7440593915206	2.5590331906574	0.484797722634083	1.40087800486391e-09	1.31055350377966e-07
peak_100520	42.6740458924027	2.27968335280351	0.417668402857754	1.40383986003438e-09	1.31091903120354e-07
peak_66555	50.9365699187224	2.13260303637931	0.386949024358963	1.41555528977614e-09	1.31944244980853e-07
peak_24795	39.0494791843204	2.115652111027	0.379345575163421	1.50233575220717e-09	1.39777537704443e-07
peak_43247	87.2653628761521	1.47087139854934	0.262197620452091	1.54777791786379e-09	1.43481827127642e-07
peak_82775	34.9597221090734	2.79595015578293	0.531661692971714	1.56636869487712e-09	1.4494169560255e-07
peak_16993	247.676185137108	1.07405197107456	0.190122278384542	1.57263069502942e-09	1.45008748059483e-07
peak_29500	33.2435647238692	2.8007427545344	0.527938209757472	1.57562559182821e-09	1.45008748059483e-07
peak_52204	25.7534116023958	2.91413100439237	0.533136255763118	1.575184504076e-09	1.45008748059483e-07
peak_49453	102.446731143764	1.3006788384919	0.231321945375348	1.66243044904579e-09	1.5217357069129e-07
peak_98480	35.0275906013826	2.41790041931752	0.443437053727064	1.70753482338523e-09	1.56022169364013e-07
peak_32223	25.5306183659561	2.83380595614282	0.519610014893304	1.75645447127391e-09	1.59910732402371e-07
peak_21202	127.844230404436	1.33758946471435	0.239946280985681	1.77320769450396e-09	1.60869693081813e-07
peak_57678	17.7787938522906	3.59971131170625	0.649420543415243	1.83676818760547e-09	1.64875814812065e-07
peak_96936	54.237673692949	2.22163892916061	0.420894176574192	1.86858906991531e-09	1.67437403020566e-07
peak_9164	59.9443036974457	1.65427365224013	0.2979827174326	1.89625508256594e-09	1.69618353753872e-07
peak_90150	29.0784808827352	2.55615200678846	0.464950212955732	1.90924879374923e-09	1.7018349475192e-07
peak_104633	21.5221168297414	3.16466948433677	0.576754519131737	1.90703475344138e-09	1.7018349475192e-07
peak_57287	172.525831002798	1.13499977424673	0.2026289921697	1.92813598361048e-09	1.71567087714422e-07
peak_13422	20.0241782606753	3.33993867248578	0.608681822388635	1.97093473589935e-09	1.75069823074154e-07
peak_49724	33.12734311054	2.83614939148933	0.542251227872147	2.04614119074718e-09	1.81434008263367e-07
peak_79721	40.1925344144815	2.05752701829476	0.374006191463584	2.07595354530551e-09	1.83439458337862e-07
peak_70781	44.5899533610181	2.14768067207831	0.395261865329642	2.14764590056124e-09	1.89118953171011e-07
peak_8183	73.4061190943661	1.4886380172023	0.268719346013554	2.28273713557523e-09	2.00668337231791e-07
peak_4958	25.7462404279576	3.08918552029404	0.589562406738003	2.33807030502565e-09	2.05178747972526e-07
peak_35154	52.2679045571786	2.08863659459972	0.391415664801499	2.39019617470281e-09	2.09392684129549e-07
peak_89369	29.6572037634781	2.90919095589303	0.553015480885903	2.63888498583691e-09	2.2999348698783e-07
peak_98372	30.7597955770884	2.55314919567829	0.4722821467138	2.65775813884516e-09	2.3124309977331e-07
peak_13998	47.2854578439665	2.09856490403091	0.390740723449666	2.68025573373869e-09	2.32407344966668e-07
peak_23922	78.6106991756313	1.74550475800778	0.324665543353015	2.73566961781694e-09	2.36809594455033e-07
peak_42209	50.5960192996189	2.00675254513972	0.371216005438069	2.74694221720229e-09	2.37382365908943e-07
peak_6290	37.2903632575748	2.1493474437808	0.394414796012951	2.7703174564354e-09	2.38997302595289e-07
peak_75044	35.0802764008738	2.32565205517119	0.432303200196117	3.00316150656431e-09	2.56488613059106e-07
peak_10390	81.0746007287441	3.12178335368992	0.605901904429692	3.03140726846547e-09	2.58227656067007e-07
peak_64500	32.1173261184205	2.66748840399051	0.505877711520178	3.0337419288459e-09	2.58227656067007e-07
peak_31251	36.5455060532908	2.08894132892314	0.384572336183302	3.0866323869137e-09	2.61855305955377e-07
peak_46037	23.8913632479582	3.11619587199021	0.595903708947404	3.09794322878567e-09	2.61943173238584e-07
peak_82023	35.8567811726944	2.56109598122759	0.489720379365051	3.09618808010574e-09	2.61943173238584e-07
peak_69968	47.2372677211448	1.95014246947037	0.359331478923194	3.16768562313089e-09	2.67396720498264e-07
peak_48608	103.301463998635	1.32322801697113	0.240987802085001	3.23537533867227e-09	2.72659251268668e-07
peak_64114	67.04066017146	1.84425455285717	0.346843290848513	3.25941086506241e-09	2.74231555059524e-07
peak_71676	44.7487517854326	2.00641728185659	0.373385597190566	3.37783108590819e-09	2.83260025898215e-07
peak_87037	48.0251624910216	1.93345663843703	0.359685077003446	3.50380190622275e-09	2.93341287341007e-07
peak_83066	27.3625313660702	2.79239418031808	0.525974371864633	3.58005144468007e-09	2.9825572378833e-07
peak_87329	29.9563928165179	2.51165724319637	0.470786308924583	3.73913281801564e-09	3.09989310340399e-07
peak_32902	48.5525942374035	1.81902471045332	0.336005073951094	3.81305434198336e-09	3.15604527078512e-07
peak_89370	23.9407057835526	3.6396563703462	0.74165547919758	3.82758667763115e-09	3.1629389683258e-07
peak_9145	75.4354718892173	1.61133111126838	0.297883489825411	3.91806768402258e-09	3.22204191834799e-07
peak_43337	61.7695517494167	1.6902546031152	0.313326011728895	3.97655898732517e-09	3.26487659464994e-07
peak_30430	25.751185283198	2.7384288740703	0.515508668233214	4.01674562447778e-09	3.29256900980103e-07
peak_76057	122.142387364548	3.22681018892213	0.642650106836515	4.13926140627212e-09	3.38755027383933e-07
peak_85700	66.67516478142	1.6746327253298	0.313160977567845	4.24304832958437e-09	3.46692407263123e-07
peak_20619	35.4893989774306	2.60488731218125	0.510719307909146	4.4827652924502e-09	3.65109059426303e-07
peak_72857	30.0969972658009	2.78420268665618	0.537292547749656	4.58218753528367e-09	3.72018174640085e-07
peak_34624	56.8528874433754	1.67586919322441	0.311366507541895	4.63826895342455e-09	3.7597262457759e-07
peak_82159	27.0369597131468	2.79822436039387	0.535277734497982	4.69226885926258e-09	3.79692356036982e-07
peak_24246	16.4774282095305	3.57215680986347	0.661425082976221	4.73129448343486e-09	3.81692690715838e-07
peak_49836	39.978058821318	2.05894744872655	0.386816791734233	4.83147026055804e-09	3.87932823157184e-07
peak_64120	34.5887906366941	2.55144460304099	0.496656285506017	4.91086480664408e-09	3.93687661999301e-07
peak_8385	34.0177710775184	2.14773541581553	0.401194064356409	4.93387730229487e-09	3.94911566930622e-07
peak_84271	33.6866930260418	2.72866104189949	0.531158241214417	4.95462845513766e-09	3.9595091914365e-07
peak_46437	52.3218606551644	1.88278172879241	0.355674453477507	5.10186879269402e-09	4.07079627956647e-07
peak_29859	24.4310449818638	2.7135406875827	0.510624534433098	5.13098441213735e-09	4.0876308005818e-07
peak_11596	21.5941609488578	3.2449923848079	0.623544167395216	5.21844206498055e-09	4.15081883190481e-07
peak_4814	155.224383708856	1.13102161260555	0.20842308054358	5.26620804321047e-09	4.18228790173098e-07
peak_105888	74.824211104737	1.41060814296645	0.260980317154896	5.33209986885487e-09	4.22803178714517e-07
peak_47099	57.1398479405539	1.56990294889744	0.291243348339849	5.35319407566909e-09	4.23816697425565e-07
peak_37347	56.0434688678511	1.68035975392902	0.313363783636077	5.58561927634667e-09	4.40167518429384e-07
peak_48693	17.9680762688585	3.47373032364713	0.649441199255686	5.75255109612596e-09	4.51925377792108e-07
peak_54487	24.6435236657621	2.70894728390619	0.511036614129366	5.78446987328014e-09	4.53733816860094e-07
peak_8249	66.8096096853233	1.62651178885825	0.30451090803988	5.79349716030467e-09	4.53743849793078e-07
peak_20610	31.9217523297973	2.81645299329805	0.557077043346646	5.80729064493336e-09	4.54126565678792e-07
peak_67676	38.2906095487788	2.28000953854334	0.439311446216329	5.88632019995233e-09	4.5772244491789e-07
peak_62456	68.0829023082016	1.47236319513316	0.273651021448385	5.93679359820568e-09	4.60720484624224e-07
peak_26301	190.181899214148	1.06059955308709	0.195428228017207	6.15072153502694e-09	4.75173906504985e-07
peak_51277	87.1686346419299	1.43155893577834	0.267962588272358	6.13658703190934e-09	4.75173906504985e-07
peak_62612	32.9670228429147	2.16392374089493	0.40607551192303	6.15099788752383e-09	4.75173906504985e-07
peak_80648	55.4308880822311	3.66646692950024	0.741847566642724	6.25461858791472e-09	4.8171900804142e-07
peak_78752	104.712527995052	1.39859711428002	0.26275500775622	6.3012973911924e-09	4.84582124867776e-07
peak_51977	35.2458397644757	2.35019691211179	0.454280039726097	6.43101471559179e-09	4.93812825736691e-07
peak_46672	35.7727664412246	2.14935714449443	0.409747276585949	6.63850556150775e-09	5.08978713622608e-07
peak_1376	155.017217042383	1.02967037796942	0.189830432805778	7.46216528965655e-09	5.69016910704274e-07
peak_32125	24.3972283114862	2.69241993967494	0.513051514414738	7.46621255366491e-09	5.69016910704274e-07
peak_56302	89.5723296014278	1.64503579745928	0.318438565790937	7.66089036127194e-09	5.82667206196816e-07
peak_87589	75.0785912033494	1.55654000858989	0.295527377552857	7.6681774478889e-09	5.82667206196816e-07
peak_33747	78.2228189849523	1.48145148490828	0.27963762601344	7.89314072458017e-09	5.98868560987268e-07
peak_42568	92.9105607856247	1.39123624149276	0.262731001536048	8.11262281363767e-09	6.13694639133724e-07
peak_93183	29.8356717275355	2.68415157420314	0.532983252426843	8.19121304172907e-09	6.17936934890607e-07
peak_100242	45.7694767060771	2.1259357943868	0.414301617630146	8.19294253297082e-09	6.17936934890607e-07
peak_24456	79.7939885818633	1.47928260594024	0.280308519238026	8.22055213959649e-09	6.1910350279094e-07
peak_88456	273.72873028966	1.10482129646764	0.207549490577511	8.3330749576428e-09	6.24809058515259e-07
peak_103150	58.303415393291	1.68915668232749	0.321724379697454	8.49971767852969e-09	6.35434905509552e-07
peak_82040	85.0900823811323	1.56580533142315	0.298741420047491	8.63305652613543e-09	6.44458301671363e-07
peak_42857	35.1875321892903	2.27530392296576	0.440548014535851	8.65525098995587e-09	6.45170507271769e-07
peak_26543	49.9352066843358	1.68909766190252	0.319768742005257	8.71535683107242e-09	6.47756827097753e-07
peak_40474	20.6413233987823	3.0398508688933	0.588325451830227	8.70579913046833e-09	6.47756827097753e-07
peak_18008	49.8959406418999	3.81323063936999	0.777750269049777	8.7990905906386e-09	6.50238661492308e-07
peak_31249	27.9701406886673	2.30483458908979	0.43851845460119	8.78682293877324e-09	6.50238661492308e-07
peak_55620	45.8126846415001	2.15690160847625	0.424120573264368	8.79976221766157e-09	6.50238661492308e-07
peak_44320	21.8248463199741	3.18976728031627	0.62298967753123	8.93227250959897e-09	6.58122610078631e-07
peak_44522	28.4258511165675	2.58707623061474	0.502984314513106	8.97887396880653e-09	6.60601541376002e-07
peak_21241	35.2962738412427	2.49076365753365	0.490584037793234	9.05381070500898e-09	6.65155032572893e-07
peak_83823	18.8424433601067	3.5537377260438	0.684961089471875	9.0806415601233e-09	6.66166317387693e-07
peak_45104	173.092717496999	1.08387520723398	0.202882406558776	9.48349398099978e-09	6.93723707482431e-07
peak_103146	150.790434418974	1.08909256837009	0.203520718833126	9.59287697809312e-09	6.99717347074472e-07
peak_70543	48.4166030548283	1.75588459038986	0.335032231571789	9.60791781143126e-09	6.99813282190906e-07
peak_70361	50.6507116618882	1.71176055887302	0.326128373855881	9.77435599840026e-09	7.09907856031959e-07
peak_20146	40.5467277982704	2.16348133030912	0.423492255798277	9.88999859128406e-09	7.17285160988918e-07
peak_11619	56.6003001963366	3.69368411137373	0.767245795325121	1.02335685326983e-08	7.40097482564762e-07
peak_3253	31.6511946419826	2.39211989789807	0.468265347508462	1.05015034060868e-08	7.58398941448641e-07
peak_81084	26.4073541615835	2.74605268486386	0.542596640906991	1.06021030082061e-08	7.63501163808469e-07
peak_106801	102.225771271373	1.32519651636335	0.249188472531021	1.08847607408721e-08	7.81648466386061e-07
peak_5029	88.0264804518314	1.31193230716688	0.24826620139952	1.12366154292009e-08	8.0352044077593e-07
peak_69398	83.9633871418186	1.43555022611675	0.274814983423769	1.1230154431851e-08	8.0352044077593e-07
peak_12603	134.511913625612	1.15905621599662	0.218645196611191	1.13048561323286e-08	8.07074956666558e-07
peak_81936	97.1772464079982	1.2265417826122	0.23126824807297	1.13179812893067e-08	8.07074956666558e-07
peak_94801	26.9998085197349	2.64411081896629	0.525088169607154	1.16141581238606e-08	8.24734632455648e-07
peak_59240	102.201319903298	1.23555453441575	0.234245483787694	1.18971444830305e-08	8.41314575051028e-07
peak_17582	19.9026259129389	3.01920739816535	0.586075564626402	1.2067327152775e-08	8.52167232979759e-07
peak_78802	23.7872054085622	2.76244925187817	0.541516246446591	1.20924578128725e-08	8.52760793979415e-07
peak_88471	33.1245456053806	2.4857294676679	0.495287512865541	1.22078156757321e-08	8.58520951783278e-07
peak_78897	31.9519947993103	2.55165109846166	0.51203412568052	1.23654501633634e-08	8.68408873318524e-07
peak_32126	22.8316087989414	2.71602805047839	0.527722044974349	1.25940763132255e-08	8.82035130365544e-07
peak_62993	31.8849034129595	2.23637530261793	0.431561922441892	1.32867630691369e-08	9.26982623812911e-07
peak_65345	43.5104452258831	2.14240806669193	0.428579921524994	1.32903992862205e-08	9.26982623812911e-07
peak_6918	55.3002304971657	1.69320810612448	0.327001152346198	1.33847832814313e-08	9.32290383042424e-07
peak_100303	21.720258527118	3.03230342943382	0.598558623851868	1.35489804671648e-08	9.42439724555069e-07
peak_81245	119.951242210508	1.49321730654925	0.292811460488097	1.36288698432749e-08	9.4670511965833e-07
peak_99305	46.5046350328386	1.93453624151945	0.37907694957718	1.39253655785002e-08	9.65984611408722e-07
peak_22582	30.5949053708665	2.65012442038527	0.542099597117032	1.47051902212794e-08	1.01731184344932e-06
peak_37215	28.907456691412	2.22284832485026	0.430885820409107	1.51483710405706e-08	1.04372276469532e-06
peak_6960	44.0088941822742	1.9542808616065	0.382516192888596	1.52310691968753e-08	1.04800444544114e-06
peak_55326	45.8417896237207	2.20017736968409	0.44453009591994	1.54922467626747e-08	1.06310591311135e-06
peak_66556	104.835974248876	1.46111343292759	0.285778305658256	1.56743413350946e-08	1.07415587004185e-06
peak_16607	39.0118113455239	2.44344115595437	0.505356831540414	1.57483570668977e-08	1.0777795079367e-06
peak_58810	60.9621844597785	1.57645284854752	0.304819296425069	1.62523379397567e-08	1.10929277402468e-06
peak_98721	32.2969473793952	2.37463572976714	0.478875077183467	1.714414839554e-08	1.16548206679334e-06
peak_90742	35.04908024638	2.4887726026884	0.513411817388997	1.75827128815794e-08	1.19211728587794e-06
peak_53236	52.7305839006621	1.90967908502178	0.383354894690311	1.81422756664655e-08	1.22679319248065e-06
peak_1126	24.5157986194854	2.53863972057633	0.501234678803755	1.82153742818974e-08	1.23010473263155e-06
peak_50333	27.6356961621222	2.77888174295444	0.570761714807757	1.90051442619829e-08	1.28004793307987e-06
peak_48963	32.8357097646362	2.16314300606549	0.425634146763328	1.91541274848023e-08	1.28668293009239e-06
peak_64506	51.2422646225787	1.89325779069329	0.377988228200404	1.97734018951784e-08	1.32305337142725e-06
peak_4494	152.118297521792	1.11476507305633	0.214288316113509	2.03423786948106e-08	1.35934013123672e-06
peak_82241	74.9806281013789	1.4931539084219	0.293329174091907	2.03883479818614e-08	1.36062867827642e-06
peak_8695	32.4527570957365	2.11646003948131	0.417199513128763	2.07909774911161e-08	1.38568467759745e-06
peak_21099	24.8998777030699	2.3343619812756	0.457340100509252	2.10406834596134e-08	1.39503288279824e-06
peak_17718	57.0248663157413	1.72051744864119	0.341009075657647	2.1520747232347e-08	1.42500885504993e-06
peak_102192	36.1811019161013	2.06765573779808	0.410877483103007	2.26031732098557e-08	1.49087372480945e-06
peak_49641	26.8999950647457	2.3431356532704	0.464742232471344	2.27506201598956e-08	1.4986603610755e-06
peak_14510	72.1918120953479	1.42599086796024	0.277667217007538	2.27936338402453e-08	1.49955640642419e-06
peak_70044	31.3204429832735	2.63049934521907	0.551552016827975	2.2915650698853e-08	1.50564093625222e-06
peak_9076	76.6360603597842	1.51439517022217	0.2994457584512	2.31220543828975e-08	1.51724718760156e-06
peak_11624	31.0782770529	2.23777232692488	0.447009211425236	2.33197182827259e-08	1.52825084365432e-06
peak_1630	65.8935483361087	1.41983647038093	0.276569332293625	2.34038467076309e-08	1.53179528656646e-06
peak_78113	18.1114168765982	3.37468010676666	0.679009563947314	2.43983720640944e-08	1.59076137859324e-06
peak_8397	22.1171321220992	2.60833211448545	0.516473702007676	2.44670109867174e-08	1.59319926202909e-06
peak_42862	39.6625767758539	2.32510602248616	0.487917167410207	2.49451667886774e-08	1.62019652724523e-06
peak_105730	37.5834504501932	1.9661361900703	0.38903876634967	2.53176530048e-08	1.64229752684826e-06
peak_69382	38.596246683776	2.05357063947359	0.41384195650402	2.54045413396811e-08	1.64583982813848e-06
peak_60322	71.1608449866509	1.54496818417556	0.307842948167454	2.85958428534877e-08	1.83857206018654e-06
peak_98720	80.2329248154311	3.33121126466017	0.722358409887912	2.881142422634e-08	1.85009984333019e-06
peak_95605	32.4135958466295	2.16327476409054	0.434957742817347	2.97021700104764e-08	1.89773789493001e-06
peak_73504	27.0958350186779	2.48829797892949	0.504149606423431	2.99042227536197e-08	1.90825619689118e-06
peak_13914	13.8051300187297	4.25312262178075	0.8256146707574	2.99760691222643e-08	1.90971999856624e-06
peak_91748	21.216347356461	2.64007593462357	0.525656729259211	3.00020734878508e-08	1.90971999856624e-06
peak_80188	35.2734140165854	2.13011337665046	0.430819689760337	3.10595870937728e-08	1.96965685020286e-06
peak_67283	21.8884400069678	2.70390477158546	0.542748053671079	3.18771613589232e-08	2.01899248328703e-06
peak_82789	38.4369930892385	1.92054701914549	0.383561381948165	3.2031738639173e-08	2.02375492720802e-06
peak_96394	38.5558495770002	2.14363910146071	0.439395884044963	3.26290170169509e-08	2.05639439014371e-06
peak_43336	82.0020271283538	1.30991949421935	0.258665060685465	3.27914453603937e-08	2.06407979400621e-06
peak_57679	16.0677912663358	3.56943636054419	0.717536071196939	3.34304160358025e-08	2.10170553884269e-06
peak_38997	40.662838302511	2.05755500140707	0.421892798806275	3.35860815668774e-08	2.10889156991233e-06
peak_85868	16.5419262264834	3.27393322388597	0.654163047683556	3.38643179055061e-08	2.11899050918672e-06
peak_95267	100.03834712235	1.31608862381579	0.261354646317159	3.39990185364324e-08	2.12435534203253e-06
peak_17766	33.6859209063372	2.30353701432315	0.476444440280153	3.41851602615748e-08	2.13337158028966e-06
peak_17374	20.2195675919568	2.85396762974941	0.574772071582534	3.42352564059338e-08	2.13388604292535e-06
peak_79504	23.2333876042494	2.69975734977238	0.548613551740574	3.48476185051823e-08	2.16940253614802e-06
peak_92968	38.8442990888556	2.27129693834823	0.476555008181212	3.55805312586182e-08	2.20963333343716e-06
peak_60719	30.9984593598784	2.18691113894634	0.444351579429277	3.61593639764173e-08	2.24012312478932e-06
peak_14416	16.5025131758066	3.25814900830535	0.657273362770498	3.84479478293233e-08	2.3761297794253e-06
peak_6544	26.7922410632852	2.56867555965584	0.53471869132831	3.87928765449713e-08	2.39454431419117e-06
peak_68515	85.5668493335341	1.4049872928191	0.281810112178772	3.95936820340974e-08	2.44101991800543e-06
peak_53486	55.359056483444	1.59854785212587	0.321183277748203	4.06568467404291e-08	2.49750600952713e-06
peak_54015	40.7921534263788	1.99516746553476	0.40830961017731	4.16943521011086e-08	2.55508201469606e-06
peak_13999	19.6453476262244	3.1145808395057	0.649246023296511	4.20714670577534e-08	2.57246369085816e-06
peak_94432	33.9146381713859	2.08566022244901	0.426319004835958	4.28458745933383e-08	2.613085839732e-06
peak_90444	25.3625924044336	2.56282950181083	0.531638639835993	4.39478396487849e-08	2.67709026563076e-06
peak_31004	101.27426615281	1.26674119695546	0.253225462193738	4.49999203199344e-08	2.73464354878686e-06
peak_7174	72.2985258038247	3.04218953690013	0.660412060817976	4.51759683414146e-08	2.74207371649448e-06
peak_10364	34.0570387623393	2.03091958387772	0.411678169361091	4.5756332483627e-08	2.77399805946517e-06
peak_93951	22.9853189523965	2.77573938303756	0.575198674108684	4.68861649129375e-08	2.83239100029743e-06
peak_55921	20.8907898391347	2.7889680750926	0.573589198882503	4.73210545263751e-08	2.85527962849913e-06
peak_10380	21.0302709160482	2.69121295195601	0.549647793276701	4.74960995741905e-08	2.85907453705983e-06
peak_14417	16.7452389672525	3.40855737281855	0.708198735344923	4.74599115705688e-08	2.85907453705983e-06
peak_98400	30.1271653183978	2.62297720131239	0.565741805645443	4.7713269305785e-08	2.86876031701033e-06
peak_85866	30.9631820401226	2.07572572159955	0.422096976232629	4.86859289940989e-08	2.91695894160808e-06
peak_104895	216.402250490678	1.11310088842531	0.222819813215804	4.86865425667531e-08	2.91695894160808e-06
peak_78519	20.0396722628873	2.81109183735572	0.575411452606468	4.9823692056402e-08	2.98158540280248e-06
peak_86028	43.0711721352101	1.97066646765631	0.409231571175847	5.01782208805609e-08	2.99576905130712e-06
peak_29155	77.9581313331409	1.50111189363804	0.305732473679759	5.05941845912827e-08	3.01354567239619e-06
peak_98051	42.4350941632613	2.10581613215168	0.449163356968893	5.31499877677641e-08	3.15472092703984e-06
peak_47282	34.1816963301967	1.86536243344138	0.37804017048112	5.42258270585964e-08	3.21483490512744e-06
peak_3262	33.6339615386661	2.09946784785149	0.435468160028674	5.45488979474698e-08	3.23023241666631e-06
peak_64770	29.9155708995326	2.47666227492892	0.529841329082591	5.49503569682369e-08	3.24678543232152e-06
peak_77459	22.9742280532754	2.66624630717008	0.557230643815551	5.63926210076982e-08	3.31630239296251e-06
peak_18717	47.0095453411135	1.9341950796499	0.408015692331579	5.7624858450394e-08	3.38096781697559e-06
peak_104630	24.9511232705853	2.57008671007873	0.537332261036248	5.89547349303519e-08	3.44835215469954e-06
peak_21076	38.1576203177373	2.14584047771857	0.448145385150498	6.11518713160698e-08	3.55064463855892e-06
peak_40705	53.2956233107773	1.77394838552888	0.369404869508972	6.12132082786115e-08	3.55064463855892e-06
peak_105887	26.1541127793101	2.2501775188535	0.461729986765377	6.16751695504866e-08	3.57337522125126e-06
peak_59284	41.8403373148099	1.8129831754401	0.374410178345424	6.3253324467677e-08	3.64822850826808e-06
peak_59694	91.9194429790079	1.24903558309927	0.252550660392654	6.38780384420532e-08	3.67594319188095e-06
peak_99582	36.286667291448	2.27907691814054	0.49481888584657	6.52295482106551e-08	3.74105033191053e-06
peak_60903	18.2246405701477	2.87965952961464	0.598906575310463	6.63938114651321e-08	3.79927594990037e-06
peak_7186	58.5494382233265	1.57682316113649	0.323843745591777	6.70927765841583e-08	3.83496895394607e-06
peak_77988	20.1606101734138	2.74080828269098	0.568357864973264	6.80513120119196e-08	3.87671977010026e-06
peak_3195	51.1375275466573	1.73289503410898	0.360549593201337	6.81819015813599e-08	3.87982414511966e-06
peak_20580	119.097425227921	1.22499840543639	0.249178452520215	6.83490946688775e-08	3.88500216364257e-06
peak_86448	21.1407953867183	2.75602494430593	0.572979209430094	6.88550546220046e-08	3.90604731733494e-06
peak_23308	35.3759391187806	1.94886849318725	0.402890421356628	6.93606975246003e-08	3.9249994716862e-06
peak_55594	36.4070931783601	2.32043984705539	0.508411363124696	6.93266806717995e-08	3.9249994716862e-06
peak_55602	31.8140592428385	1.97565128225027	0.406800801892515	7.09713362170362e-08	4.00281476588695e-06
peak_44828	44.1509650918463	1.66871225106325	0.341687357538086	7.11184480952304e-08	4.00667977302035e-06
peak_31673	117.627481888503	2.54622518260954	0.555694388144178	7.6495049302435e-08	4.29062330443779e-06
peak_28778	22.2448776387584	2.6878223010131	0.570185234268169	7.7080097422082e-08	4.30921693767793e-06
peak_70244	45.5211393624718	3.68218089604879	0.829276529958429	7.72660569061342e-08	4.31488190297498e-06
peak_40772	19.0757840474323	3.38898708369051	0.754394307724895	7.75823699884176e-08	4.32780603526199e-06
peak_96642	29.5749625471721	2.40273819309269	0.517415215869128	7.7800171319368e-08	4.33521260643639e-06
peak_26494	29.7303889082117	2.66654764928693	0.593727103184417	8.03432430118913e-08	4.46228822244476e-06
peak_55981	26.0384186595345	2.70761183083238	0.593379184132897	8.0295259446306e-08	4.46228822244476e-06
peak_47265	62.0383458118803	1.43085444377147	0.293418601271141	8.0657305035789e-08	4.46999277668994e-06
peak_17752	18.5007544560144	3.20762464498594	0.688494773842654	8.34267247176041e-08	4.6034577775452e-06
peak_41416	23.4003621465976	2.40797575664999	0.502244925916857	8.38930185367084e-08	4.62418318174337e-06
peak_89187	28.9241263568881	2.60718164068449	0.579333785543292	8.40327180699858e-08	4.62688138608671e-06
peak_11626	29.2723093311178	2.1049608422312	0.437017149332726	8.55373098659746e-08	4.69957465606313e-06
peak_35269	31.3197174340878	1.97838766926189	0.411269171159191	8.65569703754225e-08	4.75047760125004e-06
peak_55328	57.8321735441514	1.70226887715545	0.357301798415203	8.66714344133119e-08	4.75164489784637e-06
peak_88474	129.744048175831	3.57499755477982	0.853500885375928	8.75100080876499e-08	4.77707202607807e-06
peak_58360	20.4442781578379	2.65383415823752	0.559345214106835	9.05319367150947e-08	4.92096090123222e-06
peak_23570	29.4857629788046	2.3888802585212	0.512242890681432	9.17968526094558e-08	4.97380906179141e-06
peak_6438	108.637778380253	1.10291658747931	0.223840912617858	9.19351883588327e-08	4.97601646885716e-06
peak_90757	113.124514340416	1.24318689406176	0.257302456925689	9.55789650346867e-08	5.16775091331764e-06
peak_40710	39.7001273256915	1.898418088619	0.400616461961782	9.6462160693252e-08	5.20446531757264e-06
peak_11877	29.8511899744236	2.01432233798372	0.420734041032654	1.01428234478195e-07	5.43216382679125e-06
peak_97349	28.5425598888777	2.18504714300679	0.461710839509439	1.03761005082659e-07	5.53964251847587e-06
peak_30899	14.990777817218	3.73234008092435	0.794302876006827	1.05407836340964e-07	5.61605576900955e-06
peak_52210	22.4109418223031	2.48143769493282	0.528623117676816	1.05528898130455e-07	5.61605576900955e-06
peak_96747	31.0915190981918	2.12257523609815	0.450788939154614	1.05960713965514e-07	5.62761766900593e-06
peak_29910	20.4917910154053	2.69827194750664	0.576069327230032	1.06187533754005e-07	5.62793928896229e-06
peak_32095	40.5911753515749	1.81386815306959	0.382052296641589	1.06327061421169e-07	5.62948240251271e-06
peak_37186	88.0691106670662	1.1862765391726	0.242993593361162	1.06478611684169e-07	5.63165819017534e-06
peak_93614	53.8764149535498	1.52308537529678	0.317482205723503	1.09386496502161e-07	5.77946104731521e-06
peak_82612	59.3689807314267	1.50521090186367	0.314210354093221	1.12320731829586e-07	5.92221802798683e-06
peak_91910	39.6467789556938	2.07676652587506	0.454889215855416	1.12462052205272e-07	5.92354358857229e-06
peak_8562	32.8052731000143	2.25610001947872	0.496050812913253	1.13047487631344e-07	5.94823447303584e-06
peak_54995	115.385478514437	1.15664701140611	0.238427153249665	1.13562134926141e-07	5.96915361994252e-06
peak_67439	44.815416911673	1.71604724965749	0.360103641586245	1.14974964105022e-07	6.03719209048265e-06
peak_65088	15.6716375560989	3.59407488686623	0.780976099393653	1.18568915072332e-07	6.20672967543936e-06
peak_64504	31.1766580933482	2.2878803108153	0.500322844436044	1.1942359496245e-07	6.2450578592364e-06
peak_81103	40.1491945675167	1.89700702145453	0.405085746635206	1.2003890526998e-07	6.27080289354016e-06
peak_100858	32.376949764325	2.48051763784942	0.563477135404358	1.22794376439696e-07	6.40818226934938e-06
peak_87678	139.189646935216	1.1812677530242	0.246342056435749	1.23882174421972e-07	6.45834002564281e-06
peak_12207	98.965284997132	1.13081197214633	0.232674150223974	1.24256894841755e-07	6.47125846823465e-06
peak_54371	67.1604472391523	1.45019561348338	0.305362851220533	1.32826310896128e-07	6.88240069852639e-06
peak_19327	38.7284048205569	1.69836229733132	0.357052342886207	1.33211209673891e-07	6.88834354607809e-06
peak_85335	97.6710532938975	1.19025387806828	0.246960738336043	1.3316559694204e-07	6.88834354607809e-06
peak_713	49.2968515018417	1.57998986177344	0.333607320915203	1.33562146052179e-07	6.8994929874533e-06
peak_46918	49.0715183257634	1.75372661439012	0.375739218770217	1.34828353337172e-07	6.95081741481199e-06
peak_14044	60.7047043431732	1.73440115857192	0.379516106178567	1.38631845449597e-07	7.1181100423899e-06
peak_67186	28.58224364118	2.55991104269935	0.586100724035003	1.40688892271512e-07	7.20920991090986e-06
peak_55944	18.5727507446515	2.85265983033931	0.620481184787366	1.52282105282946e-07	7.77202744740369e-06
peak_74885	37.1708715014913	1.96257834802552	0.424316867710585	1.55156330611154e-07	7.89501065123783e-06
peak_43670	31.8919921377052	1.98026418250177	0.424102504478533	1.57809869758565e-07	8.02202793570311e-06
peak_62873	19.2186375869158	2.59868140182108	0.559853741035313	1.58601977312124e-07	8.04212833104388e-06
peak_82291	24.6382060676284	2.51156773716031	0.552095709185939	1.58678482348687e-07	8.04212833104388e-06
peak_77940	20.0458698129741	2.48281959696866	0.52930957824709	1.61217995498289e-07	8.14654184189868e-06
peak_82779	28.208972425503	2.44204953849979	0.542606021014052	1.68115692013037e-07	8.47828553212337e-06
peak_73806	75.9660134643945	1.42757907317643	0.306082193863476	1.72851129550012e-07	8.6913093601942e-06
peak_85867	42.1455811355598	1.81547933350737	0.394082709687584	1.73929538105328e-07	8.73691766486529e-06
peak_91735	51.126952794538	1.5096529389498	0.319434884445401	1.74377166380055e-07	8.7507816978873e-06
peak_98129	27.3905599349001	2.60422290367544	0.587226706576127	1.78784299765304e-07	8.95431857351059e-06
peak_40201	39.9608955029826	1.73557648986878	0.371954864879455	1.79341628689558e-07	8.97341735070247e-06
peak_6332	29.7686012669154	2.08986513542639	0.4536128422845	1.91996063234439e-07	9.53175392411986e-06
peak_97453	43.1740159635943	3.46378448216804	0.814867126116552	1.91916433837158e-07	9.53175392411986e-06
peak_55625	24.5023238510433	2.16238320584079	0.464594968094781	1.93272528057287e-07	9.58579096841329e-06
peak_95580	17.6093887636597	3.39928116646798	0.801526724245209	1.97020654128236e-07	9.75271366153616e-06
peak_54018	48.5215283046572	1.59659140822692	0.343451665543382	1.98448695288385e-07	9.8138750513808e-06
peak_48883	105.342652975232	1.19538731986649	0.253648899050954	2.0619995217078e-07	1.01676119549123e-05
peak_30276	53.6836511095242	1.63010111698251	0.355179016556352	2.08444758745291e-07	1.02584599125361e-05
peak_67732	41.9709768479336	1.63988050204182	0.351999585247269	2.10310242431294e-07	1.03402873872729e-05
peak_14356	24.4866611722599	2.36991660656397	0.524561289888942	2.11506643647502e-07	1.03890922283348e-05
peak_715	24.4170170374052	2.20293188605911	0.476802554524944	2.12668279357175e-07	1.04260623954855e-05
peak_81250	59.119683716965	3.34425343903578	0.805511280209813	2.13533334898032e-07	1.04584155745543e-05
peak_31690	24.635972203329	2.09823264921337	0.451699264482994	2.16074811793684e-07	1.05625986137227e-05
peak_64507	25.6572161606788	2.36311773758599	0.528431015179884	2.16589057796925e-07	1.05775954988831e-05
peak_32564	67.6657136313252	1.44715766936456	0.312759386834494	2.16957654099003e-07	1.05854573702313e-05
peak_27089	25.3270765333563	2.47416138579439	0.55748323991452	2.2104335838808e-07	1.07641993035097e-05
peak_32393	71.3285531891191	1.24915113931584	0.264771211802641	2.22853672884814e-07	1.08420013031537e-05
peak_80865	86.1391646841204	1.37792067180394	0.299341232635835	2.29020350125158e-07	1.10891088048255e-05
peak_9889	47.534700374817	1.70664564367439	0.372622730990606	2.30574790455398e-07	1.11537820362039e-05
peak_52200	38.2654752351146	1.89323082331673	0.418902961915528	2.38931427430652e-07	1.15252202071705e-05
peak_73768	21.4313267734966	2.88157937824694	0.676045264853191	2.40477065903296e-07	1.15778693882393e-05
peak_100521	18.0978734531953	2.82286018197729	0.625741477913453	2.40427605176471e-07	1.15778693882393e-05
peak_6575	17.9475893271171	2.90218829706328	0.646679708377001	2.4140690692807e-07	1.16116722232402e-05
peak_58943	28.0244711162937	2.06878662914159	0.452296166339897	2.47962886118338e-07	1.19045534007812e-05
peak_96742	77.4676688865761	1.31002780818324	0.282844335272855	2.5925256017394e-07	1.24115033173977e-05
peak_55595	33.3935264528706	2.27529826340408	0.526654926092809	2.59858637075868e-07	1.24288484708726e-05
peak_26369	34.8230573758767	1.8652655644928	0.406505377301904	2.64868774473223e-07	1.26447559319211e-05
peak_85255	67.5711088853336	1.31461196065498	0.282347030477542	2.66044484590271e-07	1.2677144010579e-05
peak_84834	67.5684153315405	1.55282779127678	0.343505190201227	2.70255653545512e-07	1.2853782417604e-05
peak_98142	55.4159472251132	1.60426295248118	0.350113404447423	2.7260886766071e-07	1.29517306758718e-05
peak_16095	40.1924802042926	1.76250997551798	0.387879133385613	2.75347599730498e-07	1.30594164835899e-05
peak_73352	31.5863719338808	2.34236997099122	0.551856548851235	2.83813876071666e-07	1.34110605054587e-05
peak_42640	54.8025969563148	1.71998840671554	0.388171686536955	2.90187907839027e-07	1.36742335204072e-05
peak_86974	46.9883623572972	1.73896611542427	0.385601014695124	2.97524740327088e-07	1.39911476318479e-05
peak_19749	22.3964160125233	2.63910119457228	0.614867004692451	3.02267539672314e-07	1.41684400141542e-05
peak_55601	80.5093356562912	2.60120488583541	0.60994727103373	3.02380745207823e-07	1.41684400141542e-05
peak_82800	45.2142299737548	1.92076130084432	0.443152607824577	3.06187929833793e-07	1.43222915509227e-05
peak_56020	15.0164051738716	2.94300720442529	0.644741874865272	3.08562082239175e-07	1.44201157883104e-05
peak_43046	52.527133718774	1.53850393427776	0.337534023191339	3.13521610174413e-07	1.46384732750482e-05
peak_49716	24.4598972112781	2.13531717001386	0.470511069832215	3.2088987496183e-07	1.4927820405843e-05
peak_87348	29.5111759896147	2.11259892285344	0.474717387849234	3.2266919148093e-07	1.49832526382939e-05
peak_78682	50.0688900148536	1.53166499346715	0.334909669285254	3.24138277362772e-07	1.50377745310449e-05
peak_44601	18.6608700857461	2.48774991967463	0.549201793992281	3.30827272872725e-07	1.53341448497171e-05
peak_43875	23.9969767809505	2.57034665624178	0.601559442592523	3.32704073249782e-07	1.54071297717651e-05
peak_55598	33.8048703424053	1.94871685984029	0.435412586582514	3.34813817559299e-07	1.5490759802249e-05
peak_27190	22.1405080069877	2.32182573753959	0.515080799031677	3.40520239551661e-07	1.57120044649602e-05
peak_32890	17.902989223138	2.72303940197566	0.60778753333633	3.45049576610692e-07	1.58778860226289e-05
peak_25891	40.8617174932978	1.74364900297343	0.389199249502918	3.48388826813638e-07	1.60170899223807e-05
peak_2919	74.0480885414661	1.2329054321299	0.266445481731172	3.49008962836128e-07	1.60311450262728e-05
peak_93061	123.591518698438	1.23033649828623	0.271551915854028	3.50079193087603e-07	1.60658305479429e-05
peak_23919	26.7117149323213	2.19205510137709	0.495839826392279	3.58317396468328e-07	1.6392514361472e-05
peak_71681	82.5629493084849	1.26957571845944	0.277643573959918	3.58483770310305e-07	1.6392514361472e-05
peak_86089	33.3855175271739	2.02955720893985	0.463267104901224	3.61737050582283e-07	1.65116609319501e-05
peak_6933	25.0077726151634	2.51600775232877	0.595842863140138	3.73682425500504e-07	1.70112251308649e-05
peak_28897	18.859839124079	2.71654842199553	0.620007241407294	3.75500069525645e-07	1.70743622097968e-05
peak_79215	14.7923337366204	4.11896681168124	0.933973152856801	3.75739112685679e-07	1.70743622097968e-05
peak_39457	43.766894671779	1.69672576062878	0.378914546275832	3.80487777014387e-07	1.72593859420423e-05
peak_53228	132.832594888717	1.01171981698385	0.217239157891386	3.84032244404771e-07	1.7373795930099e-05
peak_97356	59.6043271684005	1.31929109682004	0.287331558153842	3.93624312942228e-07	1.77761994859809e-05
peak_58805	41.0256703673862	1.60447769246799	0.354177805294488	3.94137721937604e-07	1.77836335316024e-05
peak_24919	29.4395597052928	2.29746782784002	0.536146650122147	4.02837399301744e-07	1.81112233707781e-05
peak_6937	98.1983909517554	1.14325028102987	0.248364877833499	4.04319189644927e-07	1.8146670953553e-05
peak_14414	23.4575737375597	2.71540537716078	0.647375881402859	4.06953209950355e-07	1.82327911797265e-05
peak_4278	29.6742817494252	1.93126899130837	0.429451569386411	4.07544120453282e-07	1.82432348774636e-05
peak_67275	141.268754059669	2.05446193612148	0.475246864074432	4.20283585527558e-07	1.8764079589937e-05
peak_37099	104.871145036791	1.04525604838046	0.22550573230883	4.25106696435936e-07	1.89462325388834e-05
peak_100172	42.7964521932403	1.56695623987543	0.347025596754947	4.30461911182552e-07	1.91514232142702e-05
peak_67115	114.264849869858	1.20168744799526	0.266109304081178	4.37084569906492e-07	1.94121897920317e-05
peak_33676	25.9027321612757	2.46820333259747	0.583045601140546	4.43769598304648e-07	1.9674814555792e-05
peak_85336	49.8027304236981	1.66026027573734	0.376910476251392	4.50841337698697e-07	1.99363368984438e-05
peak_67278	27.7953096834084	1.98159234280605	0.445386843248255	4.53137697447814e-07	2.00205187539638e-05
peak_83065	38.9255125852901	1.64708846570158	0.365850556252952	4.64251919842822e-07	2.04230788482365e-05
peak_70091	114.124439440292	2.83473273610723	0.701013081811361	4.77771130866533e-07	2.09996886882423e-05
peak_51120	171.430305717102	1.06936824004813	0.235959577309601	4.89967421802385e-07	2.14249390806315e-05
peak_36178	45.7273302915887	1.5570248906784	0.348293879997045	4.91494620485328e-07	2.14733031020265e-05
peak_58872	66.8051005258642	1.43735188214758	0.322283072690145	4.99663543422873e-07	2.17928532292204e-05
peak_21349	23.7683236218266	2.6019879896407	0.622373504944741	5.00595436569801e-07	2.18148366914084e-05
peak_57765	31.5022235401855	2.05122187378689	0.46818898366789	5.01748942357353e-07	2.1827791446273e-05
peak_17091	82.84389812041	1.28357856364081	0.286173130631837	5.06978514598255e-07	2.20364932185052e-05
peak_36977	13.5552289686043	3.20589223671836	0.719645171503932	5.12990690427709e-07	2.22598666741678e-05
peak_55945	188.622729737709	1.03740183511909	0.22938426777729	5.16626520624646e-07	2.2379541020024e-05
peak_65885	98.1694090395587	1.09418280572914	0.239651714598087	5.24766843988748e-07	2.26936067070486e-05
peak_59295	21.9011911024497	2.41082839483824	0.553407061034788	5.25707744650524e-07	2.2715029719281e-05
peak_14419	176.361015974167	2.66309190526351	0.657244021408461	5.27228420439272e-07	2.27614464390489e-05
peak_12880	26.7543155819746	2.02295248154026	0.456195509551176	5.34861705717719e-07	2.30519517563175e-05
peak_87758	121.131207518066	1.11528953418153	0.246738648699305	5.44413538483772e-07	2.34240241967372e-05
peak_31674	19.4073678678776	2.5551763664661	0.583963556188582	5.59023427255195e-07	2.39515701361625e-05
peak_94559	11.7472124105587	4.07951449737543	0.91102024466443	5.58820311776318e-07	2.39515701361625e-05
peak_62269	21.515322113727	2.38888303326506	0.556726670407872	5.6573156494571e-07	2.41783654258245e-05
peak_89744	46.2878452856329	1.55056820408805	0.349643773108393	5.65739417742294e-07	2.41783654258245e-05
peak_90604	112.254137880939	1.14961618386113	0.255660335043559	5.67765270515103e-07	2.42243347970569e-05
peak_97462	27.8444823556566	1.97013114301184	0.449736484860347	5.79254479498761e-07	2.46732405110475e-05
peak_61693	89.6465013860224	1.14866534482107	0.254163337437199	5.86863220173971e-07	2.49556364835614e-05
peak_11850	21.5841114059729	2.57478518813532	0.614078671294638	6.15274091358592e-07	2.60119111293608e-05
peak_23538	63.8736579218002	1.2722686359432	0.283516949715813	6.17236104376283e-07	2.60732394513083e-05
peak_15516	110.315957682328	1.09076550445237	0.24104772860187	6.22774589032973e-07	2.62854182089695e-05
peak_9154	28.1745141957097	2.4917263540914	0.634383712418775	6.27424370306013e-07	2.64378999540681e-05
peak_77460	42.7768776980181	1.57117877559075	0.355600890725184	6.42573942615399e-07	2.70539017656389e-05
peak_65982	165.007187331164	1.02112467448237	0.226436330789098	6.48688786706119e-07	2.72888172268962e-05
peak_105443	89.4460557945156	1.3523364110871	0.308509738329983	6.53054112071186e-07	2.7427196835306e-05
peak_54581	22.8241036979706	2.75923580680994	0.702735114347351	6.60581882642972e-07	2.76749612723374e-05
peak_9084	28.7681935549015	1.88479012589896	0.430856272273536	6.67017946163493e-07	2.7877096118089e-05
peak_99524	35.821101485771	3.65513324906613	0.922069145814021	6.67046978858286e-07	2.7877096118089e-05
peak_104729	18.4508266981575	2.61933972291601	0.610731227589319	6.66109904415221e-07	2.7877096118089e-05
peak_43529	40.2113083770819	1.66672795251304	0.380511435820806	6.68581295372862e-07	2.79183340916304e-05
peak_40302	91.1448214240661	1.09322557294244	0.242055129340218	6.69535878037792e-07	2.79353161028108e-05
peak_48345	54.2108879657479	1.38385772613863	0.311785329718549	6.87255945278047e-07	2.86044339803645e-05
peak_36446	78.4116899230896	1.39329184483313	0.320490256071928	6.91622096416589e-07	2.87621526075248e-05
peak_74606	21.5221687767455	2.27951077643009	0.522361012860517	6.94332564939195e-07	2.88049146916109e-05
peak_10559	88.0678497820574	1.17694524678385	0.263989198517513	7.11034542759807e-07	2.94259798678178e-05
peak_12012	17.8142111255274	2.71083487435513	0.6296790007056	7.10604075644487e-07	2.94259798678178e-05
peak_102677	24.8417298066672	2.11414026416502	0.490442097796344	7.17408123483132e-07	2.96416293224562e-05
peak_86004	34.6843130000643	1.80404096176547	0.416167277695776	7.21657286406724e-07	2.97689469293958e-05
peak_9440	18.0478159211912	2.58523286845363	0.604752418974103	7.29753248368301e-07	3.00785764925677e-05
peak_90335	19.8329081132316	2.45414152350529	0.572946043443494	7.30898916193139e-07	3.01014637649623e-05
peak_54301	95.7501902617745	1.35143734172067	0.313290252997782	7.31965226821166e-07	3.01210484703018e-05
peak_64502	17.1286886809506	2.66918470630229	0.626767161169267	7.39039025637794e-07	3.03876159364262e-05
peak_74326	31.4132873258138	1.8662865506506	0.42899436915632	7.40589307166209e-07	3.04268222523581e-05
peak_3918	29.5125941652688	1.85389641498457	0.422456469106563	7.54405225279291e-07	3.09694885797825e-05
peak_92762	28.7720019117571	1.96672378416405	0.456600004292998	7.57653155638851e-07	3.10777987074839e-05
peak_97460	53.6353537954915	1.59899747152748	0.373985678300659	7.72456282759098e-07	3.16087127068663e-05
peak_78243	58.82214923293	1.38665826120921	0.314557460708408	7.75991593684585e-07	3.17024899003223e-05
peak_72848	39.9677264644236	1.6625478585181	0.38306231869226	7.82413642174892e-07	3.19137135679432e-05
peak_97606	107.4271011383	1.14123271327393	0.257306743345898	7.88653256803776e-07	3.21425059563528e-05
peak_50725	90.8051859246634	1.21649530788003	0.275947580238103	7.95149821637135e-07	3.23813968098969e-05
peak_44866	55.6748745102546	1.39775782582556	0.318007598351993	7.97476593102273e-07	3.24502327022446e-05
peak_23279	96.2264075582578	1.1278769268658	0.253491866626472	8.00711415919324e-07	3.25558789888857e-05
peak_34244	22.1599945168166	2.27080734514824	0.533386329526321	8.07351035321518e-07	3.27214625492074e-05
peak_21564	135.139180414276	1.00798680268191	0.224749325440403	8.21303026434092e-07	3.32077368007681e-05
peak_24844	18.0650099234597	2.60042355489541	0.612403065617557	8.29022529425303e-07	3.3493298482788e-05
peak_1459	15.9685310744775	2.89087519979856	0.692773673600894	8.30573566810126e-07	3.35293934104363e-05
peak_46690	14.0865888484736	3.04190423052643	0.718654050117887	8.31428026583989e-07	3.35373333571292e-05
peak_38597	31.3785652872696	1.73681317939984	0.397630586421334	8.33627222726066e-07	3.35994605358982e-05
peak_90756	26.0914757204439	2.47228080636224	0.627197244246955	8.45942827808828e-07	3.40391536962814e-05
peak_104306	45.5379270666449	1.49703300872469	0.341640308853529	8.46539185009312e-07	3.40391536962814e-05
peak_37622	24.9177344853732	2.49525844921157	0.624014707560293	8.50178583979191e-07	3.41048035269575e-05
peak_67269	33.1015497165091	2.14859101681841	0.530481030133435	8.4896606713812e-07	3.41048035269575e-05
peak_11291	49.9989669747449	1.54246772241784	0.356198495930225	8.52891307480276e-07	3.41470088935596e-05
peak_19900	37.9700637844182	1.68617772821476	0.390978742523892	8.5323989586151e-07	3.41470088935596e-05
peak_84458	17.7564759715916	2.55600801039446	0.594101007339927	8.53033027690952e-07	3.41470088935596e-05
peak_57760	28.39718505285	1.925317410017	0.44721073377394	8.56875238842139e-07	3.42656007275336e-05
peak_27167	27.9030596243017	1.95275337452208	0.453413760422568	8.62809955257604e-07	3.4448886749228e-05
peak_51606	99.3527145755707	1.09565869218648	0.246855296310935	8.74152857580388e-07	3.48199668723388e-05
peak_19599	105.732674800311	1.16043791905485	0.26399595090329	8.75690879813443e-07	3.48540009353382e-05
peak_37613	22.1464466757967	2.24181445413807	0.529786500958524	8.79315983527666e-07	3.49437293344829e-05
peak_30828	29.4739474994298	1.93988462537104	0.453116692700092	8.82937388289685e-07	3.50603159496401e-05
peak_98321	163.154069946206	1.0536721271986	0.238814565521464	8.86880146794721e-07	3.51894717233273e-05
peak_64490	18.2376347101614	2.43298270623043	0.565422870665864	8.91909571997027e-07	3.53615096717266e-05
peak_13912	15.5292904177208	2.71693737499362	0.637121724359696	9.3403549329522e-07	3.68597009761224e-05
peak_68645	53.0081768553426	1.40468468898149	0.322280699112986	9.33586239606285e-07	3.68597009761224e-05
peak_36276	36.8077719004159	1.59779968493481	0.367028887223182	9.34785284717311e-07	3.68607598813587e-05
peak_65162	73.1126515257771	1.20622684173844	0.273928913300554	9.52061938255011e-07	3.74551157282947e-05
peak_8722	139.9028114562	1.02771934584747	0.232027559804095	9.58178427082102e-07	3.76666810202067e-05
peak_9758	30.6627081104833	2.106118640865	0.511474597789452	9.65513170181352e-07	3.79257738789418e-05
peak_77917	27.3352141556905	1.99283477891891	0.467923994652813	9.81717232614601e-07	3.84438055469186e-05
peak_46678	22.2116703568916	2.39183025916652	0.579030213182185	9.8366675822269e-07	3.84905858286585e-05
peak_55464	63.2101723499608	1.29176040563218	0.294580271482665	9.99087243414489e-07	3.9034070645771e-05
peak_10715	44.1434220934506	3.43597297291547	0.903547887790653	1.0156287867201e-06	3.95893343422866e-05
peak_73236	59.3494562180463	1.55635433280242	0.369955522442573	1.01903095952099e-06	3.96916061895624e-05
peak_70027	86.2613736955599	1.33378774088043	0.310431612110252	1.02263215732221e-06	3.98014680711679e-05
peak_37655	47.3762907618098	3.13444312018475	0.816089478099749	1.0252788178788e-06	3.98436477197932e-05
peak_37306	60.4830582831058	1.33491193605041	0.307903499289772	1.03655911539173e-06	4.02513351541223e-05
peak_37609	26.6197073923875	2.04495543504314	0.487504645289363	1.03776584280575e-06	4.02675260740441e-05
peak_89389	39.2821786803455	1.77050416341699	0.422859677469579	1.0439742609473e-06	4.04468629701055e-05
peak_75379	15.9185702375148	2.65760705756326	0.623047701295295	1.04839387052714e-06	4.0587251239709e-05
peak_35153	22.3031481210279	2.19821641847299	0.521145730015719	1.07042794969631e-06	4.14088311405281e-05
peak_89661	44.3733312206666	1.45742765681627	0.335628596991422	1.07406370253454e-06	4.15179772080561e-05
peak_67610	47.4745573030009	1.42548160860497	0.329328935890356	1.10641309218946e-06	4.2639094904259e-05
peak_54400	33.8388285782404	2.09962590667601	0.527709082571691	1.12049747618409e-06	4.30517590962487e-05
peak_82500	36.4450697315679	1.58343658745399	0.367271130161523	1.13766682021597e-06	4.3612842477843e-05
peak_96655	44.3574027486359	1.50831657066236	0.351660814890275	1.13928488067561e-06	4.36420577957375e-05
peak_91152	19.394954045343	2.78320093550954	0.696914841991477	1.14486361509008e-06	4.38228350442815e-05
peak_64773	15.7767876522755	3.03290308330341	0.740450497672436	1.15131297349759e-06	4.40038183287522e-05
peak_80912	24.1144336042722	2.51355823092598	0.646813699169351	1.15131788433208e-06	4.40038183287522e-05
peak_2671	26.2297266944118	1.9155096438686	0.449919596645043	1.15957124114355e-06	4.41952782954362e-05
peak_17755	41.591850046249	1.69687855854047	0.405187021814397	1.15979449965272e-06	4.41952782954362e-05
peak_95562	13.2291519994284	2.89332838542276	0.674297907900109	1.15794624929857e-06	4.41952782954362e-05
peak_77277	16.9517143318532	2.53486088525773	0.598930434853911	1.16926662366464e-06	4.44897224434069e-05
peak_70350	19.4158713656792	2.62808437824927	0.660163541466375	1.17218788200712e-06	4.45676147293178e-05
peak_10258	36.531261329882	1.79169190634567	0.429046408226454	1.18171165959764e-06	4.47747897876847e-05
peak_62823	19.4936860568742	2.23776118565897	0.526861220103036	1.18779267637805e-06	4.4926407565142e-05
peak_55	16.4818388835322	2.56072960754711	0.606675668936445	1.19088085519159e-06	4.50098230413626e-05
peak_16686	104.541172973248	1.03842323240418	0.236238921182263	1.21391226505697e-06	4.57784990726291e-05
peak_86266	19.7120449294348	2.31662672179783	0.551060712686374	1.22040333600845e-06	4.59892716110324e-05
peak_36801	17.4839672799178	2.56258293349491	0.614371352133206	1.23048617371544e-06	4.63007882310373e-05
peak_24288	16.7673200522208	2.75644174346113	0.674927215757516	1.23789619686358e-06	4.65109620436893e-05
peak_16608	33.1430697230671	1.64015556073053	0.383051585629316	1.25912814125613e-06	4.7204343683886e-05
peak_56658	27.7601693160655	1.8047552225613	0.421794630294388	1.26104661194764e-06	4.72415301666147e-05
peak_98391	86.0540838551094	1.14317219266029	0.262409940593252	1.26312779119767e-06	4.72847529823819e-05
peak_84090	19.7260545690263	2.25360084051182	0.533826022768814	1.26535379310929e-06	4.73333297839108e-05
peak_71407	106.951364031456	1.10541648583938	0.25373509325612	1.28501928849074e-06	4.79985299948638e-05
peak_59405	78.009445550024	1.11090178586841	0.253912140166067	1.29503991612203e-06	4.82314866058421e-05
peak_7341	95.6609429438135	1.24022536805033	0.290235795377301	1.30178548180845e-06	4.84119872906531e-05
peak_52211	23.1927499088876	2.0535771295667	0.48662368738396	1.30440341313086e-06	4.84739886456926e-05
peak_81088	65.3957248746256	2.85152046970725	0.742065346068284	1.31066069501507e-06	4.8637657954163e-05
peak_64066	124.771645468372	1.08735298643343	0.251625460801005	1.31394893442184e-06	4.87221820875868e-05
peak_85705	20.7395537097709	2.65033241770192	0.679258389889799	1.31806137836396e-06	4.88164001284349e-05
peak_96746	25.9678900320008	2.22715390386623	0.553890107610789	1.3184047184885e-06	4.88164001284349e-05
peak_98403	43.2667608317147	1.48834968811481	0.348975787663879	1.34166912650119e-06	4.96057593065916e-05
peak_98407	31.3224539050618	2.02312783804668	0.499673181256989	1.34435784465594e-06	4.96691514982808e-05
peak_97608	15.4126006802436	2.62169174282676	0.621701906644298	1.34829039248687e-06	4.97783736070498e-05
peak_7789	124.106611954124	1.00547430170554	0.229531475823546	1.35538945230284e-06	5.00042594899512e-05
peak_88876	40.4395060691963	1.74865554194114	0.426387200804589	1.35972168542634e-06	5.01278162351031e-05
peak_55502	15.5249750018259	2.53455814888441	0.598575139813683	1.40109020371755e-06	5.15039546696057e-05
peak_40671	76.5078778455083	1.13236719955733	0.260691002522599	1.43210435864536e-06	5.25682309790442e-05
peak_96574	32.4873931353273	2.14264850081316	0.552349073543591	1.47022768734966e-06	5.38513138413863e-05
peak_49505	39.9318255768233	1.63737165437904	0.391071023493654	1.4723023304455e-06	5.3888590538474e-05
peak_42794	25.5544091908641	1.92449219183793	0.45653617793715	1.49751100724068e-06	5.47326854589057e-05
peak_15357	94.816981814592	1.13050749212637	0.26289901284427	1.50810476904055e-06	5.50656873885032e-05
peak_90960	40.1751834833864	1.79184705152873	0.442586579300654	1.51294903157307e-06	5.51782684719487e-05
peak_52203	14.6620694501576	3.0027243299637	0.744778634348483	1.53617588789311e-06	5.59053988723183e-05
peak_50239	87.0859452748314	1.10421386801789	0.255417399180196	1.54051540931172e-06	5.60233371320738e-05
peak_35666	15.0786374461337	2.66837338093834	0.640447841868419	1.54218705335724e-06	5.60441547416053e-05
peak_12957	53.90562849851	1.34929393350198	0.315406514333923	1.54675828787578e-06	5.61302619684231e-05
peak_36534	22.8971248667254	1.99401955950425	0.474809491094888	1.55591572794319e-06	5.63823164924744e-05
peak_2698	63.8225292923979	1.48535484473229	0.359746564805073	1.56698350497982e-06	5.66906451535532e-05
peak_8051	53.6258991383805	1.6392279709931	0.401594141595561	1.5677599667852e-06	5.66906451535532e-05
peak_40586	27.5238076731536	2.09501933540628	0.519053776827358	1.60861759283727e-06	5.8044569418543e-05
peak_33270	13.1311788135073	3.02148205033165	0.731807531829323	1.61193675110178e-06	5.81232016914254e-05
peak_20945	81.903626121611	1.31207586253659	0.313598668970893	1.67744244727535e-06	6.03571493414123e-05
peak_43366	47.3131329719031	1.50948816428082	0.360407415322695	1.68741055040126e-06	6.06302426516975e-05
peak_19055	37.4233823099332	1.60841089663709	0.385419215811665	1.70577347582474e-06	6.12037765224493e-05
peak_37137	22.9791397747768	2.14525898545286	0.522635638697712	1.70894080555233e-06	6.12743009225675e-05
peak_8411	28.2056189077651	2.07191603657944	0.512590938001354	1.72872272656121e-06	6.1896528747507e-05
peak_9769	17.2519969877525	2.6019660886874	0.653997893800161	1.75152186422397e-06	6.25810047437443e-05
peak_9434	54.1771168984058	1.38011404712742	0.328118417848181	1.76826888465822e-06	6.30909428643694e-05
peak_34206	18.4623079726931	2.37238754840711	0.579425187572327	1.79684835262139e-06	6.39763338734316e-05
peak_8184	24.2089082694476	2.3253355558158	0.596617747597697	1.83570115601862e-06	6.52230377287563e-05
peak_20106	24.2750032922933	2.22849702566847	0.559718173976158	1.84056015613197e-06	6.53501393597108e-05
peak_65118	25.5736085499658	2.08016959716331	0.513861540817036	1.84596686895045e-06	6.54964974114876e-05
peak_49260	18.5690208896941	2.50304239588208	0.621964323752299	1.89056268463664e-06	6.69166871894533e-05
peak_90910	22.6339549285592	2.50440532286011	0.673609236197594	1.89070682583477e-06	6.69166871894533e-05
peak_54016	41.1135235161545	1.50078218019121	0.358693237922692	1.89969769865479e-06	6.71692003215071e-05
peak_72013	23.7517429592656	2.4204482839331	0.639358264446511	1.93392074872966e-06	6.82845452179573e-05
peak_23508	33.1410980579059	1.65599918245022	0.3971195127894	1.94540832197365e-06	6.86426219405871e-05
peak_85345	49.4355719872257	1.54787572572123	0.379020856033907	1.97761494096212e-06	6.96344443231318e-05
peak_92197	24.2325058597727	2.36403240823152	0.613754845958041	1.98889014715186e-06	6.98965040046684e-05
peak_49075	32.9191858442409	1.71281734569879	0.415517262742516	2.01964544315839e-06	7.06751150067766e-05
peak_72396	50.3798807561536	1.61562774490819	0.398620754413203	2.03067803222148e-06	7.09637766626759e-05
peak_105017	14.426095546586	2.86421198085487	0.721030309669295	2.03457909697697e-06	7.10027719633594e-05
peak_36938	20.7838395998383	2.20281059360376	0.542515942410357	2.06656613684129e-06	7.19712712110586e-05
peak_414	39.9374584950788	1.51001141303402	0.362077820028259	2.07397921557262e-06	7.21801394438128e-05
peak_105579	10.8893429816167	3.41547137155878	0.812368413630908	2.08461221219744e-06	7.25007082203946e-05
peak_90438	43.3675100591653	1.48566384594156	0.35773113655099	2.08753671630175e-06	7.25529291188556e-05
peak_53959	106.525209566357	1.26411200854527	0.308568413516263	2.15591797056655e-06	7.47766215287796e-05
peak_67279	125.008461012385	2.21526226134791	0.574865059644469	2.16990561683346e-06	7.52106103194228e-05
peak_51275	32.9486314725969	1.74937433882236	0.42750416761077	2.18177462818965e-06	7.55706258103786e-05
peak_9138	27.035568982133	2.07986982425175	0.524791632535253	2.20138648447265e-06	7.59610127022427e-05
peak_40144	24.9242876914594	1.8855072073141	0.457707988191998	2.20198440305014e-06	7.59610127022427e-05
peak_37581	24.1296800650297	2.15261655854796	0.537759674745653	2.21498850081766e-06	7.63579470606417e-05
peak_32664	31.0451260800602	1.85611801255081	0.460143247247212	2.2346936480021e-06	7.6933214272137e-05
peak_29331	21.1289247998865	2.13661255845955	0.526177381099841	2.25416085738311e-06	7.72902794045293e-05
peak_18763	133.099576497506	1.10614304272569	0.266026263716343	2.2576425949234e-06	7.73144237334655e-05
peak_105015	14.8220625027638	2.60651626443952	0.640884928654707	2.28634263985094e-06	7.81834110230987e-05
peak_56306	13.0189967535728	2.82209493031103	0.68422850596046	2.3110366644855e-06	7.89219794879154e-05
peak_81099	11.6772398201033	3.23356433891522	0.79181709760063	2.31623988483657e-06	7.90467247444962e-05
peak_12978	80.6401795445497	1.30494854937387	0.318228199345656	2.33268118433378e-06	7.94482851465878e-05
peak_57188	23.5355634296217	1.9733375555383	0.481787488278422	2.33182113207165e-06	7.94482851465878e-05
peak_33076	15.6610764534701	2.58732012010152	0.634887910138079	2.33488485479612e-06	7.94702531419459e-05
peak_4313	62.4373280960462	1.38731886368968	0.339743693423399	2.33896673814355e-06	7.95560761247411e-05
peak_64014	27.3383145641654	2.20934148795717	0.58341558087667	2.37709018035502e-06	8.07450499237716e-05
peak_9768	25.4022246082143	1.88811644350878	0.45984936686553	2.39222512312641e-06	8.11510247024106e-05
peak_42861	21.9957575474934	2.32730144857426	0.596560900859013	2.41830128066147e-06	8.17636001961576e-05
peak_26564	13.9611235981312	2.95014706174326	0.745965650337503	2.4334107091501e-06	8.21654823951835e-05
peak_59691	25.4706690484561	2.02088090208241	0.507612547794813	2.43194107571059e-06	8.21654823951835e-05
peak_37197	26.8162256994879	2.29424133918996	0.62079843492712	2.43727710286942e-06	8.21871761685849e-05
peak_100986	34.7650791030209	1.69103050001891	0.413939031665282	2.43585011621352e-06	8.21871761685849e-05
peak_11079	20.7307248137455	2.4183935375337	0.627943665685681	2.4437029092553e-06	8.22950043139305e-05
peak_64696	24.8176728733162	2.1267111085953	0.538661359708114	2.45653121070358e-06	8.267240944484e-05
peak_23635	58.4899364851402	1.37472370922334	0.335218806415909	2.47535468883608e-06	8.32509460191268e-05
peak_81104	74.7734086695933	1.14315425940784	0.271581425496019	2.49429752119339e-06	8.37775055438513e-05
peak_13335	28.1565681903134	1.93631644415465	0.48660059844493	2.54988018423546e-06	8.54754707912093e-05
peak_87772	28.0005592656863	1.99604085120697	0.506180514843741	2.58961555239359e-06	8.66365738545534e-05
peak_48354	83.4116753095004	1.03017956701483	0.242765470871468	2.59697969374937e-06	8.68259715839379e-05
peak_9789	12.3793259421825	2.9126852746421	0.715454805082695	2.60835267977318e-06	8.71490627332342e-05
peak_98386	22.9933708038459	2.36546382325192	0.629146370817393	2.61749009175177e-06	8.73261317289789e-05
peak_71029	50.3798752079097	1.28721297220017	0.308027422592016	2.62498123288687e-06	8.74182189026584e-05
peak_9386	46.4632729227044	1.69671093264286	0.431399946204841	2.71763016127422e-06	9.03855782144339e-05
peak_43962	29.9662011114565	1.97450098017006	0.507465128300767	2.73163699909528e-06	9.07922060207772e-05
peak_31198	106.220934248608	1.01177772076166	0.240358277560828	2.77217638344818e-06	9.20795994048786e-05
peak_92752	24.7402869439273	2.28772492950859	0.609754355145688	2.8306839792992e-06	9.39006202788218e-05
peak_102672	30.2594844980454	1.71899636942042	0.424123634815794	2.82995362428619e-06	9.39006202788218e-05
peak_32375	41.5040849685745	1.53025544997403	0.377018282827034	2.84959908507818e-06	9.44666183041588e-05
peak_50886	17.0267199575999	2.30126197084748	0.569490354804863	2.85586052036952e-06	9.46126734837948e-05
peak_78213	48.1300560146721	1.36465168779721	0.330681494379281	2.87115015477181e-06	9.49957571649549e-05
peak_25684	32.7590067340252	1.86462320856112	0.473731026308691	2.93396049686068e-06	9.68853043348047e-05
peak_27004	15.6601942597317	2.47583000855955	0.618684947606802	2.93309886549489e-06	9.68853043348047e-05
peak_48343	22.3959580423133	2.06392382594533	0.517759364560832	2.9451674584378e-06	9.71924323857022e-05
peak_63860	22.1623146500647	1.9977966154508	0.496506755492599	2.97001967403483e-06	9.78226247418217e-05
peak_60610	21.6741237700007	2.1836891821715	0.553211120302972	2.98987986416489e-06	9.83496869382651e-05
peak_99523	43.1809398332244	1.56638112518546	0.389533810922605	2.98919477677974e-06	9.83496869382651e-05
peak_96848	19.3700277343411	2.31953645152892	0.589992865542779	3.04546184611623e-06	9.99844930367561e-05
peak_5888	33.6718368118628	1.63535336725957	0.402775188298705	3.05657085003449e-06	0.000100220475034171
peak_26342	30.4096928618154	1.65413587669788	0.405231532833088	3.08564390820409e-06	0.000100978588128173
peak_70356	30.5090891844535	1.68032317890215	0.415851110355114	3.13692343254378e-06	0.000102459435061933
peak_96413	14.1621821837168	3.15184230449399	0.834615495138004	3.16148682747298e-06	0.000103195625726977
peak_67284	36.5705797185079	1.96106654158895	0.529299721776779	3.33015592025032e-06	0.000108216271351104
peak_67280	16.1908740043206	3.1000034298991	0.935709874309017	3.34096606332138e-06	0.00010839689661426
peak_70954	38.1286860526042	1.53936082865369	0.3827287285719	3.34100694818704e-06	0.00010839689661426
peak_9910	14.995539665265	2.64906704610771	0.679631727884016	3.40562200896472e-06	0.000110037416824509
peak_65881	15.4023644059955	2.48752446071243	0.627777998791598	3.4187096279104e-06	0.000110320461448506
peak_38828	26.90771300441	1.86015649687195	0.464487761308601	3.42775094170254e-06	0.000110542257756892
peak_66405	14.7975255595245	2.76739231274115	0.707365158871563	3.43098790248344e-06	0.000110576706192175
peak_103381	63.194998410814	1.20754388524638	0.294209684067329	3.44990109962977e-06	0.000111116018613849
peak_66550	21.4843593007626	2.31243024517321	0.615587411092865	3.46118700121183e-06	0.000111338852015007
peak_21423	90.5310204233883	1.14987260930059	0.281630607060847	3.46824568418962e-06	0.000111495570273703
peak_7110	34.4291535919931	1.57375746799969	0.389021286060043	3.4793209268119e-06	0.000111710741041834
peak_70823	64.6733156095348	2.99582217182969	0.861124015389713	3.48268554455256e-06	0.000111715194802542
peak_7596	51.7185510150493	1.3795076191057	0.342686431096764	3.57214849692581e-06	0.000114402992000163
peak_98322	15.3364972556056	2.58146368127606	0.6662728076247	3.63885387167412e-06	0.000116393101318179
peak_65891	19.7653863583996	2.49835121247708	0.674720678043588	3.69915587960875e-06	0.000118099662916551
peak_86264	41.8189235546901	1.56013021616429	0.392959536366611	3.72116640138489e-06	0.000118653777449037
peak_81049	121.040408595157	1.04342415187252	0.254663436451828	3.74531268647088e-06	0.000119200070307369
peak_30798	52.1101044987894	1.2727495942807	0.311672892407746	3.75680154076165e-06	0.000119491131227245
peak_46689	23.6446721560955	1.85069819504448	0.461778989447031	3.81123171076235e-06	0.000120845435326448
peak_49535	32.5398258804849	1.82416453178192	0.472312677416674	3.84872664629275e-06	0.000121731499248066
peak_82228	16.3561802755328	2.50888522170581	0.652264263672454	3.8547549649828e-06	0.000121787833343353
peak_21059	22.396336954821	2.00357159976209	0.507687036147838	3.91197615678769e-06	0.000123425752679441
peak_69958	24.1892780409275	2.01477466486618	0.524322090785727	3.96463159473901e-06	0.000124932451476739
peak_101881	70.6130830926872	1.37177720302123	0.341005697707078	4.04475301968567e-06	0.000127142896092289
peak_83527	30.9388512936425	1.69472508243713	0.429302205859272	4.0920800931709e-06	0.00012839310500333
peak_22978	35.6260137943788	1.59874800676647	0.404001085157399	4.17493506629484e-06	0.000130671110675328
peak_12331	20.984936680199	2.4284049553692	0.668919987661699	4.1805417891125e-06	0.000130686145714096
peak_80861	31.0656439889803	1.70447127770844	0.434374808180731	4.24773811990776e-06	0.000132461881211998
peak_14349	59.3139309579201	1.19216131474367	0.293687146769658	4.25079827863868e-06	0.000132476284251022
peak_48426	27.1979668488217	1.84680647779128	0.47062147042809	4.29774236312222e-06	0.000133775758318773
peak_5883	50.2902587951985	1.29750377865001	0.320116509019947	4.31282153409033e-06	0.000134163220705997
peak_55025	31.617415666447	1.65701289084939	0.41686061991839	4.33602382729281e-06	0.000134802750523385
peak_33368	15.7029731568666	2.94527299806825	0.84353098587054	4.37033545404055e-06	0.000135621377638291
peak_18702	20.9087665279676	2.30125671064175	0.614477484647475	4.41715042247033e-06	0.000136907496316153
peak_24727	17.9459438909489	2.22836511328963	0.571352557950705	4.45361619433849e-06	0.000137870112498204
peak_15351	51.1319862127805	3.11650711322855	0.91819549497029	4.50307639896115e-06	0.000139147789865111
peak_68371	15.109010894383	2.73182992217915	0.7249165171308	4.50982763664582e-06	0.00013918769484384
peak_70248	20.9611171937297	2.17835798254676	0.57377159703307	4.50777757212015e-06	0.00013918769484384
peak_44424	37.0295623475718	1.50340491222754	0.37840934228559	4.61188675982458e-06	0.000142079551864904
peak_88106	71.3830576984887	1.1770396489688	0.292591625647517	4.64130978415633e-06	0.000142899650153982
peak_40422	27.6437400560594	1.72356918130789	0.437249078279265	4.65767327444254e-06	0.000143230476218774
peak_21422	29.9904565737605	1.72413083749471	0.4399459234727	4.66184884768531e-06	0.000143272468564245
peak_102430	26.2252417493297	1.81907916750312	0.466029465514589	4.69543448151667e-06	0.000144130898539801
peak_10717	84.9100673552064	2.93507897322025	0.87425216603894	4.70399707154646e-06	0.000144306856010751
peak_94554	24.2653935898976	2.3038460837024	0.650903323740457	4.72396010753761e-06	0.00014465815618193
peak_95550	15.1334670396244	2.92919078968424	0.813398273674308	4.77118034295773e-06	0.000146016447158489
peak_49455	47.5045514878643	1.54400737417307	0.401769457866195	4.78096634043193e-06	0.000146228164267104
peak_80327	45.4910929551398	3.62744893102551	1.14881677905454	4.79187823046253e-06	0.00014643468831739
peak_53730	23.197293110884	1.97136333846675	0.506211001605776	4.9220148069374e-06	0.000150092013723989
peak_30356	32.2685390176515	1.60321981398054	0.404958227204661	5.04035425456079e-06	0.00015351702629811
peak_10389	17.4980332162233	2.25474206351478	0.580412001052764	5.08700701564317e-06	0.000154661190073918
peak_18857	23.4935014934284	2.01598494792493	0.529642314987359	5.12882900089957e-06	0.000155746560714631
peak_56524	18.6141937125432	2.39201593540182	0.644129147389503	5.18006917664745e-06	0.000157115411683847
peak_82497	40.2360907101611	1.72013875020023	0.460610489195181	5.22026129544132e-06	0.000158052400480624
peak_14255	25.8793551148133	1.78496002738707	0.459076736052038	5.24549337962235e-06	0.000158722092257226
peak_105047	23.7231922927218	1.8658835432531	0.477278194909949	5.2700920752855e-06	0.000159371835439209
peak_48416	20.9989301387708	2.08961726409525	0.542225829185477	5.29945557763842e-06	0.000159880498273061
peak_101888	34.4853464378479	1.75782712714158	0.466587527860424	5.2973202400585e-06	0.000159880498273061
peak_97413	27.6930885823717	1.94915057654483	0.51878498725223	5.30429395961699e-06	0.000159931834314034
peak_52196	19.7273687983316	2.02800085105316	0.516065385518866	5.3116576445896e-06	0.000160059206067994
peak_24650	84.9676519186201	1.1129395199883	0.277640040309265	5.36480251678485e-06	0.000161374525734981
peak_19486	33.913273348298	1.58463927742434	0.401901570515436	5.41626811510641e-06	0.000162634773920386
peak_49615	47.2796010999015	1.33879292474674	0.337997967258396	5.43442095622e-06	0.00016304762578786
peak_69904	13.4549344882925	2.72049586836257	0.703562520157442	5.44585401574054e-06	0.000163234751820427
peak_11846	29.407592524405	1.77361532355615	0.461362606887831	5.46483182845664e-06	0.00016345160590823
peak_20609	11.4568347517546	3.20559818806233	0.857174125732363	5.4659119772787e-06	0.00016345160590823
peak_72686	23.922990349577	2.13858471540582	0.579854769382952	5.46321281153676e-06	0.00016345160590823
peak_87540	50.7673356789427	1.64406904625585	0.44812864443892	5.51041190885336e-06	0.000164589256933097
peak_60465	35.0747206272165	1.81859150446185	0.492675854799334	5.61879759832949e-06	0.000167532172133583
peak_41335	29.8303296687203	1.6040855987129	0.407744718779343	5.64575076275935e-06	0.000168237433308035
peak_100507	66.9838651645408	2.56799747379491	0.727078141663478	5.67413211515779e-06	0.000168885755997335
peak_6925	22.2666895438659	2.03877010223833	0.540727063144062	5.74822670661507e-06	0.000170792008661699
peak_51982	13.6836805802865	2.72902453560836	0.732063567394777	5.99275403944064e-06	0.000176910968140608
peak_4931	81.194805853342	1.08459076078344	0.271408743159119	6.02073464338151e-06	0.000177543768957461
peak_89503	42.6264063869252	1.40631027548721	0.357187390112429	6.03003043305343e-06	0.000177715105005585
peak_32911	42.7232610116284	1.33161100885342	0.335836505611548	6.04353165798953e-06	0.000177907335516313
peak_10470	17.275827326013	2.38631723454009	0.641763767144807	6.08056358803956e-06	0.000178791012168273
peak_36115	74.7648826090078	1.05494293951216	0.262045868889227	6.33672744451443e-06	0.000184830884145316
peak_105033	24.8621265324335	2.02106986759952	0.550985142929956	6.47404599324801e-06	0.000188728249863775
peak_37123	73.4747314118152	1.09059136547506	0.272847479564466	6.50141076694375e-06	0.000189336880441635
peak_77454	35.6180088376258	1.54199594359984	0.398934747372793	6.52847648833044e-06	0.000189728209689395
peak_37318	14.2809537419898	2.52804503041583	0.66889049950378	6.5823680158583e-06	0.000190903649406457
peak_33366	19.4883125514104	2.05585056977469	0.538530388701047	6.60533175714397e-06	0.000191460741881605
peak_95574	17.9889649028557	2.31944102677538	0.629185637026339	6.76399423506712e-06	0.000195453652693288
peak_10648	25.5097462126981	1.86025445975874	0.494119377040333	6.84639062924326e-06	0.000197661422776102
peak_11015	64.2689140980084	1.21053254605243	0.308595643961467	6.88417853320207e-06	0.000198639913239299
peak_29669	17.1513761636048	2.19811595307156	0.576420303867987	6.94823464526032e-06	0.000200059231878301
peak_64508	30.6994908880465	1.72816248918048	0.45681187934933	6.95298628816438e-06	0.000200059231878301
peak_87453	41.4295318395834	1.43341398616025	0.370449414628124	6.97197224188277e-06	0.000200492372659129
peak_13540	15.1901931513959	2.55484412503087	0.698393311535609	6.99375424190219e-06	0.000201005385443983
peak_27013	73.7019854008866	1.09018268274626	0.274420243482575	7.14733569992242e-06	0.000205303694645772
peak_66061	18.8615420307303	2.29168670875063	0.626350084232205	7.19870495618889e-06	0.000206314317535833
peak_27812	35.1771534028713	1.44379165686095	0.370050335564723	7.21292885902578e-06	0.000206511172927568
peak_32665	39.7030601484227	1.45652307559971	0.377270091476523	7.21367432204916e-06	0.000206511172927568
peak_26253	79.3760183642003	1.02691014802045	0.256448285102893	7.23621516170639e-06	0.000207040216742291
peak_51952	44.0896611851265	1.39965239380501	0.363209801747864	7.26753852379884e-06	0.000207819808847116
peak_4932	28.2578410660138	1.99217825680377	0.550109468078957	7.29254024757276e-06	0.000208184466440507
peak_36978	16.298132422893	2.76378636775706	0.800717780148755	7.351893722277e-06	0.000209761417640747
peak_57612	25.5502596499219	1.74187321493564	0.455214535891954	7.4941778021733e-06	0.000213224413739736
peak_67612	30.9443083043756	1.77905494203917	0.480467555174587	7.50719133938269e-06	0.00021323769227285
peak_32792	22.04979256584	2.23718549935415	0.629129944893155	7.53020759187708e-06	0.000213653402492735
peak_45388	74.490311945274	1.10106537138282	0.278914701304682	7.54225931593309e-06	0.000213813682904206
peak_13656	22.2446600601246	1.87630016408455	0.493473895985926	7.64415480622181e-06	0.000216044832012209
peak_88239	27.0523044004825	2.01088091039593	0.566005174444345	7.71235974214774e-06	0.000217851730644401
peak_97599	21.5899919227615	1.87042731705688	0.489369266796522	7.76618969287092e-06	0.000219250801595081
peak_107507	15.5649086619329	2.47234877946668	0.681746083248384	7.83966033263097e-06	0.000220957944565795
peak_23728	22.754410198219	2.02963226549848	0.552660330341227	7.85766522480427e-06	0.000221343049255177
peak_95784	20.7109280958453	2.03366671163264	0.546549405680415	7.86250286624195e-06	0.000221357024372287
peak_70777	22.2465650957359	2.03321247434236	0.553066075055776	7.967813607992e-06	0.000223567940887051
peak_96899	25.7857442027779	2.09943246203724	0.599001896657795	7.99202662265407e-06	0.000224014001859615
peak_87293	24.6208997174228	1.84463384149282	0.487707887898102	8.01022743943144e-06	0.000224400800124644
peak_3907	28.0032741163874	1.8048994163248	0.483172124283919	8.09680288870994e-06	0.000226577163602506
peak_68646	17.2396104656101	2.26549340568423	0.603197283251801	8.12004923324746e-06	0.000227103033574523
peak_34379	25.7796831788481	2.06432239711314	0.584813042157615	8.14838486191729e-06	0.000227770586935151
peak_35388	33.0567411851793	1.7087253752461	0.462013332252265	8.1940982475888e-06	0.000228672300630302
peak_78823	37.2482241806342	1.4752864997709	0.38521812213471	8.18905855830501e-06	0.000228672300630302
peak_52159	23.7151609873693	1.81661502512824	0.480524879387305	8.21884729407908e-06	0.00022923749898026
peak_93671	22.5901287592125	1.99039489996728	0.541421659942535	8.23866199354265e-06	0.000229516331950815
peak_38035	32.8464935576933	1.53607947422652	0.40155540432115	8.25609894947166e-06	0.000229773723273887
peak_36306	60.0971028789639	1.2187178391374	0.315599478056886	8.4491127172941e-06	0.000234455448187583
peak_55917	52.0655492962289	2.97777536971232	0.927904954305875	8.45753739489257e-06	0.000234455448187583
peak_82773	15.3539378850856	2.28973689633813	0.608704821795774	8.46110745430418e-06	0.000234455448187583
peak_48346	21.414828492261	1.97749585883248	0.53195110585915	8.50374895112765e-06	0.000235381185679802
peak_79706	44.6261383831354	1.63987147498078	0.452757156085024	8.52557069719903e-06	0.000235857160915567
peak_84089	32.2314745568762	1.62916539708146	0.433003047076645	8.5913348783028e-06	0.000237290249244391
peak_93423	18.4477080815157	2.39303941062805	0.680384741487091	8.64134302661192e-06	0.000238413157767768
peak_55122	65.2449477667187	1.25286275067115	0.326733647612201	8.75933057629573e-06	0.00024140715068271
peak_48284	41.1645513800052	1.31935261660523	0.340909164130685	8.95503403698495e-06	0.000246401168596716
peak_85545	32.7057295100456	1.92074857829413	0.554652729032073	8.9937766482503e-06	0.000247333708839099
peak_56521	25.2549722531841	1.81793932894685	0.489232194585877	9.07095055212572e-06	0.0002491872224411
peak_5021	29.0885130033497	1.72128259881997	0.46422873836758	9.090040729476e-06	0.000249577176431375
peak_49511	24.5899034415532	1.84652182007476	0.496502948734574	9.17451259414827e-06	0.00025162544331643
peak_18004	19.5204948476528	2.15568000785994	0.593885862286606	9.20710892356377e-06	0.000252383685793991
peak_62460	57.7043385743066	1.15156778264555	0.295290803136694	9.25879090976852e-06	0.000253659536693814
peak_83919	17.450776260035	2.14228519446287	0.5759763505189	9.26360289734203e-06	0.000253659536693814
peak_30159	12.9454509449362	2.67668259508217	0.732998004245741	9.29216019134741e-06	0.000254304927276457
peak_78751	77.7339703254023	1.07968689419121	0.276892668156933	9.30709274164929e-06	0.000254440445322108
peak_85690	14.1104244905747	2.61151205895592	0.715835836694996	9.30357691810546e-06	0.000254440445322108
peak_3474	24.803190002374	2.15838052555994	0.644083272999683	9.32694439414129e-06	0.000254573654646514
peak_87815	10.9024583024879	3.16742877249441	0.873077699045298	9.32593152018615e-06	0.000254573654646514
peak_25774	23.892478219825	1.95119382693248	0.534284942626691	9.40692081951489e-06	0.000256481959841597
peak_92200	19.0923911776182	1.93927734780167	0.512719105536724	9.4427621890873e-06	0.000257321578285839
peak_6329	17.8172308551076	2.21856592569792	0.612880134192311	9.52115825087508e-06	0.00025904256914574
peak_25473	18.2865515064331	2.12374756978209	0.576814351162909	9.58289268344185e-06	0.000260305469556722
peak_70028	22.4962360462691	2.08738750676104	0.581615924575994	9.61116189559723e-06	0.000260934345265666
peak_53242	43.4727120454591	2.77319069577199	0.837127004771177	9.63475817124786e-06	0.000261296691552789
peak_36886	15.802716193916	2.17872137093257	0.579051224952171	9.6912246974842e-06	0.00026254876855788
peak_29925	31.7426818641248	1.54651491377927	0.408873295347904	9.69913309143384e-06	0.000262623473074799
peak_88102	49.2243057944527	1.2174061987007	0.314037457156971	9.73394827859572e-06	0.000263268916877662
peak_42616	73.8990797719135	1.11583936482323	0.288096810181649	9.77934299643439e-06	0.000264234012727188
peak_94678	32.8844907442745	1.77338712055071	0.491820647809148	9.83347959500966e-06	0.000265556033173285
peak_51785	68.8186124581109	1.11725802921638	0.288104343619437	9.84154695488045e-06	0.000265633199069102
peak_4736	48.2487836878796	1.33748101042568	0.351546338632889	9.91572549284357e-06	0.00026735228978219
peak_16610	14.1268666587705	2.45977018675609	0.665828859174047	9.95989413052916e-06	0.000268117825839049
peak_4997	23.0784151179579	2.16309771491457	0.628091364699479	9.97860416896351e-06	0.000268479742563997
peak_30432	28.6092921594149	1.721366094234	0.467040536084275	1.02187826370295e-05	0.000274362744355759
peak_48547	26.4746800582632	1.8489159734623	0.506602889220463	1.03029446194772e-05	0.000276476807562454
peak_78857	100.028423724547	1.03721857572943	0.26850995385048	1.03830766591445e-05	0.00027848056104321
peak_16620	9.2593865351509	3.41651194565178	0.908373899245161	1.0435649976986e-05	0.000279743454114935
peak_4727	69.5769717210728	1.2054047933162	0.315974291646093	1.05064417266971e-05	0.000281345293002824
peak_104685	11.4521450513866	3.06898483294527	0.856673534135198	1.05176759310414e-05	0.000281498280850433
peak_43517	54.3913334516748	1.39986580186007	0.381527657768528	1.06780847958009e-05	0.000285192682765169
peak_56307	14.7176429621133	2.69459250108409	0.785031148470659	1.09143292600109e-05	0.000290589029582723
peak_18066	24.0874902990215	2.09956827978112	0.613072880326241	1.09351580630235e-05	0.000290991633090458
peak_11043	26.6573882639446	2.0870250452666	0.621025098217266	1.0958492947071e-05	0.000291308509592994
peak_95742	28.8719486263702	2.00536075212814	0.594237422410532	1.09667045184982e-05	0.000291374880969332
peak_59407	23.2756886342592	2.21602539808082	0.671635779066129	1.10392700740152e-05	0.00029299751379164
peak_107461	12.6910845773471	2.93191402186644	0.867724777367649	1.12249978817909e-05	0.000297462443867459
peak_30104	29.0017699289917	1.65731505359485	0.448543215355336	1.12480739185768e-05	0.000297764432405274
peak_35201	14.4320969075055	2.62873186956445	0.743179680045897	1.13263600164751e-05	0.000299681261961597
peak_79437	139.840569823398	1.00216592388066	0.262230877310405	1.13485680004426e-05	0.000300113116219173
peak_94579	51.8100269628372	1.18067960040429	0.307339904182116	1.17371287511003e-05	0.000309585745733884
peak_58200	35.3965090110473	1.39482936560077	0.368272399131098	1.18364315299072e-05	0.000311560298391249
peak_7860	42.1882071569957	1.41283198083465	0.376265168257638	1.18954950767871e-05	0.000312840671598663
peak_98546	18.6844786980889	1.96773250749111	0.531197355235365	1.19034814047269e-05	0.000312840671598663
peak_70243	21.3677973106561	1.94555302574449	0.532638595194405	1.20632444513491e-05	0.000316549964794896
peak_29184	37.3992105116771	1.39323376546273	0.370091546929408	1.21016884307787e-05	0.000317232229476445
peak_2253	32.8618101146362	1.6451307527611	0.455957715249837	1.2356123289552e-05	0.000323071436944152
peak_19910	82.2409133792107	1.19457088927795	0.320240065138775	1.24167761906314e-05	0.000324490902539995
peak_70128	74.4120802755074	1.07414023468438	0.280444770395888	1.24901520675909e-05	0.00032607419012708
peak_89816	20.6432593348092	2.15480377238869	0.623840095276327	1.25618513948229e-05	0.000327443024139283
peak_30690	65.5980875074405	1.06010548537812	0.275170735806078	1.25884838931497e-05	0.000327969565547333
peak_82538	52.9433766958847	2.51526058632208	0.765542422330064	1.26500855475981e-05	0.000329406160229744
peak_42634	25.5418842631091	1.7507991476859	0.480664366406002	1.2867297766752e-05	0.000334418731110383
peak_15512	32.8577339338027	1.59432496297893	0.43363862310226	1.30343456682628e-05	0.000337687575326243
peak_70918	22.9883283930542	1.83703285983326	0.504565531932261	1.31671371163255e-05	0.000340608651959904
peak_98593	19.2372708681401	2.08628962704467	0.590265184800575	1.320645778646e-05	0.000341452564249721
peak_63004	23.5906379029739	1.82964926199207	0.505139755842667	1.34263849246523e-05	0.000346787062699252
peak_4508	30.4058578200777	1.49234596820122	0.40078056511278	1.36240436513795e-05	0.00035082600485315
peak_81791	19.4071957110916	1.9019513871495	0.515916311598044	1.37272022372156e-05	0.000352947621415367
peak_102180	45.0918610902734	1.51538528195694	0.421978551421778	1.37779264151008e-05	0.000354073264213876
peak_20111	23.1878316755433	2.09956520015309	0.621781885391058	1.38581910136529e-05	0.000355777304643557
peak_30283	98.0891415652326	1.03920135585117	0.274343833980125	1.38674157494452e-05	0.00035583495692059
peak_82163	23.5601593471163	1.75587069968305	0.479317612857616	1.39368638423843e-05	0.000357257385554453
peak_65151	23.8439552028431	1.68944104095519	0.458114829124538	1.39867486021002e-05	0.000357996166780463
peak_3191	44.7392023367606	1.28314335136098	0.341503013921257	1.40218249239286e-05	0.000358533984739931
peak_67519	18.7148090497596	2.2827720762135	0.667757491092191	1.4045224222115e-05	0.000358952281798875
peak_82673	17.8882083311681	2.23537733628386	0.638950188028868	1.41243044683284e-05	0.000360251019320756
peak_698	22.4646183288486	1.81744499780123	0.499846648430335	1.43858213451978e-05	0.000366005732088948
peak_84464	15.5916645916859	2.51912974775864	0.739757762300742	1.44043735767413e-05	0.000366112358516318
peak_104727	20.7889242986332	1.81249186922103	0.492358652655063	1.44801415412686e-05	0.000367707845088673
peak_92385	26.0162680573728	1.89056666162797	0.544183238498273	1.49066882757053e-05	0.000377562050881823
peak_94564	33.1166547353738	1.51375636894209	0.413549607356036	1.49880087051014e-05	0.000378681175341079
peak_55604	17.9302660824163	2.1260326745091	0.59816615200946	1.50369266649843e-05	0.000379641082883134
peak_82038	35.2286768608958	1.50270939381988	0.410542188348109	1.52430794755416e-05	0.000384173826070175
peak_34336	18.3321958367689	1.92767699898776	0.527212048209949	1.53411758550531e-05	0.000386264292417649
peak_32899	13.1199899719408	2.51493329469244	0.713304387870261	1.55207648925569e-05	0.000390026994144254
peak_97756	34.626871133389	1.63243666734138	0.464856423789787	1.55300899208319e-05	0.000390057716602727
peak_19023	16.498670747884	2.28173065390499	0.656789125704436	1.56764830310544e-05	0.00039354070104448
peak_38535	37.5613047486874	1.38373765451412	0.373346005185285	1.57850741803041e-05	0.000395876926786514
peak_11610	19.0707485496346	2.16629008530275	0.632175715453779	1.59041010102125e-05	0.000398274309482659
peak_5740	29.274613232176	1.60647533631498	0.446455404751396	1.6223310549129e-05	0.000405074295620907
peak_95854	33.2612792595834	1.43836901680208	0.390693677174787	1.62619517298144e-05	0.00040584036754592
peak_3263	25.0994030687033	1.60843296822055	0.438181920314234	1.62872282815279e-05	0.000406272319550871
peak_31253	16.8265058160213	2.2099974185962	0.632791256346409	1.63096150655981e-05	0.000406433056566269
peak_88318	64.2398920019799	1.12512802860583	0.300759418466202	1.63473718269807e-05	0.000407174938920586
peak_86297	23.0098933819057	1.92097792607542	0.551735691805164	1.64184609621686e-05	0.000408745923152895
peak_91249	35.4120210233143	1.54204577420934	0.432462272262145	1.7068199764423e-05	0.000423062339907083
peak_87595	20.8939649726709	2.29504731284056	0.72763249805332	1.72930567494573e-05	0.00042780387745164
peak_92686	24.1054139258495	1.79842688074994	0.50811140629022	1.74892358500508e-05	0.000432028187524559
peak_9377	19.8941541852454	2.0206495342767	0.573682045118189	1.75427726314194e-05	0.000433140825852567
peak_49723	18.4751972924714	1.96688693085351	0.549335728696349	1.75580663170298e-05	0.000433308600793843
peak_65090	27.6740044723008	1.62117255733225	0.452082731213342	1.8017458338245e-05	0.000443572250523303
peak_38404	15.4064868539935	2.14982081862834	0.599453047677622	1.80783452761668e-05	0.000444084923542033
peak_80206	16.5729990817635	2.48817055208712	0.789892367379093	1.80687993211792e-05	0.000444084923542033
peak_7194	11.9883674679716	2.48544628932188	0.689850557147377	1.81147163327453e-05	0.000444464353677264
peak_29372	20.8381985124755	1.95928969409219	0.55944074337306	1.83176874805465e-05	0.000448796546796321
peak_37973	21.2400706426211	1.75189103369504	0.484234712578965	1.86509753119731e-05	0.000455430377038438
peak_9161	56.9326033477625	1.29152816679024	0.360249670205753	1.87334414568761e-05	0.000456956116912431
peak_18562	54.3616838887688	1.40801492446941	0.402281454944535	1.87903655356513e-05	0.000457737972862263
peak_87399	32.9508623329865	1.69754741638856	0.49387215328774	1.89778800992506e-05	0.000461204096635078
peak_30779	15.2551293455821	2.29431634768921	0.663204884326421	1.92063430886774e-05	0.000465646509138995
peak_18705	21.5056577891629	1.9165779473958	0.553472188787088	1.94107911678719e-05	0.000470156103793404
peak_7102	92.9874818015205	1.04287038124326	0.282791948075826	1.95386767358331e-05	0.000472804448055619
peak_20992	27.5715703081423	1.5783704503151	0.438958008319636	1.96694304336319e-05	0.000475517107676223
peak_76332	16.364460251669	2.23641235303287	0.650720869079619	1.96869689437627e-05	0.000475715544344401
peak_58811	67.8183985445149	1.06330569286801	0.286646371536846	1.99963035365257e-05	0.000482048005727328
peak_107908	30.8493204072477	1.69060394250683	0.494076678789873	2.00186340034099e-05	0.0004823582577022
peak_74277	33.3241485009735	1.70507790972602	0.494768384867608	2.02565398470228e-05	0.000487860151459756
peak_101486	24.7462505437363	1.82052357303539	0.516783593177937	2.0324486898808e-05	0.00048926548112494
peak_12605	74.8430297855827	1.02859886004104	0.276801563285531	2.06222510340961e-05	0.000495031116395679
peak_97604	39.3170984120319	1.5713163167796	0.460044600325519	2.06179862763644e-05	0.000495031116395679
peak_25475	45.9586164799389	1.26407328775948	0.347743395759653	2.09003829515336e-05	0.000501193848907576
peak_73238	18.1302756337581	1.95279119052323	0.546080447058792	2.09198268026703e-05	0.000501230399135783
peak_94797	36.2634080976779	3.44530268561888	1.23262408820664	2.09828814022034e-05	0.000502269103836968
peak_48484	31.0963302034485	1.53991251806959	0.43249138121486	2.11208044653574e-05	0.000504716407997066
peak_76300	39.8915328355005	1.33462745369272	0.368122093010306	2.12131660885792e-05	0.000506592265195456
peak_21848	28.1118355468867	1.74125566767876	0.504284373825794	2.12587834306176e-05	0.000506934627606885
peak_43834	34.3585491241098	1.77604341704365	0.527744443623363	2.12619688036855e-05	0.000506934627606885
peak_95458	61.1020118717258	1.11285248108786	0.302164295104729	2.12987593123582e-05	0.000507435598086304
peak_58770	17.1200978872463	2.10319849093397	0.603217656065502	2.17317023090064e-05	0.000516315272100187
peak_5317	26.0911825395854	1.60459095337942	0.448216995777895	2.18978601918806e-05	0.000519773672867925
peak_61647	15.0512399328336	2.18290509971636	0.618114258807542	2.19696486830349e-05	0.000520997445466613
peak_60616	20.7502647424207	1.84221387476931	0.521047963640261	2.21075325204657e-05	0.000523780043256721
peak_427	19.5523302393991	1.84209468930064	0.521785067038425	2.23143998439568e-05	0.000527945239185142
peak_79940	43.9318625286095	1.48894760309349	0.435295637067042	2.235728949512e-05	0.000528714639238491
peak_10557	27.3609483105261	1.74368418572132	0.510117344297911	2.24484323339609e-05	0.000530623908659867
peak_30874	21.4185855727729	2.01542604901685	0.606475118636569	2.24726446103389e-05	0.000530950073263549
peak_103346	11.8349009642225	2.62386757154998	0.765280312032168	2.25075698863522e-05	0.000531528929238329
peak_74239	55.6623782000679	1.20205369634631	0.332332497841429	2.25605473304529e-05	0.00053253336397707
peak_55593	25.4186850069765	1.8451590912117	0.54731056463486	2.26897477884657e-05	0.000535335252541747
peak_104896	32.5730231660249	1.46151623348569	0.407325322562931	2.27629096089274e-05	0.000536813001535971
peak_41425	14.8563079615772	2.15626072427627	0.613164652075635	2.28126199852941e-05	0.000537736589260381
peak_64505	36.4054036098054	1.47769253861529	0.421366547442894	2.30511847385472e-05	0.000543108921016436
peak_18006	20.8868275755179	1.99818050556777	0.600060605348981	2.31225986322165e-05	0.000543944037738595
peak_59418	68.7990518871729	1.033200111465	0.279300511583375	2.33554700999303e-05	0.000549006370840823
peak_82791	12.5506802663383	2.58317231987529	0.776350131882453	2.34308146206307e-05	0.000550020034183921
peak_79098	37.3339738767988	1.47046757398864	0.420214603134062	2.3488063326398e-05	0.000550940227272433
peak_104941	20.8376963066617	1.93163415067918	0.570423974618056	2.34916262128873e-05	0.000550940227272433
peak_45196	27.7984601251548	1.50120416471962	0.419271731442185	2.35859218925324e-05	0.000552897385569037
peak_93191	19.6788527306613	1.93617768623858	0.557121888081681	2.3807224094895e-05	0.000557572405926649
peak_84448	22.690274055089	1.87949523050912	0.552360903283916	2.38218170829145e-05	0.000557607539392551
peak_21677	26.5028075577185	1.62116320477882	0.460862477732467	2.39522737488245e-05	0.000559940682878297
peak_89159	13.4884877195967	2.36363358170746	0.689489763933365	2.39953790489401e-05	0.000560177837082994
peak_45411	31.1525915784715	1.45937481903919	0.409577965476297	2.40778038388183e-05	0.000561587788895695
peak_79773	189.750383575193	1.58302798112141	0.46514937264875	2.41836030455665e-05	0.000563282405153612
peak_90149	26.7790238738294	1.65105796541432	0.473568714137062	2.42418451421256e-05	0.000564123558382664
peak_56519	20.4598048704556	1.88449156332792	0.547392236373205	2.45491426420555e-05	0.000570493430605215
peak_86246	34.3510392625861	1.43616156182428	0.404419065990875	2.4713204039069e-05	0.000574044383205454
peak_102793	17.7303502513445	2.23095727734384	0.690169248093485	2.47904490692524e-05	0.000575576428162524
peak_96056	46.2725664419665	2.56772734312996	0.849209134376491	2.4806229185642e-05	0.000575680656012356
peak_87058	32.320635057482	1.55446632758313	0.447719479684308	2.5006227087745e-05	0.000579530679225347
peak_40723	31.3942246014605	1.39405987512902	0.388340224576773	2.56503262895848e-05	0.00059203600552321
peak_16606	21.767266939191	1.73413093865805	0.492986637165675	2.57813423981801e-05	0.000594790734621543
peak_696	13.8635519332817	2.28904418348159	0.662184062507889	2.68173795711224e-05	0.000614798073207395
peak_46695	29.7313041587716	1.49933299480249	0.426967576226358	2.70562256923303e-05	0.000619438133430244
peak_32878	51.1092945666555	1.42339598134519	0.424647687181522	2.72572297261578e-05	0.000623480087401471
peak_27227	42.2313093779771	1.43128727326708	0.416899024922414	2.75743799312685e-05	0.000629604717947003
peak_48351	56.7247925622406	1.22881235103836	0.350040071056613	2.75888190284253e-05	0.000629652429267364
peak_79082	24.0922843727606	1.61592899584409	0.45750025844177	2.76650601420721e-05	0.000631109958122456
peak_87235	23.3322682480285	1.87511586418949	0.56467295897412	2.77900359901616e-05	0.000633451322962296
peak_43411	16.1115073972227	1.98268498617067	0.568632649447825	2.80173095317914e-05	0.000638226817093904
peak_15515	61.4340724817275	1.32270552021185	0.390780529657691	2.82488457793105e-05	0.0006427022092387
peak_9771	23.900774012204	1.79842071858121	0.530983014033156	2.82759233783596e-05	0.000643031324428653
peak_90732	47.539052034662	3.37507450197141	1.33557770286957	2.83673754107976e-05	0.000644536097457632
peak_20899	26.3213045316462	1.84525025508605	0.570945987801815	2.86132283223022e-05	0.000648974068224539
peak_82917	19.4728665874398	1.8774158075143	0.547200365568478	2.86136136462708e-05	0.000648974068224539
peak_6289	37.2534340475454	1.33485443819386	0.376676434653301	2.87864001421124e-05	0.00065173330268461
peak_67276	8.88614187779685	3.52344297411193	1.14431053801113	2.87755156911427e-05	0.00065173330268461
peak_94132	23.1095238761237	1.81060085092989	0.540790511896264	2.90178212078313e-05	0.000655807904300748
peak_93188	53.7707116910527	2.32928713446447	0.755649076016997	2.93829160205622e-05	0.000662883785939992
peak_79746	45.7832567742324	1.23676919278421	0.347790892531981	2.95762202950505e-05	0.000666654804581541
peak_79105	34.5505495047587	1.50513374863024	0.439517316352266	3.01089559196206e-05	0.000677464795462389
peak_70245	48.7605504376386	1.34989420257164	0.394094374676882	3.04740977130261e-05	0.000684472399117335
peak_40475	13.0849717535889	2.50590986346933	0.77279503153925	3.05222967764177e-05	0.000684951506796845
peak_23938	20.2945106125648	1.93066927522023	0.579179260588679	3.05828215175431e-05	0.000686007803736672
peak_95969	70.8840888104887	2.14598887861098	0.683508772847048	3.10420929365642e-05	0.00069539198175029
peak_53373	23.2411323467509	1.72155868246785	0.506149795574138	3.16138697269552e-05	0.000707578912159148
peak_61348	72.9805381340606	1.07649035149801	0.302444449386201	3.21516041648042e-05	0.000718038409963517
peak_4495	20.058955392275	1.80795240052556	0.527456898367423	3.23583673069126e-05	0.000721707662077972
peak_67281	14.731281008125	2.26433611583904	0.685826906442512	3.24411082482266e-05	0.000723236705353775
peak_83812	59.0143080941882	1.34745989674521	0.402972702579713	3.24935537957731e-05	0.000723511341524568
peak_33036	20.9084929438655	1.75048370914853	0.51021950124095	3.26106133038209e-05	0.000725746281060067
peak_17761	75.4156044172299	2.77026478740606	1.00711732138819	3.2732208246928e-05	0.00072749972523011
peak_84470	21.6327074190977	1.86211708902031	0.563903218509034	3.29755594268529e-05	0.000731632668815285
peak_101606	12.4639686912721	2.72968054493944	0.878025555932953	3.31737902004373e-05	0.000735117656620465
peak_23579	23.0486254026234	1.69671326264415	0.495220401652925	3.35577216348672e-05	0.000742932694431324
peak_31248	38.2637414069096	1.2707452655131	0.360103483380445	3.35776781100784e-05	0.000743051864635616
peak_41581	23.6279866693921	1.79728598613878	0.546621381576837	3.36279821132848e-05	0.000743712892876128
peak_45234	15.4170966101348	2.19978193924136	0.663932075574197	3.37567573482138e-05	0.000745720117052006
peak_104946	14.3656087605269	2.27203577661827	0.69508491143381	3.38832083769209e-05	0.000748189373021087
peak_17765	47.4786075685481	1.23931941394834	0.355525476004312	3.40507341087313e-05	0.00075123787506178
peak_64771	23.0274869193979	1.87534795970199	0.580919889138916	3.40751783588748e-05	0.000751452008566432
peak_2769	15.4185669077188	2.12519338680703	0.637471154383606	3.45780270835657e-05	0.000761882147313172
peak_103045	62.5267125787213	1.01991755418263	0.282985426778466	3.46521406030516e-05	0.000763185330793602
peak_48771	34.7278082771244	1.31844937276353	0.375398303027786	3.46947338120293e-05	0.000763793479335115
peak_52190	24.3738242985448	1.61080776454257	0.467486795572757	3.47276693187226e-05	0.000764188583463267
peak_107578	21.4900121007635	1.73234752706761	0.509435342029056	3.4829504413524e-05	0.000766098840391689
peak_30774	10.799620930808	2.56866561083535	0.755857905305908	3.50841365796923e-05	0.000771034391229393
peak_43964	18.4746064167737	2.16617980149581	0.702258926565273	3.50831736365779e-05	0.000771034391229393
peak_98378	13.2391246550247	2.39316110300674	0.727458935936036	3.51244039765424e-05	0.000771586756203357
peak_34021	28.2808650357856	1.58348803086032	0.469348809040567	3.53549518374157e-05	0.000775351701955618
peak_80105	58.7239064961297	1.0905855314007	0.306339147868486	3.53566215637001e-05	0.000775351701955618
peak_11855	24.7477593666992	1.67752639014334	0.497104792231484	3.57007884473298e-05	0.000782562510651572
peak_78681	81.0929522028134	1.09343517664726	0.313818377457287	3.58673840152288e-05	0.000785538849398821
peak_86249	27.3143106630721	1.66934922807086	0.503220249265496	3.60586467718729e-05	0.000789049855927344
peak_47303	16.2372696144178	2.22601309690745	0.703237673716524	3.61592518590239e-05	0.000790911889868809
peak_13812	30.7748765820755	1.49777394166991	0.439587254865207	3.68344280046961e-05	0.000804644449977479
peak_56795	19.396413806591	1.99182318367838	0.626615436563215	3.74092920718375e-05	0.00081545539357619
peak_60536	64.3349320356405	1.15754793858774	0.332907150827892	3.75776767776308e-05	0.000818775824010378
peak_103218	28.1749812306008	1.46601131875631	0.424842124423469	3.77362353165485e-05	0.000821528477305527
peak_87593	23.4914311250018	1.82665857564758	0.5667753407964	3.79446775781858e-05	0.000825713756295937
peak_98509	11.8254466638499	2.47596182045062	0.741493682152682	3.80084584648693e-05	0.000826748832461529
peak_32182	23.6139033884797	1.63958667272443	0.482655454049352	3.82411869859788e-05	0.000831101943592121
peak_96800	82.7626633191655	2.59204093694745	0.918151089098462	3.8283639263304e-05	0.000831670060280706
peak_12653	46.4470169992194	1.22636613470461	0.351687499485799	3.85243620445767e-05	0.000836543067804424
peak_10936	34.6657413731234	1.62224196824547	0.508796307137813	3.85952731022114e-05	0.000837369614633766
peak_105863	40.2428590147696	1.33563907207236	0.390820632780221	3.86307959390742e-05	0.000837783820395423
peak_11898	48.9325345093881	2.57624476619471	0.907353104523255	3.90463457952688e-05	0.00084571664686388
peak_43619	43.6787610444212	1.3013976580716	0.377345074647433	3.90897024168823e-05	0.000845936998059067
peak_45452	70.0649243522971	1.10926868060483	0.319474488588482	3.90773945126978e-05	0.000845936998059067
peak_55955	12.7968152988464	2.39345660322299	0.735712248159097	3.91700370574069e-05	0.000846597502928761
peak_51809	46.8890825225605	1.26532342110308	0.369334452201667	3.94647895442212e-05	0.000852245556841026
peak_84466	18.8679805917977	1.79351020105647	0.531666054794636	3.95145510505292e-05	0.000852958890712228
peak_20618	13.0239816625333	2.36114994786321	0.722148405156839	3.97422665254347e-05	0.00085751129964698
peak_43543	21.8499874713663	1.94345883540397	0.61753478110677	3.98280403399658e-05	0.000858272385787615
peak_41883	25.9674404089595	1.52344522480192	0.445573061982622	4.00766991434769e-05	0.000863265983324594
peak_7678	10.8445150264995	2.54421098567804	0.764598721157598	4.03163968730289e-05	0.000867695994499051
peak_56384	69.5796837265626	1.03627963827984	0.29335064146655	4.03135334574057e-05	0.000867695994499051
peak_68239	14.8239765176936	2.13408575678165	0.650960193922704	4.03973998107778e-05	0.000869072500739374
peak_62621	42.4633378334307	1.16949202653486	0.332361002884802	4.06120830764774e-05	0.000873322508535335
peak_38582	18.0981162703478	2.00752697514204	0.620223780024811	4.10103258578185e-05	0.000880701482647183
peak_56732	19.373339991807	1.94264617714052	0.600719109188357	4.12473959511147e-05	0.000884001567870338
peak_67274	18.2130460994793	2.12395445058143	0.687097519416102	4.12742732007297e-05	0.00088420592160185
peak_105056	44.8418525388766	1.30582274993559	0.379895967811017	4.14402586782258e-05	0.000887388924388081
peak_30611	14.7782770891916	2.13907424406805	0.650437373371789	4.19130292816351e-05	0.000896007425976289
peak_10153	34.4984579515953	1.53409389121161	0.467759940746327	4.2000817624814e-05	0.000897090625105558
peak_63695	16.2622310846045	1.9547141604919	0.584916393743325	4.20164832062149e-05	0.000897090625105558
peak_102671	20.1916191075922	1.82198371899151	0.555501893327195	4.21866863229972e-05	0.00089959447464004
peak_64700	17.1927794254058	2.18875948188859	0.706541719467145	4.2214766758095e-05	0.000899816930572004
peak_43735	49.7947255307648	1.22188990871043	0.356917265265428	4.23460533728483e-05	0.000902238143446738
peak_87581	58.9623820653649	1.1600324542509	0.337528386242089	4.24414592207118e-05	0.00090389316617678
peak_62705	89.9029443915868	1.03327470379063	0.297853414942586	4.26021116249114e-05	0.000906179083566013
peak_12673	57.7497003145424	1.18519704756724	0.347679689877056	4.32495013907453e-05	0.000918799615795226
peak_35942	31.2640543760952	1.36986607872381	0.397891813829761	4.32991754685614e-05	0.000919088992689456
peak_68911	44.388702606002	1.21165204861706	0.348461846168316	4.33535456543465e-05	0.000919860124316484
peak_4055	32.6409663477938	1.42394119119844	0.419789731028244	4.36567642560641e-05	0.000925138729160301
peak_15508	23.0678958957117	1.74005097236033	0.534852480102266	4.37179969364814e-05	0.000925759174603699
peak_58809	26.3905893186667	1.55868555956471	0.462156203337111	4.37223569694761e-05	0.000925759174603699
peak_98397	35.9892520379504	1.28181073863207	0.370995108463948	4.38513295588449e-05	0.000928104561597038
peak_29394	60.5701482870496	1.20594640341226	0.356446772850562	4.40405395138135e-05	0.000931335938470053
peak_58807	13.5116852158101	2.21769970133946	0.671012808995874	4.41397565015229e-05	0.000933047108203418
peak_67664	56.2746627149248	2.41092897644436	0.832261011747392	4.41847486964591e-05	0.000933611105278766
peak_36267	23.4158635080736	1.59958726981176	0.475714849403243	4.42705227964194e-05	0.000935035988110291
peak_104482	18.2481416467151	2.01215577281922	0.63649064619929	4.44760627889343e-05	0.000937580130010094
peak_60608	47.8589459361871	2.36581261747143	0.806227593418747	4.47599612567365e-05	0.000941085107066378
peak_94552	46.9434628366798	1.29074060740415	0.383965571995518	4.47570441297853e-05	0.000941085107066378
peak_57580	53.1928158015247	1.25145062371833	0.371436662113726	4.5241654339469e-05	0.000949255550679904
peak_96435	19.5043427016426	2.08566058712369	0.69361172979507	4.54241393909059e-05	0.000951909235916452
peak_55327	16.2546049228587	2.0810034893696	0.655303265767772	4.56247703131814e-05	0.000955328352849227
peak_10003	24.6077987864286	1.56346113916051	0.465811837528275	4.59164173959358e-05	0.000960646063746075
peak_13544	12.2801362715325	2.56774961521045	0.825559690706544	4.59708830569684e-05	0.000961391076104426
peak_59296	15.4501614599285	1.96774345726934	0.590745375353797	4.61223894163551e-05	0.000964164061821353
peak_49451	20.5118066543286	1.85885215547177	0.585358412764605	4.72078999150312e-05	0.000983892827481694
peak_29242	28.0107343649744	1.49191851120585	0.444293110621503	4.7338895696674e-05	0.00098500147420489
peak_82770	27.9771353617643	1.4269452323812	0.419527234717379	4.73510103415876e-05	0.00098500147420489
peak_57169	37.03825961557	1.30687210192535	0.38460604053617	4.8116124793212e-05	0.000997661138148315
peak_78304	20.8155598432271	1.65957951555211	0.496458923303069	4.86485365753958e-05	0.00100624514638261
peak_56522	21.3938032646811	2.04716188891579	0.691179689871961	4.87129838603607e-05	0.00100676132756561
peak_9906	15.3376278886356	2.19428786517734	0.699008761969833	4.87915911991702e-05	0.001007977337472
peak_22212	30.5101544416339	1.60049208889499	0.501895746126321	4.96400103177765e-05	0.00102508933416855
peak_50319	15.2672432380533	2.13619083396409	0.673121896066862	4.97161231899991e-05	0.00102624544816409
peak_50403	50.9133965431064	1.18081904506827	0.346297980348176	4.97663164704631e-05	0.00102645040920835
peak_26203	41.2030370594095	1.35188841493525	0.407067992339966	5.03362636820052e-05	0.00103652857031128
peak_7500	32.1764224632466	1.35207423224998	0.39914439993085	5.05970227756102e-05	0.00104105722487379
peak_86837	26.1270944672287	1.60734803817538	0.493407408230959	5.06271189802342e-05	0.00104125626798153
peak_41850	18.5446655955023	1.9496031741544	0.618453745029309	5.06502015991598e-05	0.00104131095916724
peak_88468	33.4131374923163	1.32834181087192	0.391862355064535	5.07950509329452e-05	0.00104386798342086
peak_91837	22.9358561029576	1.71187265236523	0.527223896642545	5.11354192764953e-05	0.00105043935827211
peak_82050	18.5302114702208	1.8051543005502	0.546302156933214	5.12897814389835e-05	0.00105276199534944
peak_103151	21.1084210669731	1.71194106535991	0.522678997091166	5.17850909839512e-05	0.00106079335030443
peak_67947	34.8433732905972	1.36884422677337	0.410630040872683	5.1933888699767e-05	0.00106170860033934
peak_73977	33.1992579951535	1.56736255043449	0.496193373302162	5.18966821340632e-05	0.00106170860033934
peak_102431	14.1227450541776	2.10842350184612	0.645285775169956	5.20368249788828e-05	0.00106296056024572
peak_93501	67.9367151857815	1.04024187583433	0.299522824274829	5.22527064948532e-05	0.00106523650273754
peak_11865	59.4002172137633	1.09788975459557	0.319780410918899	5.30042105200004e-05	0.00108012497105225
peak_98379	12.014130954617	2.30546638880852	0.704497802188239	5.30273763228523e-05	0.00108016532528843
peak_40473	17.6683623205433	2.14907351628608	0.726233418057755	5.31777746629153e-05	0.00108242580743076
peak_62860	13.7720169682485	2.28055276849675	0.72597188071082	5.33657289994439e-05	0.00108489037430847
peak_15871	30.7019814284624	2.86233674757583	1.08704931309241	5.36191307243477e-05	0.00108787305973402
peak_107069	23.4175983533906	1.63102864484156	0.498312983948688	5.39089481237395e-05	0.0010920149499551
peak_93208	72.5600721478556	1.06649797246841	0.314022901079624	5.44906755589629e-05	0.00110235900929007
peak_83672	30.1067234690369	1.33916838381322	0.394996040083306	5.45319651345581e-05	0.00110244519205019
peak_25999	13.3593310128319	2.49813643725273	0.845435170080995	5.4560058472509e-05	0.00110257595770089
peak_77021	27.5415914840408	1.57862273199798	0.487250588749779	5.49647011778022e-05	0.00110909798001969
peak_8512	64.9747274455625	1.00913835220478	0.289785094720214	5.49963828927984e-05	0.00110919524453015
peak_65656	21.196107526949	1.7710088664007	0.551659431431777	5.52090985450265e-05	0.00111282545578282
peak_68373	14.3770267431399	2.33117908413955	0.783192716420108	5.55656566843646e-05	0.00111890622895301
peak_6251	24.8238866413656	1.57163321951836	0.47640363649983	5.56097589914069e-05	0.00111900082114245
peak_97708	31.9498536718217	1.56857976223327	0.494095196225055	5.57924344949409e-05	0.00112214322097004
peak_18888	66.8122873012677	1.01616882018938	0.292975330351453	5.59655061137437e-05	0.00112473681305295
peak_27646	29.5237651024689	1.5267341209734	0.473665181985507	5.60569138277485e-05	0.00112591581619541
peak_85278	27.9689093657199	1.41183304246453	0.420738572327921	5.60683375303054e-05	0.00112591581619541
peak_61937	30.2024290529643	1.42703482453378	0.431376001688391	5.64238523107213e-05	0.00113216313810092
peak_81452	25.0149914260369	1.56816811609106	0.479086847711511	5.67049415592086e-05	0.00113690843505223
peak_55111	19.8502006375377	2.01185666460686	0.671936987516466	5.67917702328157e-05	0.00113755834690261
peak_2131	25.3483832886283	1.54168856510412	0.469705526494772	5.69044884986409e-05	0.00113867042801872
peak_98553	68.8660654784592	1.08980474219523	0.322012340503621	5.70130496939948e-05	0.00114039519485995
peak_75042	26.1995785940333	1.57525742660282	0.487067285148575	5.73006469903891e-05	0.00114524923067502
peak_82165	48.8178989748922	1.2950186842018	0.400130745237526	5.80825945731721e-05	0.00115996833799755
peak_30444	17.1204023080456	2.00532582702159	0.64497505074304	5.85187632719955e-05	0.00116731502307521
peak_76416	29.7818446350725	1.50285106992754	0.465537261004517	5.8519146412353e-05	0.00116731502307521
peak_64498	25.3377715483996	1.4963773952099	0.45094541748143	5.86074368693995e-05	0.00116861899734971
peak_36266	16.29184074212	2.00269677782172	0.635615620610904	5.88121697987396e-05	0.00117224288090639
peak_53836	25.9958989744604	1.56589797796482	0.483524912395616	5.88530058482433e-05	0.00117259841976496
peak_85300	16.88006664046	1.83392468394337	0.559309636926833	5.91541543262306e-05	0.00117767813841359
peak_98702	54.1039760407251	2.19372917815085	0.7597576818123	5.92328526427526e-05	0.00117878463108641
peak_11859	35.9012126490634	1.42318796761956	0.438961495850819	5.94762725898499e-05	0.00118257665082349
peak_56631	38.1042498403101	1.2185248978699	0.359969972759038	5.97317813274375e-05	0.00118686071814526
peak_38609	11.8199927475482	2.4819914849041	0.807894872597451	6.04019080794012e-05	0.00119970848669122
peak_78910	114.266207288886	1.62315588560683	0.52062582395402	6.06145848120892e-05	0.00120252732343548
peak_20837	14.7130254096576	2.19139875642895	0.717910958555754	6.06620265809529e-05	0.00120300042289244
peak_29380	20.9553004763213	1.70414799763982	0.530956689008775	6.1546929700241e-05	0.00122007455586955
peak_64397	30.0207993286251	1.39980314291513	0.423014215642672	6.15883109774947e-05	0.00122042037446504
peak_66096	33.6709739256448	1.5373566329103	0.488297136618052	6.1765558987486e-05	0.0012227931632859
peak_77606	49.661583558637	1.2101791478504	0.366130105466634	6.17800021304765e-05	0.0012227931632859
peak_74877	36.0177904300905	1.44513746911549	0.456379295368443	6.39568592199388e-05	0.0012609839227331
peak_87870	27.956247113568	1.74922475213035	0.593559198700298	6.43012012250276e-05	0.00126728297087718
peak_82239	22.0739114216307	1.95451266792595	0.686103862812962	6.56228496506737e-05	0.00128934358855077
peak_42217	20.7971395940039	1.90183916027023	0.639869002556291	6.61620980510187e-05	0.00129818795450266
peak_87943	22.6375748303915	1.72532169176776	0.552341294290998	6.6174841990986e-05	0.00129818795450266
peak_81246	12.6620904012275	2.33611264912236	0.764491725555761	6.68249580788658e-05	0.0013094301739466
peak_70104	62.231103865392	1.22741673112248	0.382958123657905	6.70782558132295e-05	0.0013133840057194
peak_97408	23.9108229298018	1.51407585787936	0.462466165218518	6.71507456756554e-05	0.00131429862534317
peak_84075	18.4991450726769	1.82833250017569	0.580177860248493	6.75806668025058e-05	0.00132169845707425
peak_106906	82.2641543620223	2.13405046070688	0.74735264557631	6.76740408119066e-05	0.00132251002101796
peak_50407	11.2872178938353	2.6521771844225	0.906562536402035	6.78246047711334e-05	0.00132443711178131
peak_6324	24.7145512070315	1.64063168290549	0.519728587827896	6.81692043436812e-05	0.00132963850522836
peak_79216	19.1123342477718	1.9755234207694	0.657633316055433	6.88132009163231e-05	0.0013401489159357
peak_42840	64.6634845985886	1.00479815416231	0.293640170891691	6.89404726059965e-05	0.00134160264743868
peak_9764	25.2311568329616	1.58716373427216	0.495676906738137	6.93872979966391e-05	0.00134817812393635
peak_25434	10.8795577742437	2.4969575816788	0.80322910085421	6.94105749682839e-05	0.00134817812393635
peak_29825	15.9482376191934	1.92162799405313	0.604265956053849	6.9322093709662e-05	0.00134817812393635
peak_57552	22.7536454886276	1.72773628614162	0.559522451283016	6.93349508922989e-05	0.00134817812393635
peak_78634	64.0120955841686	1.06981718608424	0.31945222815691	7.06214304130118e-05	0.00136960983303074
peak_11847	60.1337051670916	1.03513434917142	0.304378294586986	7.07395693895063e-05	0.00137085810904347
peak_77417	44.8884300005462	1.22590973481962	0.374060322793966	7.14823349754784e-05	0.00138419989785786
peak_13658	57.8352717952733	1.2100077315667	0.375367136896286	7.17764655007494e-05	0.0013886804875035
peak_33034	30.0086403386268	1.31189525604301	0.395421478623089	7.17954294327703e-05	0.0013886804875035
peak_96799	9.52458414564879	2.73935799452241	0.870204679150499	7.20391284656543e-05	0.00139286575803938
peak_12521	48.5262570682304	1.07233819070419	0.31565364741813	7.24134423703573e-05	0.0013990419752539
peak_80547	26.7743891959575	1.45676196091801	0.449197047397397	7.25683481009301e-05	0.00140150371070986
peak_51518	11.002736670886	2.48732894936238	0.818574129942077	7.29522795833908e-05	0.00140731930640892
peak_87291	45.7552334607472	1.23943391993342	0.381687022051124	7.31487195997133e-05	0.00141057512008736
peak_62434	17.5559271951442	1.88967557468008	0.614246515065013	7.35011370572971e-05	0.00141629968783195
peak_80949	43.988423442113	1.16997261459029	0.349538659789611	7.38126207089865e-05	0.00142122744692915
peak_2695	14.9817271956675	2.11705312738455	0.704992863599566	7.48078794753168e-05	0.00143767604332021
peak_78814	14.4079999391217	2.26731065054084	0.790482610978096	7.61528138110835e-05	0.00146022089694317
peak_22722	20.9216598252364	1.68991626322643	0.536792290792402	7.6579371177637e-05	0.00146784805220414
peak_21505	9.77162831048394	2.69723410396218	0.870843031998899	7.67964768122482e-05	0.00147102368239925
peak_13820	23.7540334328509	1.52453562940316	0.472967141680916	7.72965417383758e-05	0.00147936992382614
peak_47078	14.3413908022236	1.97505751423161	0.620082865058047	7.76744945875536e-05	0.00148548828996287
peak_20620	12.7701505705233	2.12224495822249	0.673711723850029	7.82722337016374e-05	0.00149579764149613
peak_20223	41.8631114341569	1.20546396086695	0.367533752451334	7.94295043597356e-05	0.00151394119973289
peak_99248	21.4254742919144	1.9046860762268	0.672751928918746	7.99766543758698e-05	0.00152323111692495
peak_8940	16.5013131114243	1.88312321886346	0.606282156647712	8.03128360765734e-05	0.00152906283054525
peak_11620	40.5638211445487	2.99026142110507	1.25820297240544	8.03802607949482e-05	0.0015292861498542
peak_67277	19.9615189592496	1.83445703428963	0.620495625095406	8.03845542229091e-05	0.0015292861498542
peak_24092	26.5155896343174	1.46948239371468	0.459504904787095	8.06090516500682e-05	0.0015325640204528
peak_49463	25.3703176904079	1.53279697739492	0.482947425440246	8.06347388483161e-05	0.0015325640204528
peak_103057	47.8927828014554	1.05526967736624	0.313369112779477	8.06470259850717e-05	0.0015325640204528
peak_48736	47.2113937412451	1.14334824999311	0.346215436114761	8.10191598399939e-05	0.00153848896968415
peak_76891	12.8859788647351	2.17290602973228	0.713753569286247	8.36574397186556e-05	0.00158050271689382
peak_89927	20.628965777467	1.83724211257887	0.61986486475448	8.41833341357386e-05	0.00158734152154022
peak_18719	29.3137986688269	1.40077858863444	0.438004147302721	8.42160475350289e-05	0.00158737131224436
peak_9850	27.138960871725	1.47555719047954	0.461232818351846	8.44479933702207e-05	0.0015905671924544
peak_61737	34.1100394504252	1.32334692555951	0.413377848267379	8.50602493425047e-05	0.00159973510622536
peak_12109	10.8895386418769	2.4182691718606	0.795531483058862	8.52444513003427e-05	0.00160201754294113
peak_9176	22.1050255928035	1.76608124785498	0.598878625079586	8.57829041660364e-05	0.00160976339779519
peak_100854	37.8782244206162	1.24654835716217	0.383779921847851	8.58788382805748e-05	0.00161097073163112
peak_5966	41.8082272257678	1.43359546197579	0.480815693732201	8.64875257435052e-05	0.00161940983751684
peak_96749	24.1646535983614	1.61703261609487	0.523224847160027	8.66554875677521e-05	0.00162195913697849
peak_5016	29.4207319438112	1.36052191385306	0.421795766571815	8.70917301744248e-05	0.00162832233108133
peak_9879	12.4878019444334	2.11701783111211	0.677177153083225	8.7123196940138e-05	0.00162832233108133
peak_23511	22.3322095056472	1.65937361906941	0.539894816684168	8.77741386280391e-05	0.00163988722319135
peak_75790	69.9936829396481	1.00543783039249	0.303528789978362	8.78515052356304e-05	0.00164073144540068
peak_53295	29.2285290115922	1.38777914113606	0.430700497496251	8.88187132136674e-05	0.00165455276284693
peak_28412	41.2823304389251	1.1935381461874	0.365689395422531	8.88595541307302e-05	0.00165470899448846
peak_18557	63.5627826391329	1.18558697768389	0.377958077570061	8.89388430684744e-05	0.00165558081514759
peak_5835	20.9463638153877	1.68389704532582	0.54841416737249	9.02556821856969e-05	0.00167581071082299
peak_67789	18.0940217687193	1.89236428331291	0.638124449398749	9.03982366611227e-05	0.00167723598777438
peak_42039	26.8729639674075	1.42472303749341	0.44178784880585	9.14062255229148e-05	0.00169162897078451
peak_58414	19.5936857099706	1.73978181912067	0.567688060156971	9.17069756048958e-05	0.00169473427263183
peak_104308	48.1355073198078	1.1952156800379	0.371508005309217	9.1858305347413e-05	0.00169630117944339
peak_14350	32.9691035921232	1.34137207413228	0.42284317930788	9.27260430027571e-05	0.00171046672523103
peak_103430	24.3069947584204	1.62003770936993	0.532113493007795	9.36838979892302e-05	0.00172688619771471
peak_27851	19.783371355897	1.65794168411331	0.528653580308371	9.44231305876876e-05	0.00173799918272341
peak_59285	25.9028323984368	1.60671136702333	0.537447280675022	9.46517786570208e-05	0.00174157906409486
peak_11614	46.5574659760615	2.72386094172208	1.07349421252682	9.53128868037382e-05	0.0017524784877661
peak_57631	23.799935795888	1.50045994437159	0.473925295945132	9.59180604622501e-05	0.00176233449755974
peak_36855	15.4782343722842	1.95907860887567	0.651748651050123	9.66705154500515e-05	0.0017748804107801
peak_69309	35.7970417906936	1.28376477117873	0.402228689584143	9.68787846246366e-05	0.0017780639715161
peak_8408	13.5653236742114	2.14597035283917	0.729733631895565	9.72381398418637e-05	0.0017833754668983
peak_20621	20.5676709063324	1.6065790275565	0.513418280237399	9.75454097944324e-05	0.0017864404683114
peak_18228	69.2518257997594	1.06162047933586	0.327999907984198	9.76257712881728e-05	0.00178727022438017
peak_29377	17.804453685119	1.67312827722112	0.529223083793863	9.79695887409112e-05	0.00179292083687871
peak_80864	26.7281623279061	1.49885038089433	0.484858375696462	9.93849848900216e-05	0.00181426524869411
peak_39197	46.7357572101361	1.07818423807967	0.328140351643726	9.95890169512174e-05	0.00181733916187358
peak_11276	11.4725341397228	2.48560118176221	0.884891308459919	9.9804253956173e-05	0.00182061527449354
peak_27853	19.4963922102372	1.69380439568329	0.552267462669345	9.99681157843622e-05	0.00182230044740132
peak_26319	27.9206196261628	1.4172260225592	0.450900953608784	0.000100155520680177	0.00182506410914921
peak_40701	23.9839252012698	1.5263058889146	0.489547561486015	0.000100596924969687	0.00183114416869135
peak_25699	22.7854578679392	1.55587713394737	0.499687045476576	0.000100829460651833	0.00183472194175387
peak_77999	84.0929804309932	1.05560223562782	0.331330173189301	0.00010211503616036	0.0018541443139858
peak_32602	40.3467697312201	1.23401200439873	0.39060259944861	0.000102291592908793	0.00185668891279735
peak_98009	30.2439159128974	1.38597692053521	0.44376422984307	0.000103079636782304	0.00186899657218441
peak_10259	29.6357592868426	1.35672736193413	0.431328626847225	0.000106751402752934	0.00192666443212782
peak_12353	14.0720103552577	2.16708916913431	0.769254877413504	0.000107644367538787	0.0019400338364555
peak_83170	13.2378091147988	1.96601674764184	0.633453051280105	0.000108037884561947	0.00194506341182042
peak_79781	15.2064456631073	1.8590267633112	0.605119894169523	0.00010921407085945	0.00196485131151726
peak_7173	37.9809083469031	1.20063896812082	0.375341330065106	0.000109711938361287	0.00197311213026053
peak_20942	202.943612546577	1.56611409141887	0.534887485126735	0.000110333124909123	0.00198079038965371
peak_30112	30.1004299780894	1.35203848716843	0.433608200727646	0.000111214022750123	0.00199590220483555
peak_10561	44.0604681124791	1.15047161771609	0.360639784528696	0.00011284884116393	0.00202168342079556
peak_78258	32.1570554193381	1.24271083957524	0.38907370555614	0.00011342945992822	0.00202994539975438
peak_63679	13.0979944815483	2.06861669024675	0.69258510143622	0.000113709942676845	0.002034250925376
peak_62875	26.125272721715	1.36619951706822	0.432074512102489	0.000114202258362691	0.00203876622719893
peak_19368	24.7940247860192	1.5002739412601	0.486939208381173	0.000114403383852705	0.00204164190728527
peak_21142	48.9812578522242	1.06495158893243	0.328150350417705	0.000114709988575535	0.0020449662508784
peak_53291	17.2722196312373	1.81784988370422	0.603731065807887	0.00011468096815621	0.0020449662508784
peak_59181	42.8118221377062	1.13740376217144	0.354718681760826	0.000114704143264826	0.0020449662508784
peak_67394	37.9438818353999	1.14332959104347	0.354165307956863	0.000115515670051598	0.00205573541125682
peak_59409	29.9596329610292	1.4018958640335	0.458599730971716	0.000115681984734942	0.00205684220292973
peak_23287	18.94413643951	1.84579166527507	0.646502967908246	0.000116234725358675	0.00206492812095379
peak_25476	31.1726867854645	1.33873912372452	0.43070106185466	0.000117620003395531	0.00208300572876851
peak_10550	27.6312868177844	1.40406970918046	0.454401420082123	0.000118231927338258	0.00209093758143199
peak_105313	29.1310880676083	1.43373597339235	0.471145812976229	0.000118359516937198	0.00209174292220449
peak_9328	25.8468469726928	1.51253299379767	0.502543813845529	0.000118458207361592	0.00209218752712241
peak_81247	25.0628637391457	1.4185315874202	0.45432130857707	0.000118550471720875	0.00209221680552459
peak_21356	22.5843833392811	1.48128713033491	0.475358035399626	0.000118778021069992	0.00209550732950679
peak_104935	15.2341266501654	1.79277295485641	0.582863722895657	0.000118981080856426	0.0020976381011569
peak_65087	38.625030259107	1.16713877908226	0.365477685045855	0.000119608036924194	0.00210501954088636
peak_108090	56.5546535365093	1.24467162980002	0.416672552888069	0.000119647484201323	0.00210501954088636
peak_11885	12.9413918031733	2.14348804534142	0.743596695787368	0.000120754216427941	0.00212156253576671
peak_17763	21.7140114989663	1.52886156274654	0.497222557800123	0.000121931355665868	0.00213635467353262
peak_56397	19.8687640253306	1.69639218432333	0.566627624371122	0.000121900854848847	0.00213635467353262
peak_36079	62.0995747609809	1.02073889247138	0.317750074908631	0.000122018330737636	0.00213641023729021
peak_55401	43.7275069502801	1.33495729406692	0.453770416989557	0.000122169001323338	0.00213712119614128
peak_64459	22.661335447337	1.62264372732228	0.545213711251375	0.000122184683771071	0.00213712119614128
peak_32075	24.3345555363649	1.45779802972163	0.471410877328346	0.000122398432703678	0.0021401256823833
peak_3919	15.2519701454862	1.82321088839698	0.594695448768071	0.000122563468423974	0.00214154249522437
peak_37214	28.4485982000925	1.29412906143507	0.408885669127479	0.000122799724131421	0.00214493550344797
peak_14920	20.5664115484194	1.81820367924305	0.669937422822724	0.000123204596126901	0.00214906244889708
peak_34438	32.4357914060917	1.29067864434026	0.412693477730919	0.000123367995435154	0.00215117668100437
peak_77918	14.5824670050441	2.13759960233026	0.77005396542894	0.00012380902756545	0.00215739134636091
peak_90918	46.3122638413217	1.19669837481932	0.385952134742458	0.00012396475802018	0.0021578925067999
peak_10339	24.7235250212894	1.5341148749479	0.509097451709919	0.000124871813345027	0.0021707174480769
peak_42736	24.7617436734658	1.44588110815365	0.468462048840606	0.000124942697210306	0.00217120939330765
peak_91132	19.0608088513126	1.93565790209877	0.713573723734212	0.000125538354510156	0.00218028730914408
peak_7184	11.9789649207057	2.29297765755052	0.807012209211997	0.00012610270924182	0.00218689548755219
peak_79941	13.6858419909083	2.23563761628312	0.837665563670086	0.000127276075672413	0.00220499422162204
peak_87804	29.7272210050172	1.35192601834127	0.435665029514141	0.000127853454935912	0.00221364047977912
peak_65706	43.7697788875365	1.19627095227053	0.386348907165183	0.000128136375649709	0.00221763789846437
peak_69619	51.4362311665272	2.14835086842337	0.823274263565846	0.000128940073082185	0.00222927723505198
peak_53006	21.9462965053265	1.58925043495745	0.529548048448962	0.000129303776187086	0.00223405026522357
peak_27604	18.2915631133394	1.74010878134793	0.592484701854133	0.000129860761314441	0.00224139498184769
peak_10921	27.4340871037547	1.62692442997021	0.588912897048623	0.000130135186896338	0.00224461185355098
peak_17756	12.2040618859717	2.37235591267217	0.905849063149172	0.000131695698272438	0.00226769229048245
peak_94558	14.0657709081833	2.03598720645202	0.710593108674983	0.000131930888659168	0.00227066350871105
peak_103164	27.0948880853637	1.56356608117156	0.547478067840359	0.000132209063144337	0.00227076071781101
peak_62688	32.1422925343603	1.23404051255708	0.391436711365653	0.000132364619793423	0.00227153904570429
peak_19899	50.0983776048422	1.07299266311191	0.337991964668935	0.000132972706430984	0.00227954090968487
peak_75781	38.2852490871468	1.26661901221401	0.414535042514774	0.00013305296744312	0.00227954090968487
peak_29375	23.6770816478512	1.49697144493432	0.493294745122276	0.000133138508166431	0.00228021497392463
peak_55919	16.6167269863812	2.00067971153355	0.750231487988616	0.000134129576711175	0.00229256808521488
peak_75305	28.3590902102422	1.44970334154883	0.48820650439633	0.000135320964678135	0.00230829513433171
peak_75995	16.5272223665088	1.76598973174354	0.59448003984779	0.000135366619300432	0.00230829513433171
peak_45144	47.6524469437886	1.19952285505408	0.392461943337866	0.000135671800497125	0.0023123224118988
peak_64496	35.0288482091722	1.39133227382888	0.476468437479384	0.000135751984736181	0.00231254617232172
peak_11628	41.8796408781424	1.27508972578014	0.425294938875992	0.000135962509316747	0.00231535888444345
peak_96730	63.610606217008	1.02542149243451	0.323685390497083	0.000136221668074825	0.00231822362098231
peak_97420	27.3718203196169	1.35800404667438	0.440933336768742	0.000136205993559255	0.00231822362098231
peak_65211	12.7734057637412	1.94006104371634	0.640696110536989	0.000138893705556365	0.00235847473629389
peak_695	41.4727110397236	1.13940461158278	0.363724175486466	0.000139312213429531	0.00236371797468156
peak_722	48.3630089629975	1.07334319040549	0.339668399916637	0.000139302244969273	0.00236371797468156
peak_69967	16.0780770806107	1.84049987826206	0.633913602076141	0.000140359204786327	0.00237594768102115
peak_30057	14.6860290348144	1.81846602767022	0.606204658846118	0.000141264244980941	0.00238809641730712
peak_12181	29.8514786342119	1.24016307161651	0.395227696787919	0.000141661780671734	0.00239243708159292
peak_2238	22.2929226106373	1.54568421898106	0.51863983882201	0.000142912424429593	0.00241196056668892
peak_102223	27.806484992372	1.33178894688671	0.434012754627776	0.000143291100855447	0.00241755131310914
peak_96575	22.8746624857849	1.589962975392	0.548895475683214	0.00014342652383138	0.00241903564143788
peak_67788	32.2516731568297	1.25198234439224	0.404248687702086	0.000143491248625639	0.0024193269849295
peak_10194	26.1519234792085	1.44386323927865	0.480170094858298	0.000143935942500412	0.00242441954553222
peak_46696	24.8567967919339	1.62426678309819	0.583563123244087	0.000144717904622176	0.00243678569520022
peak_55936	73.5923792006575	1.80753186756668	0.662268173326111	0.000144870465451475	0.00243854920815744
peak_95617	44.9708081254449	2.19706409289148	0.868735279320852	0.00014608338737083	0.00245491350971956
peak_98739	46.6416119487853	1.14410373993808	0.370848484538806	0.000146055165636494	0.00245491350971956
peak_42863	37.0965835033634	1.15772655857683	0.368004390101664	0.000146402942848016	0.00245830537855037
peak_79141	30.3246502273878	1.33554621811715	0.439070064715044	0.000146653406817595	0.00246043784139582
peak_39097	47.421997170221	1.02143453380654	0.319209595711222	0.000147137817452577	0.00246572400857863
peak_75032	28.3269965166428	1.51950167034652	0.538276154818224	0.000149737556066743	0.00250476346247341
peak_66554	13.7270484806146	2.05231416554144	0.738065401587449	0.000151051451108786	0.0025226037622773
peak_57455	23.9271440075362	1.43339905252758	0.468640082238619	0.000151119649006389	0.00252291631442034
peak_87681	31.6846487494016	1.38971607367004	0.474954606641959	0.000151974109412693	0.00253552092359802
peak_65894	36.5662964248689	1.30128063964725	0.436649948029005	0.000153292669677073	0.0025557993469224
peak_55918	34.7759696028639	2.36783077066745	0.980735449157518	0.000154077082241654	0.00256473199972999
peak_75567	29.3903609924409	1.41488104475148	0.48004745909319	0.00015470337749854	0.00257096036673422
peak_105016	19.0665454170203	1.8288188198684	0.677275407956431	0.000155310880322252	0.00257986275270192
peak_76533	19.3032789442598	1.63485955130942	0.557838941963398	0.000155934074334296	0.00258888137870675
peak_1524	18.874849793484	1.68488852878968	0.581075937336019	0.000156263515695077	0.00259266241823273
peak_76428	41.166403211016	1.07126110718865	0.338972530079429	0.000157025136975308	0.0026036044337636
peak_34038	30.4960845155426	2.67379011149658	1.17002427400278	0.000157563422359624	0.00260998331787778
peak_26185	22.8044738341957	1.43749022396747	0.474484945611904	0.00015860190147235	0.00262600604171656
peak_11590	15.4803593141472	1.96925572789456	0.697845492310315	0.000159247295789215	0.00263359799646737
peak_30725	34.6036300812848	1.17919920049324	0.379654029516846	0.000159539295743113	0.0026375715086765
peak_66833	17.8575468349932	1.71218495955595	0.582590837708638	0.000161214767173231	0.00266181869141656
peak_43340	29.7772919822423	1.30920692297602	0.433211138625691	0.000161390923967433	0.00266300247553512
peak_89727	27.4909853076284	1.36901876032906	0.456655728160129	0.000161469768120704	0.0026634414744103
peak_57764	45.052089567848	1.10707525590855	0.357244685895383	0.000161639597099403	0.00266538049731894
peak_11908	47.4482956513427	1.1026328233487	0.35614000295479	0.000162536040944669	0.00267929601797765
peak_57109	19.034499732529	1.55227991485537	0.518505474641149	0.000162617226521932	0.00267976790932361
peak_27804	24.2948251340478	1.49285993911425	0.510455428177882	0.000163761039322194	0.00269513245670799
peak_26449	14.1412140726632	1.84092176299594	0.625491082741098	0.000165533695394933	0.00272079335699743
peak_12107	25.219342726424	1.48236737591429	0.507748769557045	0.000167188582257512	0.00274268888512919
peak_80915	39.9337793437062	1.12425526232061	0.362228676705639	0.000167945451479479	0.00275156387825601
peak_25814	37.3411459885419	1.25009919070437	0.418553214336446	0.000171173793910724	0.0027927894580263
peak_77752	30.1437023617554	1.35333422954397	0.458223104738347	0.000171355844820331	0.00279397157147726
peak_65983	15.3621182202087	1.97309425426087	0.742993980492793	0.000171645548679992	0.00279695740481056
peak_100745	24.4520059465033	1.56297169269239	0.544181664969324	0.000173291490928819	0.00282102169747661
peak_85663	41.5028482710646	2.32736883658875	0.991548036269175	0.000173483421612804	0.00282324472848721
peak_66063	44.6461690491941	1.07420565906202	0.345645750174976	0.000174259892988243	0.00283316801782479
peak_98118	38.8047463504859	1.24620121531088	0.421477268725938	0.000174562634383193	0.00283718536074641
peak_29725	16.9608958506753	1.80172787761227	0.641337288395566	0.000174736474629266	0.00283910576655441
peak_79496	22.5714360168834	1.50213769554086	0.514741207239264	0.000175133570825408	0.00284374530003321
peak_21533	16.2748982857718	1.87524983910922	0.693135742637577	0.000175568136160267	0.00284898694788905
peak_59234	15.5474889058945	1.79216673551183	0.625937516137166	0.000177127164043875	0.00287063114619866
peak_3284	50.372214173889	1.00038101905498	0.317694036665454	0.000177683557605864	0.00287809581854277
peak_55906	9.69888682551086	2.28031235613193	0.785347496015485	0.000177700655803018	0.00287809581854277
peak_82029	15.9358573192602	1.70231731125637	0.579854329111775	0.000177898892536485	0.00288039153218966
peak_48451	53.7085875130114	1.01455622988741	0.325416344374759	0.000178279462260265	0.00288380604784324
peak_50345	16.2044596371829	1.77880719319576	0.625780647098707	0.000178385911495686	0.00288461277625088
peak_1756	32.4703481999537	1.19333655042083	0.387836336473009	0.00017903326819604	0.00289324570911039
peak_98526	13.3428757716713	2.03032838552032	0.722124395132127	0.000179530878535604	0.00290036798891518
peak_58410	46.6869993951556	1.01273289322691	0.322014069695882	0.000179955801511012	0.00290263413345159
peak_87969	13.1191614076498	1.94503099023428	0.67207507966961	0.000179861215966777	0.00290263413345159
peak_5113	50.2663489865513	1.01735071198004	0.324683385738876	0.000180048237804848	0.00290285142759244
peak_82796	15.1288713010387	1.81842300952164	0.636843373234241	0.000180083141754107	0.00290285142759244
peak_96925	14.7464042280449	1.96707114331138	0.728338555123546	0.000180285657176734	0.00290465215549669
peak_43345	30.2507364820983	1.37457411606758	0.473380214237542	0.000180955170216584	0.00291414412781514
peak_77705	24.061937370381	1.37387920820313	0.455644096274564	0.000181707926707555	0.00292301447520878
peak_40974	22.9211924922427	1.6451032055817	0.605104581270251	0.000183583391708173	0.00294623317898423
peak_29902	18.7362710658946	1.56092434487977	0.52910315346358	0.000184682034912832	0.00296200007299958
peak_48878	21.5608634681412	1.48079153347336	0.498879925540467	0.000185788901954044	0.00297694310340317
peak_94966	54.3851650255199	1.04084964839553	0.338448754020484	0.000186506867368081	0.00298657008154176
peak_6965	44.0372828047641	1.15294937576723	0.38261214737288	0.000186662073185721	0.00298811694299753
peak_78302	48.5282977343391	1.27307110705505	0.44893911227324	0.000186999112419055	0.00299257273879408
peak_79682	18.6918633361715	1.68337521395894	0.596364179371826	0.000189948588926231	0.00302742067989773
peak_73237	29.1450980548166	1.22053903614032	0.400395000409058	0.000192368287695001	0.00306111008596691
peak_85202	32.2462010340907	1.44664689512549	0.531869121296051	0.0001926350085137	0.00306353354462867
peak_87373	20.5986729479274	1.62838034165107	0.581645359199181	0.000192862950216666	0.00306620217641001
peak_87886	14.0166246032522	1.96848730683961	0.721520322555667	0.000193516011589495	0.00307466730037457
peak_91314	16.8089619743076	1.83557501572728	0.674846472372746	0.000194097584937628	0.00308102723089349
peak_82156	28.3518811705406	1.25819169810687	0.415054718868255	0.000194184624508719	0.00308144950675429
peak_83425	30.7524071780331	1.22276655566471	0.402968744066105	0.000194665199930861	0.00308811446287334
peak_50374	13.0036669017272	2.13040515241848	0.796614188264798	0.000194807887133822	0.00308909939729546
peak_76305	20.0310493881846	1.53441203924662	0.526234518834607	0.000194909048780048	0.00308909939729546
peak_56142	25.1610111240089	1.33943364046215	0.449467478423922	0.00019628438361977	0.00310993026203779
peak_48336	16.0023094243529	1.71717403974635	0.596434137257837	0.00019749244785922	0.00312615645655082
peak_106725	22.1840668278079	1.68101183442973	0.638214521440501	0.000201347987888698	0.00317732234927056
peak_87590	51.0742272872664	1.01261749010302	0.326482439033344	0.00020166152494136	0.00318113277958274
peak_19983	33.7915677475311	2.26758592259366	0.970198755729116	0.000203586552416221	0.00320372344490538
peak_9749	15.6069704449431	1.71620222733631	0.590183330057859	0.000204849981468516	0.00322062323624846
peak_70194	16.2114191214912	1.68696673537694	0.584088649340013	0.000205325109915601	0.00322610356060303
peak_67398	24.3408335058402	1.42759651360757	0.496071233212842	0.000207219253943647	0.00325085565586793
peak_90762	37.8671024231801	1.16774294050589	0.390197603404034	0.000208244923959304	0.00326393350537628
peak_17810	19.0366248530178	1.57540264639562	0.547979125969726	0.000208477690632064	0.00326657760742669
peak_22211	21.5313328461014	1.47298325039137	0.507759005772103	0.000208748792470219	0.0032698205630988
peak_14357	42.9852742640652	1.02611489304322	0.331363037536624	0.000209473281907186	0.00328016116441025
peak_53231	22.3350102985268	1.61909674162698	0.605566041921894	0.000209639696801554	0.00328175915908015
peak_43521	23.2463221044197	1.39034258440333	0.473372541320924	0.000210384764225401	0.00329241178293318
peak_23725	13.8150184471079	1.81127660419682	0.627417208948778	0.0002119953873107	0.00331176692117084
peak_43352	23.7317773895707	1.38826815068607	0.475910512158019	0.000214791319105335	0.00334801290000141
peak_2520	17.0065271837205	1.6637196068212	0.583423905399468	0.000214889723103118	0.00334852305077494
peak_2283	19.9818192436759	1.61184749506281	0.586060517151616	0.000216984873893489	0.00337601183409625
peak_9013	9.70401765274045	2.25798947882088	0.794404427706762	0.000217088265728428	0.00337659009043003
peak_14140	23.2790823663819	1.40724247362571	0.480973753132269	0.000217885079337094	0.00338588499088115
peak_82024	18.9379086233827	1.62975575288405	0.580131087899156	0.000218588660299446	0.00339450519136173
peak_33173	12.8012729567403	2.09494313356785	0.781247660068041	0.000219479961011409	0.00340444335020617
peak_93579	14.1671485272573	1.79381158073001	0.63109532987507	0.00022057230099119	0.00341826727609022
peak_12125	49.47403176569	1.03241204821213	0.339263314235063	0.000221148561857327	0.00342511560597134
peak_70124	18.6666887287069	1.64023742577312	0.583476245643728	0.000223511813960112	0.00345441615089843
peak_107468	16.3528036495785	1.7062726414036	0.608977941830148	0.000225049970621728	0.00347507212741392
peak_77813	49.410359418002	1.0854506262562	0.363330629564679	0.000225484974002919	0.00347959348804867
peak_73879	15.5961533864708	1.81537999398262	0.640376138637904	0.000226030546805004	0.00348695717379726
peak_55558	13.2093344362677	1.90252008046044	0.691286867385219	0.000226453687128967	0.00349217003856339
peak_106379	34.6804243224327	1.16401187390138	0.388790434199049	0.000228013976554789	0.0035133032966523
peak_8398	41.2067866306905	1.13822863432086	0.384558782887966	0.000229590759597261	0.00353332763924719
peak_25907	15.9819163722116	1.68187941006781	0.590919508750801	0.000229868887383894	0.00353440744636768
peak_68617	22.8401695826546	1.50597593705648	0.542937420790846	0.000230941572858955	0.00354769118221955
peak_18944	26.6080588910633	1.56424024008436	0.600301762709405	0.000231855327171722	0.00355958317108624
peak_79425	23.9627821079488	1.45775495051367	0.517976135330559	0.000232032960610962	0.00356123796800436
peak_39029	16.6341417927636	1.59455508769115	0.552340274940898	0.000233574305132691	0.00358381568507234
peak_39462	12.8158439886652	1.88629024428822	0.674302309067922	0.000235389501564974	0.00360407481285037
peak_64258	16.959697999009	1.79545211938659	0.684418363881098	0.000235388279798631	0.00360407481285037
peak_15837	38.7686383060592	1.15459388658074	0.390628785110019	0.000235654428290995	0.00360704793780987
peak_85206	18.4939379260634	1.78372309740134	0.700793685889724	0.000238784541702403	0.00364620204948748
peak_68690	18.9076899408679	1.59192338249206	0.567241694995248	0.000241058964550813	0.00367542833929059
peak_55937	17.2640532700763	1.909535914424	0.826759772181882	0.000241966451424521	0.00368816188111529
peak_12108	51.0292399406606	1.0116951818081	0.33400366797548	0.000242376110461618	0.00369130185464041
peak_78968	12.4300175598625	1.89402195872151	0.667874498999484	0.000242261961384811	0.00369130185464041
peak_61754	12.0320992487913	1.97632295617604	0.717483445746949	0.000242981334761245	0.00369810338332443
peak_12973	13.3392575402499	1.85218715130736	0.665298351246353	0.000243503163132494	0.00370446683015559
peak_35624	26.3409277536349	1.38907321286901	0.495118530037677	0.000244653862082301	0.00371911801196427
peak_4308	21.6575521346439	1.52504504141965	0.55157253824982	0.000246655421809983	0.00373951035872845
peak_640	14.0439949295807	1.98305212994035	0.795030829481675	0.000247468057357042	0.00374960070502412
peak_38584	33.439280134359	1.19951671126013	0.411415377710717	0.000251945651365206	0.00380726170139489
peak_57837	15.6944035622906	1.76137902486467	0.649958622667585	0.00025233748858639	0.00380979543768602
peak_82802	39.2072564591652	2.11974121993608	0.88743583077646	0.000252315512627336	0.00380979543768602
peak_75780	40.6888857771767	1.17216176250879	0.407276514794642	0.000252629845023418	0.00381308030739017
peak_60464	20.5460994681957	1.50515587575745	0.53635369226999	0.000258349786949187	0.00388217572572687
peak_26600	27.2987126921603	1.32252505670657	0.46584948776783	0.000262165808284684	0.00393372157186666
peak_94562	38.926672483898	1.31360140948592	0.49216429025222	0.000267108555916001	0.00399495360279649
peak_21647	42.3571178713988	1.22679851934912	0.434560440327196	0.000270062490160999	0.00402967694566833
peak_68947	21.1384453634733	1.74742341381854	0.70705055330111	0.000270851554471301	0.00403908667922601
peak_2768	19.8480439468635	1.48086293153688	0.526352248558974	0.000271622080622078	0.00404820912089953
peak_6691	14.8747256473807	1.69063956408224	0.604016613372582	0.000274465916773595	0.00408224014953866
peak_49284	34.3253476293556	2.48015296131364	1.21300220589598	0.000276654153832362	0.00410999087625198
peak_20867	42.0843580526589	1.18274855758787	0.420132730824449	0.000279982205050369	0.00415459042686209
peak_10599	30.7764875627578	1.29749669407759	0.458287295485871	0.000280380545058607	0.00415690973492734
peak_70953	12.1448763019357	2.11072955286789	0.865457905376947	0.000281719050073114	0.00416823200436093
peak_89390	41.2005290287086	1.18237212765718	0.416224887540415	0.000283097208840313	0.0041861932395395
peak_93093	16.4701521653197	1.72124772270487	0.645866333036349	0.000287296795842312	0.00424091326948933
peak_100746	32.4838128370978	1.1416588746287	0.387589271903672	0.000292204268504905	0.00430711963977771
peak_19140	21.6865451810835	1.46297665369166	0.532556467659891	0.000292814802355072	0.00431237883098662
peak_27650	33.6515891664921	1.24473525419131	0.443915542016152	0.000293313426272079	0.0043150978251859
peak_46561	17.1615203136478	1.85176936041686	0.820695657544912	0.000293422589728936	0.0043150978251859
peak_69719	17.0309917752101	1.61263617348173	0.587590534998388	0.000293290375558847	0.0043150978251859
peak_70985	18.7562709003379	1.66961350217064	0.636221926936233	0.000293420776648494	0.0043150978251859
peak_9767	25.9602259293797	1.47649130433803	0.564920281325473	0.00029844900331637	0.00438260564435408
peak_19750	14.7061953039096	1.82675572155345	0.698413281552819	0.000298440787644388	0.00438260564435408
peak_21825	14.6367924032258	1.86947014122909	0.74291297273032	0.000298905311838382	0.00438686995664702
peak_10084	31.8954557070251	1.28671244664148	0.465584348038201	0.000300099311013046	0.00440185945664878
peak_6527	38.9429000211648	1.15065080831371	0.402867606212426	0.000300496361912355	0.00440641573438693
peak_28903	10.6631218131965	2.16945075157359	0.838412431774817	0.00030095073844143	0.00441054163557768
peak_23706	21.1793924389517	1.70201610125149	0.692345581129864	0.000301222442176227	0.00441198719816061
peak_80193	20.8992659041596	1.52669096893955	0.564351414145896	0.000303507666170285	0.00443653723261416
peak_78301	18.5970277661208	1.72523232869353	0.691947335974281	0.000303907297552503	0.0044398330868229
peak_10395	20.281367368687	1.64618687334072	0.653195765708336	0.000307337343993007	0.00448737165544888
peak_67613	17.2083943200874	1.70680977097201	0.649986304558791	0.000308181296999856	0.00449583164773524
peak_63889	41.7822475216641	1.01146280491914	0.34001949488978	0.000309462511204688	0.00450936141648535
peak_69589	18.3546541626853	1.74404344564504	0.723707550653799	0.0003110071740882	0.00452928071352784
peak_98369	28.0988006752689	1.19317484721481	0.411701998836246	0.000313416466241254	0.00455915890093483
peak_30048	35.253341870316	1.15172661409565	0.401458394692606	0.000315426329257583	0.0045844717284855
peak_108115	29.0289740240589	1.24193893615356	0.43633973378796	0.0003163729192731	0.00459560959032999
peak_29272	39.9374812693875	1.07789745716452	0.371491347934233	0.000317843058209758	0.00461302196580778
peak_54681	22.2002538588297	1.47039414284152	0.550353448117078	0.000318065999647508	0.00461494395504492
peak_49501	15.7172825102707	1.91502989721301	0.879405759088895	0.000318685516790566	0.00461912543865328
peak_58074	26.7805647556054	1.305392050418	0.469068016739166	0.000318716575004555	0.00461912543865328
peak_87143	17.6724139829208	1.61850230275867	0.609846472150578	0.00032005058470573	0.00462873928461821
peak_4509	15.2849014268008	1.79757517471526	0.714057182003579	0.000325928385242866	0.00469407040657328
peak_18554	26.681240045783	2.4706914956804	1.32516518586915	0.000326291649581275	0.00469555093590841
peak_18019	16.3362132763035	1.65057030775408	0.617037732412303	0.000326832869971867	0.00470067720969976
peak_26530	16.2937750164401	1.56463561243556	0.564315507992385	0.000327317899292975	0.00470632555368066
peak_60823	14.0933136001705	1.71129188145663	0.625580138688446	0.000328533487744452	0.00471981076532505
peak_6930	31.2730018132153	2.87854331073734	1.77123721617066	0.000328979120138015	0.00472355094884732
peak_3127	33.1994497622165	1.28250129500751	0.4767212799834	0.000331274167198673	0.00474714578099819
peak_7001	34.8747702947506	1.1355409777089	0.396164000014871	0.000330916854938597	0.00474714578099819
peak_37222	19.3972501886311	1.46502257283397	0.531424101529555	0.000331883556240045	0.00475320646024015
peak_31898	21.9490132129639	1.49892120244326	0.568612777857889	0.000332860674847711	0.00476318674369503
peak_96400	16.273825178222	1.72560418067962	0.678423353544621	0.000334058162009635	0.00477630102305756
peak_29906	32.1745108317976	1.31231623233028	0.493372491693087	0.00033474849343127	0.00478482946063547
peak_37949	10.7468294393788	2.00355621521717	0.738461100314962	0.000335159729975634	0.00478936490822244
peak_92313	22.6719884116336	1.48393477815391	0.56942345261987	0.000336151531517212	0.00479815845071013
peak_96367	16.2885652485047	1.76079438050288	0.723899742929182	0.000338257522812358	0.00482686763451186
peak_78971	27.0652697292666	1.39798471282222	0.532510973468142	0.000338667038196347	0.00483135915206462
peak_462	11.9177377627121	2.05339270040116	0.818329124101273	0.00033929274467823	0.00483757826626516
peak_11042	19.7344932547037	1.47710204781583	0.545597748240032	0.000340278550683224	0.00484892179573361
peak_3933	14.792015352354	1.6343694983704	0.596777174459038	0.000340852536944629	0.00485570405668589
peak_48917	20.3629431857349	1.54769377349368	0.603639505863224	0.00034094497554104	0.00485570405668589
peak_43385	47.8090836380457	1.00872135336579	0.343901542015444	0.000341436811871601	0.00485999365999035
peak_18070	19.7968246680092	1.6848342551552	0.711944997911838	0.000342008892934792	0.00486677795567215
peak_82787	11.3655244319626	1.91535088147732	0.710558362422412	0.000344890883473275	0.00489685507790821
peak_87588	26.8910523719627	1.30380402868849	0.474826469937483	0.000346532249936746	0.00491605266980381
peak_21371	12.5324113072978	1.90114811490983	0.734286190543877	0.000349044347004175	0.00494481107984297
peak_41248	29.1313875555905	1.3151292529147	0.489594666292369	0.000349325626621278	0.00494742122192014
peak_65878	19.3774464213729	1.48579085271881	0.545757451833808	0.000349923868209261	0.00495314223889988
peak_68372	17.3784915250523	1.58947718844707	0.601235150927651	0.00035087311956538	0.00496244573485728
peak_4788	16.1711949543872	1.69151918182913	0.660153530107316	0.000353218315301543	0.00498869502048877
peak_19360	24.2270318446922	1.42980730623628	0.546263694750752	0.000353623296259785	0.00499303167629504
peak_71666	33.0352616458029	1.15292824615394	0.403845451332566	0.000355079980109136	0.00500943770499292
peak_55578	32.6043322360197	1.16004995353232	0.407029132077595	0.000355974565815056	0.00501789306404381
peak_2854	23.5522754580928	1.32160899578837	0.474665653729582	0.000356192185013994	0.00501883243325304
peak_63042	13.5091417700424	1.83768122044433	0.728506847283577	0.000356238076647369	0.00501883243325304
peak_75352	30.3060109719682	1.18117302068729	0.415798683102234	0.000356532391145495	0.00502159129694591
peak_3207	16.7872906904264	1.76352874932872	0.713036170967353	0.000357694049319885	0.0050365613915006
peak_14418	11.2076211998945	1.9663962500953	0.747039506352187	0.000358041825071408	0.00504006639787157
peak_90018	49.3790446376513	2.86781561207045	1.82701870064549	0.000358830913399756	0.00504978000292574
peak_56350	30.9852818011359	1.29433501024551	0.485516024174735	0.000360351638478451	0.00506838307295512
peak_30050	28.5461343778935	1.18188594475776	0.414933450692527	0.000361349211544322	0.00507681204182938
peak_104732	23.7654667512696	1.3862011968811	0.509318473854493	0.000361789602034102	0.00508019957293052
peak_92315	11.2029105564465	1.90421708715092	0.710131828858733	0.000362426308888194	0.00508353996835583
peak_63669	23.218064149922	1.62152717930671	0.719885538556919	0.000362569998615463	0.00508415675176237
peak_18247	18.0560052408769	1.72747649822014	0.729418406846437	0.000364230694069981	0.00510043014772096
peak_4536	13.9711949055156	1.82711559041075	0.737135007826298	0.000365151017335792	0.00511058961994393
peak_98415	40.7442451441301	1.02324502215903	0.351523365415731	0.000365995487957109	0.00512092369620779
peak_16466	25.9438568281747	1.29814051104769	0.474177156578504	0.000367570946162187	0.00513732792243017
peak_48424	59.7704587556178	2.05882077665778	0.977505461384748	0.00036793172944374	0.00514096112836901
peak_51285	29.4520852653698	1.24155597556738	0.450720650651924	0.000370206171557263	0.00516761321759225
peak_71433	16.9507589680378	1.69842061841485	0.683853741720191	0.000370462735593207	0.00516782846428324
peak_4024	12.4896162123147	1.80625133794595	0.680952632539569	0.000371787591394004	0.00518205635178095
peak_43961	19.7627171473338	1.45909740835661	0.545063404645923	0.000377225886530716	0.00524495201817701
peak_31007	18.5218737797793	1.51475225009763	0.564885936452081	0.000378925448516738	0.0052633475491441
peak_86255	25.1454656042055	1.41056019241596	0.546987463208241	0.000383207428581615	0.00531507452493531
peak_79608	22.2321790022433	1.54947690042093	0.620543668829205	0.000385141514666211	0.00533609382249224
peak_34073	30.9926241582264	1.15816574735417	0.41032648579755	0.00038573530618168	0.00534141779494273
peak_55957	13.8275357343335	1.70771823328936	0.643318303370367	0.000385977518392831	0.00534332059537792
peak_6167	16.0504914113619	1.82474192188898	0.797244131701824	0.000388921425293982	0.00538115272456959
peak_93174	83.3089549588835	1.692044125617	0.722509600557435	0.00038992070712773	0.00539351523972177
peak_32761	15.5862101555777	1.69732414759894	0.669766869149799	0.000390525152415921	0.0053989466976893
peak_467	15.8038887855911	1.57182730835533	0.584596331538576	0.000392264881758255	0.0054171227685066
peak_55929	14.8734150697837	1.71173258485733	0.66991713036904	0.000393694281533937	0.00542873968934878
peak_33408	37.7981061854491	1.08585431579388	0.38320500184276	0.000394080132829483	0.00543161680324378
peak_83736	12.1851803355603	1.93749946048727	0.753567322686401	0.000395830458887128	0.00545012470343481
peak_51944	10.4781315207677	1.94364419112053	0.730572821687995	0.000397062430730939	0.0054626619247835
peak_41084	25.6672954722277	1.33317489699489	0.500270347616136	0.000399882486596672	0.00548954154316907
peak_96201	32.3790328204365	1.14314346305726	0.406409062203249	0.000399944032850854	0.00548954154316907
peak_23912	46.093140044875	1.07762256890573	0.390432120733222	0.000402490558313867	0.0055194684255489
peak_34092	15.7402944179232	1.64758175321258	0.629050930135475	0.000402837663027908	0.00552274296508226
peak_48268	25.7353995652423	1.26773986389664	0.462473049233237	0.000403554582291404	0.00552931950053854
peak_24938	14.6947548730111	1.82308366442111	0.760134193342382	0.000405522370369882	0.00554910455600612
peak_37093	19.2656670073085	1.4049819454869	0.514153903587045	0.00040663042461628	0.0055582999542857
peak_85738	20.6825866376183	1.49882170706637	0.58364119340388	0.000406922702848124	0.00556080432254474
peak_97602	33.2915997184788	1.20997481043236	0.447505795829043	0.000407936935372047	0.00557167762841661
peak_6369	14.5165856657524	1.69366750872415	0.652616943659635	0.000409623450996271	0.00559021982668519
peak_35748	44.3991140372002	1.02898957266569	0.363400826759859	0.000411383491012584	0.00560973486835186
peak_7187	47.154099643235	1.0541707807127	0.378520973790181	0.000412087988929153	0.00561722966227954
peak_19053	14.9530731900227	1.74575903306061	0.709314371155647	0.000413476275402968	0.00563074288934181
peak_91992	12.563411522384	1.77430060993261	0.677667345515767	0.000414130940005422	0.00563236016965311
peak_92298	27.9989284299303	1.362078141107	0.523832763022337	0.000414147379202713	0.00563236016965311
peak_476	14.5617960592185	1.62213661446127	0.609368635684679	0.000415498151741691	0.00564621235732992
peak_17767	22.068156376512	1.32264643227852	0.481600316609211	0.000417213613173298	0.00566499421604627
peak_5997	14.231814787008	1.75536854841431	0.705344040089886	0.000419465429784742	0.005687995851863
peak_89706	36.9427067702131	1.04690565569719	0.367785897843345	0.000420877691731527	0.00570259633022154
peak_69009	14.8949308665479	1.83874229776895	0.785637879974587	0.000421404019356358	0.00570821076804018
peak_59239	18.1225861272967	1.59704053202248	0.607922092077207	0.000424150809251303	0.00573931877932244
peak_44768	39.6089131865027	1.00656071089894	0.350535196386417	0.000424557699860599	0.00574177689259748
peak_18016	15.2667034413166	1.71215338447662	0.691807265811875	0.000427572344296366	0.00577335899001444
peak_18882	22.6149863549132	1.2879037241579	0.46817825760694	0.00042844610372899	0.00578209450628012
peak_5465	30.7192393303696	1.21538915177837	0.448248957474585	0.000430034626578852	0.00579892765690276
peak_11287	24.7352915449633	1.31966458144425	0.491908493758245	0.000431848448046745	0.00582184689902468
peak_27821	14.6316520132464	1.71099783779788	0.676637977768664	0.000434202072558648	0.00585202930781794
peak_12963	24.5583319519663	1.30137548878333	0.481879419507261	0.000434442945037715	0.0058537283286715
peak_30443	16.0814490896332	1.5709522462927	0.601056662433089	0.000435055102335946	0.00586042785936606
peak_77730	14.5539164617265	1.68821367564736	0.653645931757608	0.000438737423520291	0.00590690949976382
peak_75805	31.7175887045063	1.11417826644901	0.396446371955071	0.000443071256491989	0.00595582153532838
peak_25617	19.4923618942895	1.53307796813919	0.613787929398399	0.0004467192745814	0.00599606270893649
peak_33542	22.9033818763383	1.40786602338111	0.537545046389135	0.000446815941632483	0.00599606270893649
peak_9772	35.0875138368475	1.05224326368409	0.370952507408619	0.000449008237124907	0.00601659237268082
peak_5879	21.9569356007584	1.51244531496466	0.623070454195626	0.000451204625484632	0.00604126025077716
peak_55613	24.2471010741773	1.3087667945015	0.490085262941698	0.000451721371056237	0.00604659118526471
peak_33746	34.5463278703948	1.1023890702117	0.396131207141963	0.00045214623374864	0.00604910203986045
peak_50659	39.6196222149447	1.01747767688594	0.358527812893796	0.000452316769429548	0.00604979611913298
peak_105889	39.8887923059292	1.05663753348822	0.37692157189129	0.000453357298890293	0.00605735724350641
peak_51900	16.1158202327204	1.52126318981834	0.57440612359915	0.000453579566878633	0.00605873927086035
peak_64118	18.8943005079553	1.55193045342419	0.621983919214148	0.000453987932450784	0.00606101825711853
peak_19137	26.692213025335	1.3890420293191	0.543740885345456	0.000457441277793059	0.00609754274236781
peak_44144	30.9530533585374	1.31808215478091	0.526443517759939	0.000457415790434585	0.00609754274236781
peak_29373	22.3019068360699	1.55900761484704	0.657787732097609	0.000458487710336615	0.00610829746517446
peak_27153	26.3489404731077	1.25400461426269	0.467622827804462	0.000461228182000543	0.00613501432965187
peak_40675	27.9568059245529	1.21926945375446	0.450057584191883	0.000461455692821851	0.00613501432965187
peak_87337	19.5111276924015	1.6208108491778	0.674670175970712	0.000465220737210222	0.00617862581594176
peak_53813	15.092641843426	1.67908896349135	0.679271959710025	0.000468593286019691	0.00621532187330904
peak_2948	31.6859900079416	1.23514848147993	0.471458018969468	0.000475320551489788	0.00628819243338307
peak_59516	17.9092191530431	1.42245852206661	0.529558097480554	0.000478108069502597	0.00631687432797601
peak_70765	35.1302504364748	2.2193786491788	1.15213811712928	0.000479514811528718	0.00633053914567666
peak_63117	35.0729448750823	1.12971305812109	0.41805115271553	0.000479804653251889	0.00633108696964307
peak_107871	39.3786473168781	1.10920816839767	0.41040652431178	0.000479790067467388	0.00633108696964307
peak_99976	40.6350030726957	1.07420245476194	0.390324728935873	0.000481663117841379	0.00635067900860113
peak_84083	14.5780106014357	1.62125802045081	0.631673912907011	0.000483684065302509	0.0063723813316573
peak_10560	20.319428563125	1.53511508415396	0.641790220461915	0.000485456933493289	0.00639078420115901
peak_63685	14.3763240056056	1.69152129237051	0.686185797466949	0.000485709306656836	0.00639245604264466
peak_69313	44.2273988776503	1.02650286818623	0.37018389204129	0.000486403660906058	0.00639716944481104
peak_28860	28.1691914394991	1.15485336963115	0.41962290990397	0.000488315345753342	0.00641028181122005
peak_32613	19.8326998974618	1.54174020561669	0.646331315662943	0.000488321000956707	0.00641028181122005
peak_5483	11.9206379935579	1.75462962013511	0.676494172159601	0.000488767787640744	0.00641449534637091
peak_4499	19.007560848454	1.56123824131791	0.64748127809096	0.000489401676352831	0.00641950961423346
peak_63563	19.2500738728333	1.66570051052902	0.775098589710952	0.000491078332397443	0.00643651175783701
peak_15782	12.9267253178613	1.91355301533241	0.876845489002996	0.000492888539777448	0.00645031188118403
peak_65806	45.2917800810813	1.01506122498973	0.366145506343286	0.000492688057561608	0.00645031188118403
peak_65694	18.728079134461	1.53614352361131	0.610899167907944	0.000497316283866295	0.00650324905083532
peak_56423	22.0196846991001	1.34182310808869	0.51021331866392	0.000498241613278139	0.00651367869092288
peak_22977	23.8915784115284	1.39922569634433	0.560741133723358	0.000498795652852596	0.00651757948650498
peak_9376	19.4824103798271	1.59596582504486	0.691980053258247	0.000500168106392482	0.00653347106129915
peak_32897	24.872922832886	1.29963701272003	0.498421048660304	0.000507592008608236	0.00661725547197635
peak_87689	27.2351840345486	1.3151285852985	0.518201846245321	0.000508101626136918	0.00661883523237583
peak_84403	28.1556862240396	1.25775680541156	0.486439556497412	0.000514083702610646	0.00668479256855557
peak_74238	28.7166121483138	1.27086758127528	0.496174235251586	0.000515671463137063	0.00670202019360344
peak_71122	10.2693946854069	1.94779988895527	0.786383888733061	0.000519251725151952	0.00674683192115123
peak_43797	20.4793266476381	1.52301167021343	0.629455559477539	0.000523564823352821	0.00679421636127944
peak_32570	27.0103641754795	1.21691093039505	0.45511384502098	0.00052724624315048	0.00683329358242766
peak_9174	42.9283255911964	2.04475705206511	1.08721624276327	0.000530587498038772	0.00686729685253484
peak_83874	34.120155321555	1.07431026107163	0.391509617504783	0.000532990801915578	0.00689197794229462
peak_43884	22.3525825279947	1.41329426822351	0.56351987884048	0.000534414672606505	0.00690688631115723
peak_29988	26.1522840572326	1.20284496748029	0.448459963931974	0.000535873574289263	0.00692398633013492
peak_71406	22.3080503223233	1.36529000614301	0.540257612473886	0.000538132808899954	0.0069496553684329
peak_6437	17.2689211680318	1.50488220637597	0.594070024245983	0.000539024090010113	0.00695764107677357
peak_34090	10.6821139206151	1.85880928821929	0.737497711442308	0.000541264983007067	0.00698126395739902
peak_88000	11.3094434506065	1.80550625260309	0.703046384633909	0.000541233979944572	0.00698126395739902
peak_59550	9.24663547159349	2.10819045335672	0.873721750409921	0.00054196652526281	0.00698854457689672
peak_7105	20.5748467133946	1.38302104586953	0.537888028048467	0.000545214777710537	0.00702687579786387
peak_72741	25.4835325830577	1.17828872999391	0.434405569932968	0.000547069360387847	0.00704365616382192
peak_4987	30.4174480331443	1.12668272463979	0.416793808245823	0.000552604922941646	0.00710058331681018
peak_36105	14.7850974566614	1.64144152505518	0.666940714370399	0.000552874887742649	0.00710226228935417
peak_8413	21.304623305255	1.36899441007317	0.539752181462768	0.000556843961828498	0.0071424518837202
peak_57888	15.4494526749821	1.6724019513827	0.719252968687986	0.000557403422207099	0.00714782969935895
peak_90953	21.4088694462318	1.31208373808611	0.498769624811595	0.000558318584587223	0.00715776498711697
peak_5834	18.5287435033743	1.48083419358771	0.593707228903145	0.000559802156726891	0.00717498058393094
peak_95391	12.1717313905469	1.93156220648592	0.947839646654123	0.000560632940446028	0.00717827878494167
peak_63693	22.4867430725694	1.27910134458572	0.480011780908552	0.000568470955553425	0.00726599652540661
peak_37624	12.7108852165939	1.67254413604822	0.655077673511293	0.000573374815792477	0.00731583792742624
peak_72677	20.8118784652951	1.46735714851519	0.612540101321206	0.000576893977150629	0.0073532434714213
peak_32595	40.0544723193915	1.11702863156803	0.43054893225093	0.000578558163277813	0.00736906482959844
peak_55591	27.9182433965997	1.15554773668928	0.430473218075644	0.000579553135768292	0.00737525528877704
peak_102201	15.4119249514409	1.56583498679976	0.630758294242251	0.000579622797280226	0.00737525528877704
peak_58370	24.0222448915852	1.22832411108298	0.463884332778196	0.000579982709953881	0.00737799362517679
peak_10603	15.6410491296535	1.5220385054471	0.600584481664463	0.000581718764924229	0.00739454324318791
peak_64906	16.6294203762745	1.42826710577383	0.548875664028242	0.000583394545032429	0.00740845685504942
peak_55950	15.6287761431309	1.64506719422526	0.706645370917941	0.000586787902215296	0.00744042973945513
peak_17999	20.8316211379439	1.41835815178263	0.580013164205524	0.000588209556321222	0.00745104408412269
peak_18455	13.2623219174535	1.68440152651008	0.680670307190933	0.000588754657549514	0.00745424508811014
peak_64322	24.7791935202119	1.31596154144153	0.527163568274159	0.000590957699585241	0.00747794364902694
peak_25323	18.002839305251	1.48538374238348	0.604992767407625	0.000592003654270846	0.00748608589202713
peak_34036	13.0288399068046	1.64208534183303	0.646697597123362	0.000597230636647695	0.00753909414214394
peak_23060	37.6852633575942	1.09003921533493	0.412961826319831	0.000598424342796771	0.00755042403905869
peak_73126	14.0011741111731	1.6959109678958	0.71731211202884	0.000601285482260914	0.00757384090409701
peak_63881	35.4495499893799	1.03719344711093	0.379431252215314	0.000601980994055736	0.00758029216175
peak_82913	21.5915286875527	1.3515458578962	0.536308283086384	0.000608657504534278	0.0076492510540263
peak_53248	11.2350943092917	1.78946674605965	0.728227313544761	0.000610059688509321	0.0076593211717154
peak_73418	27.7463292721848	1.28928566881516	0.525327560423631	0.000613726609714871	0.00770156655745075
peak_93178	32.7714136862904	1.06537176676325	0.394526911044026	0.000616982173341146	0.00773480528398615
peak_78896	20.037800029435	1.35640107469918	0.524903227337634	0.000620173015850946	0.00776907650766003
peak_13657	34.3485272174681	1.09871148606956	0.416908766953045	0.00062287023859576	0.00779520421822371
peak_88134	24.5546546254271	1.2332098503579	0.476381122859786	0.00062429658092184	0.00780730573335319
peak_32892	31.3325146353781	1.08651380856956	0.406033043953768	0.000629430460956267	0.00786379355116791
peak_51571	9.66177256269565	1.9119947212381	0.767692359743105	0.000631098384465464	0.00788076958862506
peak_23013	22.4230283803566	1.41370054936915	0.587673660267581	0.000635432727139925	0.00792325092344245
peak_38111	27.8691359062226	1.13672136270608	0.427736298885116	0.000638365491203868	0.00795207856034288
peak_51970	13.4635087062388	1.64216303641883	0.675539339143347	0.000638368523663033	0.00795207856034288
peak_89662	44.0003521803096	1.01036703454083	0.37903271781023	0.000645625394793288	0.00803072616846944
peak_92685	17.1375015896497	1.58909518462888	0.706183422892537	0.000645627163624451	0.00803072616846944
peak_50647	14.2098951195487	1.5868031408585	0.639851106923056	0.000648061647844456	0.00805314920229038
peak_6931	19.8381924893899	1.40690757346538	0.576385122440817	0.00065341694427439	0.00811376432556601
peak_53820	30.9176012196169	1.19131600081208	0.471658976216457	0.000653327348502178	0.00811376432556601
peak_6344	36.1651621688291	1.97470722333267	1.05732110089961	0.000659301566202799	0.00817489048015951
peak_87096	18.9477338923512	1.43059007247258	0.585604239037737	0.000662143361430068	0.00820813066517711
peak_23059	16.3737709931216	1.62470511447026	0.706574879669531	0.000664391069237277	0.00822999102432746
peak_18256	19.5264343996749	1.42083119961538	0.589136621915988	0.000666714729735899	0.00825275970146019
peak_79891	26.3227861313714	1.23292945428146	0.480575497919023	0.000666692362599312	0.00825275970146019
peak_48532	19.0591792346331	1.50753175588227	0.667980637804928	0.000667004303745853	0.00825434015310341
peak_55923	25.5881722920547	1.22820568239599	0.484459704539895	0.000679472104766035	0.00838827233259106
peak_92852	21.802286163495	1.47769112302318	0.659787371356259	0.000680506793836164	0.00839494783221163
peak_80320	39.4099101216619	1.01198944374692	0.380299245577049	0.000691223630726694	0.00850246756000753
peak_73118	16.6078253807037	1.51978349586988	0.63780425628324	0.000694735196188606	0.00853608703844202
peak_32603	20.1640002214892	1.37097302476027	0.563827669833607	0.000696542029482478	0.00854932400462052
peak_97711	25.628690725086	1.33655013651541	0.57397375345653	0.000696442022790411	0.00854932400462052
peak_99500	23.8237935109225	1.28961625739492	0.517329504970969	0.000698929720595358	0.00857656576035497
peak_59287	12.7547534503801	1.72924436056839	0.765249899251478	0.000701864838804775	0.00860230174906052
peak_75218	21.2849360231632	1.3695471741103	0.551681157294022	0.000701958169321209	0.00860230174906052
peak_93943	13.3848711859375	1.65115436091234	0.696619511847068	0.00070203933585378	0.00860230174906052
peak_29196	28.8119950247662	1.14532841511914	0.444576766556665	0.000705556503914005	0.00863709577636481
peak_32491	11.6235283851849	1.69680826206513	0.691279889766146	0.000713413157826865	0.00872123365842789
peak_19289	29.3742009918875	1.2697478798126	0.538683829312407	0.000713987743268321	0.00872355118099176
peak_73966	20.3040250316379	1.52039246611737	0.724722348808239	0.00071425560833626	0.00872420748144358
peak_87028	14.6807543152939	1.64688157639405	0.748683386224544	0.000714383678559348	0.00872420748144358
peak_18477	11.7836154001058	1.71672368606363	0.704324183511951	0.000720488198228282	0.00878192954216285
peak_34391	13.2033543334454	1.60651926511011	0.661650188982697	0.00072190304694087	0.0087949698330531
peak_41334	31.0063645216396	1.05418900833858	0.394708784493117	0.000726693028900358	0.00883854264587635
peak_67285	21.2044021210325	1.27874791326788	0.506820741500007	0.000733195663468795	0.00890276591989044
peak_50389	11.69967920152	1.853946278044	0.885212255318971	0.000737221183619759	0.00894525446645336
peak_13989	21.8988645419401	1.34886638666384	0.56685644310903	0.000740186089699843	0.00897695717636446
peak_57986	13.5792910053919	1.67510697422079	0.743755043511055	0.000744228696779556	0.00901740597290933
peak_86766	21.3778905892187	1.40442288957287	0.607109631906005	0.000747616956187685	0.0090498571054571
peak_55436	14.3164791705123	1.52315075022763	0.61705189187867	0.000749980285523298	0.00906770093376592
peak_87592	47.5481538696785	1.06726746187625	0.417986304321062	0.000754356283180514	0.0091098080185319
peak_10330	22.6042553512109	1.47385690712927	0.723079560380652	0.000757434510261519	0.00913869165238993
peak_92297	20.8781882170145	1.32094841015273	0.539520176905322	0.000757614037846077	0.00913869165238993
peak_61808	31.4742569644757	1.09522661112438	0.425865601055169	0.000761077645768564	0.00917359452651442
peak_62145	21.8358721811876	1.24982597997458	0.494035230330714	0.000760902235775019	0.00917359452651442
peak_11139	20.3288718574288	1.4268248041495	0.629015220909075	0.000761441291305912	0.00917580847991567
peak_4350	25.8583892667312	1.26231617145968	0.52161163104596	0.000761894751561558	0.00917910345064215
peak_29908	10.6610302478339	1.87625847031142	0.852587973709436	0.000763404437846796	0.00918860686214749
peak_49717	18.432348850327	1.54537084554562	0.695155761418661	0.000766737398033038	0.00922098907995486
peak_38539	25.0071302254376	1.30868374938334	0.555299317728658	0.000770059656906866	0.00925129438548577
peak_67400	28.861590798937	1.1510135520675	0.455580301569113	0.000770064201388648	0.00925129438548577
peak_101988	18.6343619175636	1.46752554837721	0.642976745342075	0.000771137544863573	0.0092598254504037
peak_55612	25.4050568283951	1.18627077132504	0.468459930804995	0.000774680003078712	0.00929548524739956
peak_21161	19.4990950392372	1.5175117532388	0.707717243192236	0.000777635019391658	0.00931809614540613
peak_102052	11.9671341344117	1.72429886571428	0.745592008115316	0.000779097548307116	0.00933123504768302
peak_23931	30.6395827230528	1.12872584341173	0.447526484023766	0.000784929243752071	0.00938466589248514
peak_103153	17.4622792831446	1.46292134952559	0.616926758571885	0.000784652310433521	0.00938466589248514
peak_35652	12.0223664064306	1.74048594780893	0.767174261530873	0.000792245663871257	0.00946203734320447
peak_62980	20.5453639323071	1.29009821844616	0.510959565067768	0.000798170363020944	0.00951941850970429
peak_51287	24.9671892744699	1.17562479353841	0.460007296245024	0.000800255746415033	0.00953536795669944
peak_56418	29.6835188671739	1.11548417314027	0.438193233591541	0.00080112934972205	0.00954354696844123
peak_86700	12.5320140789287	1.65424789094177	0.693723243616114	0.00081168122427948	0.00965796473771612
peak_10204	34.9148792836098	1.0212881840888	0.389685024022651	0.000814831957493156	0.00968867121845756
peak_31670	35.7492454686109	1.11376468537232	0.441264109964384	0.000815174345792991	0.00969048244220132
peak_51692	25.6920809104219	1.15428387539786	0.452215344108121	0.000819795926304366	0.00972954262070633
peak_90054	19.4642216302721	1.28655941552572	0.510744735754921	0.000819643343975319	0.00972954262070633
peak_84147	26.7356985320797	1.28907346227347	0.554687581465014	0.000821210075695255	0.00974179081419225
peak_22731	16.7406697415131	1.53709361321864	0.70505883577858	0.000824523887053054	0.00976973620852591
peak_9760	34.7288006583051	1.01985495616237	0.389941860451347	0.000825870565116818	0.00977660474414815
peak_13159	13.8803551559707	1.52243212027384	0.628311207889186	0.00082586379904064	0.00977660474414815
peak_52044	15.9131418386428	1.6489452469161	0.818743577022068	0.000825588876006879	0.00977660474414815
peak_54666	20.5312390714634	1.39319804627188	0.605545475578561	0.000825617680058353	0.00977660474414815
peak_51204	13.5338135692253	1.59774678405626	0.687111580996075	0.000843325240682156	0.00995318998181028
peak_88413	13.3283824618429	1.57829976602131	0.658974578234204	0.000852295070388102	0.0100474257708226
peak_103606	26.0641730535813	1.23571123755752	0.510140914838338	0.000853375795614416	0.0100555161347808
peak_88238	36.1532877651448	1.03639996645095	0.400464650855426	0.000862424299873519	0.0101457234317839
peak_96691	28.2342726100413	1.06803483840722	0.410886170094879	0.000863043553283622	0.0101483253246584
peak_82843	13.1111799153298	1.5793282923938	0.667686492634876	0.000863400718665638	0.0101501842383874
peak_80120	16.0146380757949	1.51373977079399	0.665565172341311	0.000864215892835124	0.0101574254292512
peak_51283	37.6493570219864	1.02438549572899	0.399586435205563	0.000873492578100547	0.0102593624941337
peak_62022	28.4269409378638	1.09888971482089	0.43269674440203	0.000876939757041262	0.0102951071730384
peak_71430	22.4138785707786	1.44151499933128	0.70359677367164	0.000883229022606163	0.0103474988388322
peak_72016	28.9105310747086	1.25782298299304	0.564010962757379	0.000883153582567839	0.0103474988388322
peak_81109	22.6093900286476	1.18897431818265	0.47102124009455	0.000888320515137212	0.0103904358304166
peak_90331	19.5105850221152	1.42265790696112	0.637192514050437	0.000888565017126838	0.0103909119181718
peak_53745	21.8684877310805	1.31773978603048	0.56844796958118	0.000891187244264326	0.0104144104597893
peak_70093	20.9298182935796	1.2692597991716	0.522750724976045	0.000891621311596679	0.0104170953696307
peak_99468	26.2594317419147	1.15874087170313	0.467251257528482	0.000892465589584835	0.0104197963248391
peak_64055	25.611123327488	1.11820661892783	0.439250935652017	0.000894708955405571	0.0104412064088598
peak_68189	36.1196940487679	1.15088157222298	0.486857915113723	0.000902469494980053	0.0105221380450613
peak_39642	20.0569677068352	1.24860078651284	0.500900157866707	0.000908269934383994	0.0105776726529242
peak_29787	13.4936254659113	1.66221150683978	0.787645044102242	0.000914631233443845	0.0106299038222858
peak_35389	20.6919876816229	1.43349439311838	0.695457801490605	0.000916234238422122	0.0106436816769629
peak_72882	35.7939511084542	1.11379614216306	0.466953549186653	0.000923313109686668	0.0107088358076625
peak_62252	14.3726613951495	1.60548750713447	0.742253029347037	0.000934815130824519	0.0108200872327398
peak_91754	23.2201525371645	1.25512262298285	0.527641729841482	0.000941124586096847	0.0108807660196675
peak_7309	42.3009200266264	1.12458302188922	0.49504812643991	0.000944756065930708	0.0109153258050177
peak_20936	37.0575576106401	1.00011636189734	0.391342545063165	0.000947172163359234	0.0109407611964282
peak_20149	14.487826824233	1.53935838307838	0.665251432113099	0.000948207057218842	0.0109502201594099
peak_50880	27.0507719335963	1.13178930304555	0.457905638175301	0.000948420590435694	0.0109502201594099
peak_25314	15.8116432172769	1.51947579401018	0.69544412355219	0.000950553572966759	0.0109701677681891
peak_38998	30.3668968185324	1.03579515596751	0.403096382446146	0.000950663625173943	0.0109701677681891
peak_310	14.3335292725822	1.45743543180488	0.611172455933709	0.000951879554865716	0.0109777269813127
peak_4939	12.6760453645239	1.57621083879426	0.674099181136734	0.000952198110983748	0.0109789174325232
peak_72855	34.8781533234928	1.79496744301211	1.01317672284467	0.000959197900334834	0.0110421458899236
peak_1227	21.7475451215373	1.24151778125921	0.507209321657638	0.000960373926393937	0.0110531884900951
peak_10376	44.0873679681	1.08294371417212	0.457160144888877	0.000962475604795467	0.011069320293336
peak_30279	28.1669421424961	1.14692400582069	0.472753069773343	0.000963494303848679	0.0110741029251643
peak_48914	27.3642418885673	1.13879017131897	0.457489718982174	0.000966745606787629	0.0111039629438329
peak_81570	34.2957024890876	1.0006681945266	0.389672554516747	0.000966567740630599	0.0111039629438329
peak_19501	37.3169822426702	1.06125151618978	0.434232263572753	0.000971089124089457	0.0111488291107465
peak_89155	16.2930546484416	1.45522635959947	0.634735169446284	0.000972452295581729	0.0111569425613254
peak_30200	14.4294534907193	1.4398616843638	0.599466732911168	0.000979686334013714	0.0112247836912412
peak_101046	27.2339490247824	1.26340395048348	0.572158569070208	0.000982101275914186	0.0112398239402381
peak_85692	19.1112025538177	1.3087245362465	0.54747775716995	0.00098384238471391	0.0112572234800322
peak_51819	13.5926837935554	1.51740290864242	0.648920268361161	0.000985165387978537	0.0112698322798909
peak_72527	11.8911180631478	1.66736236210132	0.756145822970168	0.000986333002243782	0.0112806582441457
peak_14190	10.9526146775216	1.70192321156904	0.738980823901654	0.00099036432768776	0.0113143124385886
peak_87843	15.2079466886624	1.44498907300139	0.619365142945679	0.000990012939587694	0.0113143124385886
peak_700	19.7679609840446	1.36351603893065	0.603885134552636	0.000990903905297388	0.011317703072467
peak_28083	14.0760698494254	1.61296091480825	0.765939243237149	0.000992525190545687	0.0113311440584779
peak_28976	15.5260392625773	1.4288522743111	0.607518605278064	0.000996781541703434	0.0113771890945358
peak_50397	19.1087760184963	1.32683203266289	0.565617552493416	0.000998387778497484	0.0113929720847074
peak_7581	32.3291498880807	1.03899072621735	0.412800423812938	0.00099980222797925	0.0114014574805972
peak_29300	37.2533365163578	1.03206939949561	0.416204709529891	0.00100022102195741	0.0114036826980144
peak_64501	15.5561036838819	1.52962361687533	0.728795104165694	0.00100150575166113	0.0114132258055866
peak_97083	20.0296078114291	1.3135353689808	0.563330710903532	0.0010041716381954	0.0114359381606055
peak_11051	15.32205052346	1.51272849010794	0.699989228468396	0.00100522535557278	0.0114453818622674
peak_73429	10.5480202243336	1.81536269132592	0.890972092358969	0.00100841165757777	0.0114772337858151
peak_15497	26.3902985860237	1.10201274543233	0.439596743735434	0.00101161179857466	0.0115078177514787
peak_69886	23.6030417228568	1.16431799266784	0.474845001061873	0.0010130695250098	0.0115218297573387
peak_28143	13.6367005914945	1.52898341585847	0.673666735618956	0.00101465625366436	0.0115350999075301
peak_38996	28.2021772984599	1.09090868934604	0.438845497554481	0.00102217950308828	0.0115969835657452
peak_89444	10.0415768045059	1.91776835787332	1.21146839105071	0.00102526453911049	0.0116242245477179
peak_79761	16.0311206540641	1.43428352461651	0.62948080001869	0.00102996108328941	0.0116619133450131
peak_94560	16.3162465773374	1.53297417975152	0.757696671031508	0.00103561182355078	0.0117180879794851
peak_87557	27.1195557872423	1.11720338771869	0.454412740974968	0.00104232967308967	0.0117784177110261
peak_25589	29.2124828355298	1.18500581341754	0.513966453445963	0.00104617643406076	0.0118140313769705
peak_62754	16.8429334812796	1.45605598058496	0.646156879996451	0.00105739252319605	0.0119090380357132
peak_84269	14.9702770903351	1.43069315311146	0.604284250924086	0.00106272866830629	0.0119652246795832
peak_102272	9.92332954291156	1.78641364805059	0.804300305323606	0.00106344124731706	0.0119692307805094
peak_73983	19.3380851569062	1.27223735998059	0.532214261894429	0.00106526933313493	0.0119861667127325
peak_40585	27.7279270874163	1.21713235902011	0.551026957804552	0.00108664627621583	0.0121846815568815
peak_64814	20.527341740608	1.28237838131673	0.559758424790036	0.00108702571637929	0.0121862561951
peak_82799	21.7399883559301	1.21470687925742	0.509572287727137	0.00109236100932916	0.0122379956980128
peak_22318	33.5779802708459	1.19599151420025	0.558620709690226	0.00109273270866352	0.0122394705368889
peak_80496	44.765103758115	1.77152893457089	1.12139776364641	0.00110144616857445	0.0123181255430878
peak_92196	19.3572604272533	1.31817759267975	0.571711084975794	0.00111006440948455	0.0123927619842302
peak_101369	27.4326549702644	1.1167045751186	0.46105639182557	0.00111846753817703	0.0124647400877583
peak_81424	22.1688063365941	1.27407128494782	0.562991071328179	0.00112895918079668	0.0125487492461521
peak_42647	22.0976923061716	1.27432673040924	0.561128569773408	0.00112922190435598	0.0125489337435689
peak_69409	16.9059077814897	1.38149909382077	0.613678539992725	0.0011316145996515	0.0125700440038848
peak_13160	19.9718659034338	1.20761074731447	0.497916568509344	0.00113268471594475	0.0125763457261812
peak_36074	13.5873361560792	1.62057193623377	0.816499347909497	0.00113316856129284	0.0125763457261812
peak_9869	14.0011047185541	1.45523759690852	0.62869646444221	0.00113621584119818	0.0125989542783563
peak_87226	15.3062340584008	1.43910977979152	0.649018674910472	0.0011359741606236	0.0125989542783563
peak_102222	14.9422683756302	1.41815336143506	0.619694041226638	0.00114004899315773	0.0126307122914255
peak_26399	21.1546794782422	1.26297671927838	0.549176598861453	0.00114611200375324	0.0126787636743414
peak_105176	14.187378143787	1.41773138268401	0.607589359531624	0.00114612681471461	0.0126787636743414
peak_17758	22.5629267417232	1.20666560776102	0.512462864342779	0.00115470575365956	0.0127515329339584
peak_93170	35.4091148320968	1.14239750821932	0.518048543521944	0.0011571758413269	0.0127732772127935
peak_98368	14.3087492591448	1.60273163378604	0.893967860161165	0.00116123382780537	0.0128152960918798
peak_81243	14.9222179053461	1.48487058155465	0.699914231361142	0.0011651071000171	0.0128441406705886
peak_49599	18.0295402656148	1.44081857480158	0.736858015651263	0.00117186324492522	0.0128990974537473
peak_67881	24.2010149586318	1.18868467472413	0.505745957824226	0.00118003408953856	0.0129722333094465
peak_40976	23.3703914318733	1.18696462062499	0.506913080337386	0.0011807309399613	0.0129770958622261
peak_74876	21.7406766759453	1.31650479792317	0.614204150086616	0.00118124031283732	0.0129798962479145
peak_82816	15.3125193236051	1.42188261738981	0.634215903907266	0.00118328131413315	0.0129995218880398
peak_66081	11.0231982339536	1.77979549063577	1.07264163674895	0.00118827720519871	0.0130378875030459
peak_24148	17.1339957569703	1.33395003743603	0.585618536429072	0.00119583557851652	0.0131120156572566
peak_65883	18.5811034804073	1.24676091663702	0.525260761274573	0.00120032163966893	0.0131527184870321
peak_62878	16.7452309035869	1.39232565659269	0.635589593391332	0.0012048035871355	0.0131898597294222
peak_85730	33.8018647277212	1.03033219234136	0.42612635642889	0.00120622554322112	0.0131975569842644
peak_83563	17.511296079016	1.39787772179272	0.659860257561333	0.00121510330183283	0.0132832883677635
peak_79989	8.74199381164628	1.91623327898883	1.20286650345862	0.00121834746106122	0.0133158978884603
peak_85695	21.7570743040058	1.28230903824402	0.587796435400233	0.00121885866295857	0.013318630044922
peak_16933	19.4376637389301	1.21290728294604	0.507534506649225	0.00122068840479832	0.013330053331987
peak_18264	19.1883889765945	1.42280692307962	0.720462613647226	0.00122280487468197	0.0133499714281357
peak_727	29.1498335166061	1.0506653416801	0.429646254992298	0.00123260756615249	0.0134285746512502
peak_14209	22.0960949961775	1.25099154133801	0.564274721510516	0.00123291681024316	0.0134290742335095
peak_94887	27.2932890805766	1.04444983487461	0.422723045927573	0.00123423389097822	0.0134405487324681
peak_32110	81.1548747728991	1.31199217685074	0.624598756170362	0.00124278487681395	0.0135134633672928
peak_48518	24.602614982533	1.16552586630832	0.501562016369611	0.00124835397094299	0.0135711248534113
peak_49509	16.4995326575534	1.36457158209578	0.609456384490306	0.00125105749355314	0.0135918213011507
peak_48780	11.4211680177073	1.62036490206386	0.760052424294699	0.00125605420000424	0.0136344857231033
peak_98408	29.3288924511894	1.05177350211686	0.43320643716914	0.0012681411839561	0.0137364449554251
peak_55627	24.6093259818324	1.14891438562492	0.493417617034537	0.00127166483224069	0.0137658393071388
peak_92860	13.7352438836891	1.43864460943714	0.641028081709013	0.00127310279475731	0.013778479960411
peak_10321	27.2038917863788	1.92199581224246	1.29023992965946	0.00129453860452997	0.0139572643743821
peak_13367	16.3082372309069	1.46363864257631	0.741630660211963	0.00129684910661108	0.0139731928465073
peak_19529	16.139056628925	1.32908230899568	0.582029688533399	0.00129636839831046	0.0139731928465073
peak_18890	30.567953660209	1.00544021387917	0.407868344762346	0.00130075279297301	0.0140088953727551
peak_96652	20.4284900157497	1.22620662333732	0.532288459584696	0.00130366970240567	0.0140288947756132
peak_2600	13.6028184954458	1.49195996387362	0.672039030375158	0.00131889082870507	0.0141657821344758
peak_93892	10.2751245233751	1.72339560240722	0.808093325332435	0.001327780908222	0.0142552616101509
peak_85689	16.0270872318577	1.45404764308291	0.722858025895555	0.00132976013709288	0.0142705010207993
peak_98544	18.7830592609124	1.21855799889546	0.525254698986622	0.0013570218110631	0.0145080968879981
peak_70021	17.0880654605863	1.31195251430626	0.580398809049061	0.00136177945380941	0.014540667483126
peak_27683	9.41508799199914	1.80202157011345	0.902344802626875	0.00136298534940865	0.0145444058235558
peak_38537	10.512129543131	1.64895636525118	0.773769634534604	0.00136482186128084	0.0145579095019383
peak_82501	16.9160451778431	1.36143827708492	0.636885273403118	0.00137006425494794	0.0146016087171354
peak_69348	24.0122634355579	1.7094612055491	2.33240195073954	0.00137558085451686	0.0146370955514872
peak_23626	11.6183865942401	1.7002437205631	0.954288376554325	0.00138556891490194	0.0147299033976627
peak_65524	15.6370931214245	1.39853437987487	0.663330550208584	0.00138934396208741	0.014760796518118
peak_100813	13.1601181555408	1.51600623393671	0.732264690776214	0.00138963290485557	0.014760796518118
peak_86674	19.9385253774183	1.20856489382748	0.524400220384322	0.00139336175040459	0.0147866036794303
peak_75799	27.0917307597756	1.02195979908595	0.418857894788139	0.00139427659001778	0.0147898159054043
peak_6813	15.9176241582077	1.32379494096086	0.578175813147102	0.00139596865480727	0.0148034230104001
peak_85199	27.3199200551057	1.98767263397609	2.0993492348909	0.00140031392437824	0.0148371583018182
peak_103519	9.60096598288892	1.77686217000284	1.1158583316839	0.00141955798298385	0.0150075230563319
peak_89469	8.6865736101493	1.84187217078052	0.901623925807043	0.00142157179120314	0.0150249293835579
peak_94885	13.1445083999082	1.45302219519701	0.657405162739327	0.00142574240879812	0.0150627647026484
peak_8053	23.6846413803321	1.18770332411456	0.536537223467254	0.00142876396950279	0.015088434082243
peak_33492	20.5140279088787	1.32730863781042	0.67351462891184	0.00143892481727798	0.0151831582644319
peak_37063	13.1535588211981	1.4978748098241	0.723176824346148	0.00144004010279135	0.0151917824707055
peak_55390	35.439063936936	1.02681452435185	0.44785536579643	0.00145737147901764	0.015338145685727
peak_74825	12.34962413311	1.5923532809979	0.800456707421553	0.00145861572432445	0.0153464674619081
peak_49275	12.2059320386735	1.66292423757257	0.989346734183579	0.00145948333359736	0.0153513854464597
peak_96058	12.3746812130051	1.59900444129974	0.865739149885612	0.00146638155782654	0.015405920071573
peak_90761	34.5563019661549	1.0671116726582	0.474991849191401	0.00146958118811306	0.015423644803856
peak_8720	18.5528221558013	1.29449565770254	0.605654090586568	0.00147078408520485	0.0154304132913066
peak_21871	19.571117850299	1.24617217733895	0.563740265053915	0.00147092716958169	0.0154304132913066
peak_69201	22.5550264917817	1.13464042228074	0.489058325095754	0.00147113401735852	0.0154304132913066
peak_38983	21.8090545105	1.26112032450972	0.606443587596922	0.00147517457334926	0.015463250574997
peak_50134	20.6019298771052	1.17432903131741	0.512483333995666	0.00147641335722273	0.0154698749345167
peak_412	18.3038814676139	1.36873753094973	0.700308236089176	0.00149026434699002	0.0155957754506636
peak_49098	16.084997143361	1.46158988372859	0.818046933666217	0.00149483967261738	0.0156340298560143
peak_64268	23.2145910967609	1.158728628376	0.515390228914412	0.00149645545244392	0.0156380974991403
peak_65164	22.3136995801235	1.1610045779158	0.510702818211167	0.00149609288122058	0.0156380974991403
peak_5013	22.9723940749362	1.11876094771746	0.479385987347209	0.00149998253857576	0.015665323578825
peak_32889	30.4210520280596	1.01782076429255	0.430360112757505	0.00151047075524823	0.0157525882764374
peak_77751	18.9662173606027	1.33721173171863	0.675632138341487	0.00152267378658874	0.015863311336946
peak_55428	28.6733125531528	1.08873173008499	0.480641871018511	0.00152395501960926	0.0158734158589985
peak_36237	9.50199856586023	1.70351412773689	0.798734121278044	0.00153067551244074	0.0159303983827931
peak_67042	18.2627488302429	1.29666972007986	0.612672297327914	0.00153359139585545	0.0159533110118142
peak_13988	10.2228798574803	1.67374098923024	0.817742945508732	0.00153655755065908	0.0159753106194746
peak_104507	14.7214424258707	1.36510049909826	0.614807452301496	0.00154983886654766	0.0160937035539306
peak_41161	21.9424639599812	1.16922179582958	0.52083127565504	0.00155031545378499	0.0160953744098313
peak_12600	20.8808093802203	1.20692549857809	0.549507907633483	0.00155812002784957	0.0161566621395034
peak_77350	18.281268825651	1.34113840980055	0.665783049224995	0.00155807729423829	0.0161566621395034
peak_27651	12.4304859748819	1.47895240729063	0.700837335501154	0.00156021999089349	0.0161652868229416
peak_93433	24.7355688773226	1.12139609350077	0.493815864714824	0.00156005537113325	0.0161652868229416
peak_1225	29.1597516910593	1.00823883650734	0.420895271012838	0.00156368402573521	0.0161873863025961
peak_85166	23.9216842035031	1.13015124312768	0.500764103003905	0.00156394039396282	0.0161873863025961
peak_93168	12.9113926253879	1.5090448852391	0.768158593126439	0.00156794400029665	0.0162123692555517
peak_15055	45.0012599361843	2.06659595143676	2.02851939522398	0.00157448804139676	0.0162635428036173
peak_98460	22.7796905132587	1.12319047434587	0.483482057775967	0.00157768653556777	0.0162866826690542
peak_37805	26.4591462936565	1.02812789809327	0.431842206791336	0.00159445888295727	0.0164365306523371
peak_6397	27.8500474664911	1.02477576865881	0.433603296336047	0.00159684909926654	0.0164511917913122
peak_4424	19.7594780013963	1.40496401467168	0.847689649374356	0.00159878058808723	0.0164620705386908
peak_94315	12.1408287818291	1.59239473410264	0.928538966710807	0.00160594667616976	0.0165156418472372
peak_40954	40.5411169713352	1.02806215215283	0.467469199644729	0.00160692456420109	0.0165182773851525
peak_8542	11.2917896115065	1.55970438870601	0.76333725623214	0.00160933368429078	0.0165330419559238
peak_5739	18.6458979346713	1.19670854261454	0.528338887620148	0.00162778758019722	0.0167057925853333
peak_80886	28.2065816337087	1.10606579665876	0.507293417845933	0.0016295250614102	0.0167202585592796
peak_63110	24.5457259358993	1.07646150374605	0.467140002074963	0.00164221404931242	0.01682337261769
peak_4026	26.394310248223	1.04792758833543	0.447356444214465	0.0016459493556381	0.0168582510740387
peak_96961	10.5728818970643	1.58347063552373	0.751293692801861	0.00166408710812619	0.0170064432340994
peak_48543	27.3191957435402	1.03498900178208	0.445237616014268	0.00166541005332674	0.017016552500785
peak_96807	17.2939197480495	1.38821319512544	0.777169385558601	0.00167318739747571	0.0170823253199232
peak_35564	14.7397882621106	1.44308328546282	0.757563707689197	0.00169036213612152	0.0172197410334249
peak_72243	20.149504535384	1.20472275308	0.547244633355392	0.00169653900342494	0.0172688635712964
peak_4770	27.4833792207407	1.12722013261467	0.532639938430911	0.00170177819876009	0.0173152790345205
peak_45162	15.8750847023276	1.38863052323596	0.676155942992497	0.00170394546139782	0.0173304135836483
peak_81057	31.2831891046554	1.00048305941529	0.430347460766945	0.00170721034214342	0.0173601568616922
peak_6909	18.5506186676549	1.26426333793816	0.599650194622638	0.00171095461080021	0.0173912942157615
peak_76331	27.6158557668528	1.1008218564489	0.502149154648057	0.00172672787619362	0.0175132181212667
peak_30551	8.06778098658085	1.82614104862337	0.877771000639256	0.00173191841154713	0.0175588769399765
peak_20110	17.5515081412104	1.27413255000554	0.604727137477293	0.00173510352842447	0.0175876716700298
peak_36114	11.7498734377636	1.61591089716024	0.933688800965162	0.0017404406810383	0.0176312554268665
peak_10265	24.3870792569883	1.07268047774896	0.471502775427552	0.00174650316811334	0.0176856426076319
peak_65965	14.9578780121257	1.44848227602206	0.745928885961525	0.00175328667000314	0.0177402409519309
peak_17794	28.3959884408111	1.00984977368896	0.435660671172457	0.00176741841310983	0.0178548831406415
peak_81095	20.9765128315093	1.14814404234378	0.516640739446575	0.00177195649411985	0.0178900938236029
peak_104071	33.2388257073364	1.0173021824253	0.44684240081503	0.00178071902424712	0.0179572270906376
peak_20439	25.9872044976226	1.18737394884103	0.597156895888421	0.00178706161130092	0.0180105007538622
peak_11611	28.9301831530464	1.58861608521913	1.88409635685969	0.00180374334230722	0.0181427615014551
peak_89884	25.0926700742462	1.0624654305008	0.466555962658303	0.00180668608648054	0.0181651936117722
peak_25391	11.2736137453978	1.59755140382683	0.854615969851794	0.00181516064553569	0.0182324233004891
peak_23996	14.0377635335705	1.4052349310603	0.7220355483737	0.00182767610804487	0.0183292474517655
peak_7000	13.3974269598188	1.49908491056555	0.855210863183805	0.00183285720851838	0.0183775924549692
peak_77007	23.8948014185424	1.10349150756037	0.494833952351254	0.00184007014419383	0.0184354129243204
peak_80601	14.3099279471806	1.35512177880842	0.658469496269461	0.0018397138924026	0.0184354129243204
peak_76605	15.5927392549208	1.37453717788041	0.708890138582182	0.001859203667444	0.0185760059157945
peak_12734	17.0285362076864	1.35376714018472	0.742587215409474	0.00187699880348136	0.0187207865794798
peak_57297	38.6430384797279	1.57025365652193	1.15150763102667	0.00189153935073689	0.0188510604645565
peak_10257	17.1241420433731	1.28264506777496	0.636959769746095	0.00189785571441498	0.0189066181037831
peak_55503	16.6967515830019	1.26582399364968	0.594902972259532	0.00189933972006599	0.0189177056001728
peak_60615	18.093431023556	1.31113282979118	0.708455987859741	0.00190217548845334	0.0189385509576805
peak_21859	20.3898162455091	1.1286758486502	0.504675558351813	0.00190879606328873	0.0189896343576272
peak_51687	13.2901152253268	1.40593993917024	0.691457546821639	0.00191275607866669	0.0190253182650995
peak_43739	17.9520573101293	1.29132305569778	0.666715843278721	0.00191925562425706	0.0190825209162189
peak_73440	14.2879242221175	1.38562442484372	0.695531085585224	0.00192170154749159	0.0191031146618067
peak_15048	23.2637429540762	1.07989221034787	0.479530166618613	0.00192297011511446	0.0191119988867887
peak_87043	13.0817023431089	1.4226708058619	0.709786253721984	0.00192647040764398	0.0191393258386859
peak_91874	34.3826163950322	1.00852788539442	0.455589930921707	0.00193690956542978	0.0192392891297492
peak_21437	14.3575407643481	1.35660083065444	0.656418457006983	0.00194094538901161	0.019271867887857
peak_62268	18.4708338760506	1.28371149997204	0.639608785785714	0.00194279088381773	0.0192864361375254
peak_51832	25.3313219199226	1.03286501303594	0.454032017577791	0.00194392724271998	0.0192902052155159
peak_23951	28.0368835216269	1.00845917285613	0.445061170153842	0.00197808407562295	0.019537891259146
peak_106692	24.2378122484239	1.06461977088616	0.47266347344442	0.00198364343260163	0.0195776314468886
peak_26792	47.3877547466241	1.47418251563142	0.950409526927601	0.00198703264019184	0.0196072858898435
peak_104191	19.1898708868578	1.24937283864178	0.624294573503852	0.00199658594531704	0.0196863142540968
peak_36076	16.3329154765869	1.30249874562033	0.638080389066088	0.00200342540935287	0.0197422976268391
peak_4233	22.3080814260499	1.23025878656869	0.671210722549518	0.00200587045464532	0.0197625721740186
peak_59796	19.6299256339781	1.1750909186644	0.54670327619322	0.00200915971518722	0.019782245296491
peak_8836	15.8575536018004	1.23329155051158	0.568872229049005	0.00201466996467037	0.0198262811848453
peak_54983	19.650325364462	1.29776584408979	0.810003759089052	0.00202954953836382	0.0199404098199465
peak_44618	20.2148381276338	1.11109486619612	0.500740746676145	0.00203961450485468	0.0200114701896796
peak_8878	21.5256522306448	1.12725258605337	0.525780321088862	0.00204098515084952	0.0200157085788062
peak_108093	24.7783084942595	1.08534629598612	0.496952036925594	0.00204869769914852	0.0200797579563219
peak_104267	25.3518254119342	1.04789919922818	0.475056135874336	0.00205776874750642	0.020145429600684
peak_51193	14.9385957594403	1.31783828535883	0.647052025066327	0.00206013674486262	0.0201608698797631
peak_58368	14.0545884077287	1.33967873374154	0.64247879068298	0.00206225287713505	0.0201738344577145
peak_2696	8.4341721732003	1.72611224330104	0.906943626592602	0.00206453236432936	0.0201883864840232
peak_30945	18.3210333539959	1.1685118145069	0.541586803509971	0.00207029136415558	0.020229182731475
peak_18067	22.0151524220011	1.10996386210957	0.515010753090988	0.0020784773683858	0.0202974999242517
peak_58941	17.4586532673336	1.22745102534303	0.594265828419034	0.00208574500246264	0.020356775401141
peak_80611	11.0905795608057	1.53999532379978	0.916063490705887	0.00209468652045817	0.0204205902355794
peak_88015	20.4879693858748	1.09177388498002	0.490818666445446	0.00209468378944163	0.0204205902355794
peak_14186	11.6110700694055	1.45174005635196	0.729468004951806	0.0021030972116174	0.020479089845593
peak_9009	17.1188378665002	1.32435350216582	0.770814699272786	0.00210399839883459	0.0204839530958527
peak_91821	19.0977773976443	1.13267626126899	0.518705302543609	0.00210976803416006	0.0205244481949408
peak_71698	17.9370772149837	1.27393658034213	0.683920745550814	0.00211362539697611	0.0205502106197986
peak_66985	13.9553226147239	1.35937674190103	0.673884600583736	0.00212372859777519	0.0206287723921063
peak_18009	20.0766251740949	1.16343682002233	0.565224972128967	0.00213792991452077	0.0207430056368708
peak_10096	20.9123884263131	1.17919277629843	0.58995972196455	0.0021537030118761	0.0208642792634457
peak_8394	18.0607812631346	1.2447802825717	0.632070652654352	0.00215430385540148	0.0208650142311439
peak_61325	10.8869184638728	1.52496286872754	0.774278330260868	0.00217409360679301	0.0210338399688706
peak_25813	12.8982362358982	1.47365445594999	0.983225507258654	0.00218744291052416	0.0211429351465028
peak_85567	12.7578737104177	1.44885594083976	1.0995821232837	0.00218744327654262	0.0211429351465028
peak_77178	16.4349266917218	1.30664466796609	0.69608993356256	0.00219485592210036	0.0211944931901911
peak_49273	9.70270436553895	1.61628578653478	0.9440078762258	0.00220344116303491	0.0212612890118277
peak_56	11.2811283266664	1.5000495443073	0.839613768250356	0.00221145777917136	0.0213203289978143
peak_29296	14.3239330315647	1.34958244493326	0.701019086297857	0.0022120841302715	0.0213203289978143
peak_89436	14.7799057013506	1.37120854225186	0.88357630552005	0.00223036339358491	0.0214500904460694
peak_4864	19.9415722714815	1.18212626742646	0.58742726703818	0.00223923773924637	0.021517108061292
peak_93601	20.2583319325981	1.16273303938359	0.572655829234657	0.00224405497227376	0.0215512124347993
peak_63908	21.990876911595	1.0629977528106	0.479384093301475	0.00224616003416258	0.0215673663845223
peak_79236	12.8654287419705	1.4288286712452	0.950807433037437	0.00224852778650797	0.0215860360992083
peak_105024	18.2089428834911	1.20127428474631	0.594935914900447	0.00225178406465756	0.0216132270934922
peak_5842	17.3004522844705	1.25017865394694	0.647435121258846	0.00225557738695024	0.0216333462473749
peak_17764	12.295971366523	1.45200982715618	0.824784997242971	0.00226175711295475	0.0216702763707867
peak_87417	16.4590395390419	1.24988607917345	0.623159819682279	0.00227157224589202	0.0217513869808248
peak_13101	38.8088695548691	1.48164532783188	1.27817527960474	0.00233587647244155	0.0222237353655355
peak_8758	23.5067064623269	1.01966565607459	0.462339579139547	0.00238217722958001	0.0225850842844069
peak_82274	20.1694147457677	1.23802552638635	0.739829933504019	0.00238364155449396	0.022593855418745
peak_52187	9.00466425258346	1.61016311146917	0.83895545633388	0.00239989593306874	0.0227352460132744
peak_86874	13.9275546211984	1.29173129804584	0.641916372397442	0.00242496309201905	0.0229258609697169
peak_6539	24.6751233363775	1.07151526084785	0.513914485285128	0.00243050679421493	0.0229697533660505
peak_27081	20.0796107163619	1.229716315575	0.703151559073355	0.00243500193023638	0.0229994457975235
peak_86964	15.9852824790736	1.20099447649449	0.572884173144896	0.00243548274144601	0.0229997264410754
peak_55912	36.2828658929919	1.03008430034235	0.525738905351144	0.00244084509370506	0.0230375653364765
peak_78815	14.3003390338666	1.3562970536637	0.764090998277872	0.00244393983711997	0.0230625053739402
peak_104152	14.8857063291933	1.25950279206196	0.611427100600343	0.00245559875982509	0.0231478522488127
peak_62608	13.1312525048725	1.30766892967979	0.648290151019733	0.00248142481363509	0.0233470982742201
peak_67997	16.3807632017044	1.27055880984606	0.684831727723815	0.00250712945771761	0.023558515026021
peak_87528	8.91648176054703	1.64622444449918	0.92598246001268	0.00251128236073582	0.0235826319186945
peak_25259	17.1799619987936	1.15590529308343	0.551730334402948	0.00251876280756192	0.0236329850030092
peak_51183	12.5912972694304	1.38498495709556	0.730586854675713	0.00251818004783496	0.0236329850030092
peak_71768	22.4972198433896	1.10060666022183	0.545172094733994	0.00254993090294687	0.0238669780582758
peak_62876	8.47550979293412	1.65606223516686	0.933375800550477	0.00255290445559297	0.0238786253114774
peak_96390	17.4605207071062	1.17417587202951	0.586448057164713	0.00256738206329032	0.0239876382405938
peak_16276	20.6035307315906	1.09079454336991	0.522448066996436	0.00257525745445163	0.0240435957833127
peak_78818	13.2650575756497	1.38829768444894	0.762738312031623	0.00258182495486326	0.0240784574992972
peak_32896	19.6501895485633	1.11961384298432	0.547801098643093	0.00258571918999572	0.0241103655122754
peak_63492	9.65401743101238	1.53685559857684	0.850592645783805	0.00258868095632959	0.0241335687034962
peak_8403	12.1882145968766	1.41332007261834	0.867171749405369	0.00260493365379075	0.0242451893523504
peak_76873	13.8404742532984	1.26922186335227	0.636727636118163	0.00260906610282858	0.0242697292038272
peak_74783	14.0978785321199	1.2751218166088	0.646050497243052	0.00263604688295196	0.0244766866461826
peak_3920	23.7986585744552	1.13529480654629	0.631438049949229	0.00266185697858177	0.0246669283733133
peak_11014	26.6763758167629	1.05257128554614	0.529758569314111	0.00266613505800384	0.0246975948523589
peak_11070	24.373893159281	1.1042847151881	0.578264314208345	0.00266961557755918	0.0247163645973184
peak_68971	18.2929859583532	1.17251912380528	0.591055007209646	0.00267994599183348	0.0248029998801274
peak_99996	11.10261283469	1.45565438854737	0.852683643274592	0.00268596852589545	0.0248497171586473
peak_2254	14.0360622489174	1.26912607608851	0.645731311213671	0.00268969943196175	0.024861677889413
peak_80576	14.0818545953617	1.32402948058475	0.794295829871572	0.00271774229032543	0.0250754267851126
peak_26040	14.1345581270893	1.31846751927289	0.747290603374925	0.00273505801583121	0.0252078214018746
peak_53816	14.5013862838871	1.29273602533834	0.718181671456967	0.00273714317199881	0.0252179222565109
peak_9197	11.652887870118	1.38092326723737	0.733713512001307	0.0027619900398339	0.0254146948512852
peak_97786	17.7438314255461	1.12860568115161	0.554232907014806	0.00278259579241619	0.0255538997213671
peak_32921	16.9279704506248	1.20533958563047	0.622531460912782	0.00280242878152154	0.0257079226078908
peak_60757	17.6407299593234	1.1144675365353	0.538474826799293	0.00281377372167213	0.0257795268595104
peak_65094	25.5186759148201	1.12047784907101	0.62625593798689	0.00281534937835581	0.025789328674964
peak_15363	23.9893437578345	1.03563011490404	0.502937609301661	0.00284851762663588	0.0259904294401677
peak_9004	18.4380665952378	1.1907080084391	0.646933859912031	0.00286357019048957	0.026109082570154
peak_79096	16.8067922544117	1.24378660393306	0.824100487004043	0.00286323140479823	0.026109082570154
peak_25603	20.8127547309384	1.0835235089698	0.532166020006137	0.00287012476013879	0.0261361280622319
peak_38054	11.4717264340347	1.40063233568264	0.812627414487178	0.00287280685313022	0.0261512105362788
peak_52205	9.36625735177089	1.52501915699421	0.891415365799518	0.00288081988120383	0.0262101146436579
peak_90013	11.2428610327013	1.41098925994875	0.802385368809594	0.00288341424417969	0.0262196822995801
peak_99329	15.2689414518703	1.19950872885251	0.607564684526042	0.00288522130210957	0.0262230189053209
peak_82557	12.6387798268189	1.36892428213424	0.819822374585051	0.00288955394753645	0.0262474251860135
peak_91675	13.942827383877	1.2320690931314	0.623061470060282	0.00290447422783457	0.0263407191356054
peak_75560	17.5949826648699	1.24046290143956	0.787427777307138	0.00290872720363353	0.0263652204807927
peak_98692	21.2753839415648	1.08334204294578	0.545269120997769	0.00292493145908923	0.0264945235452083
peak_8938	19.3623650748877	1.16892517948225	0.639157929661579	0.00294771219916063	0.0266475273380149
peak_82588	19.9008470786643	1.11383767756516	0.570502295076419	0.00296059038824492	0.0267402411931011
peak_42406	16.8933003589435	1.20764822703631	0.666565508184509	0.00296994553241354	0.0268152369250287
peak_40396	23.0138739571798	1.04126522542377	0.510347540692213	0.00297462217506903	0.0268384509322367
peak_34602	15.3720861375409	1.26608961339087	0.780304884793731	0.00298604845180021	0.0269207275583348
peak_54939	15.1247865786801	1.27059346036409	0.730064269865299	0.00299523954682943	0.0269910363263778
peak_54306	17.8193378889529	1.12128095784764	0.564963998841223	0.00300239818049564	0.0270403128212904
peak_87671	16.0618410163408	1.24397995372189	0.741989845162474	0.00300313164866793	0.0270403128212904
peak_99217	13.1854099999124	1.33619751587544	0.751798269310933	0.00301100445710565	0.027085428619459
peak_38978	10.8094265498822	1.37846331688002	0.730097911213555	0.00301214971918995	0.0270907506760661
peak_95411	12.2184151071773	1.30861882457489	0.697278988566492	0.0030224994750825	0.0271359672894095
peak_68813	16.8531985708101	1.15619947059282	0.592896549081982	0.00302313579263576	0.027136901676642
peak_73180	16.0702968638865	1.20524551134491	0.659579434864494	0.00302868801934051	0.0271819551758661
peak_68512	11.5920168277519	1.40748282062575	0.935418342556545	0.00302944278115223	0.0271839439704026
peak_84468	9.48813191170503	1.50402384090863	0.840945884697569	0.00303010651237724	0.027185115368655
peak_83532	122.508278925159	1.13468987867972	0.637337094758651	0.00305279738575255	0.0273405809783909
peak_12043	9.85074204172059	1.50352849875402	1.03612639936275	0.00306810427428471	0.0274370081428712
peak_11608	31.1957015135345	1.38733490627216	1.54904097119552	0.00307880180679595	0.027488608100558
peak_87807	15.7808730408577	1.24539887167407	0.731261734381884	0.00313081965646227	0.0278291441778914
peak_80610	11.6270789418272	1.34673092687511	0.738241281263573	0.00314377548896162	0.0279151057262621
peak_11500	17.8554364727186	1.14125511823051	0.590400692299122	0.0031581292865802	0.0279986749792346
peak_87530	15.2128626184105	1.26831282826112	0.801147803053292	0.00317778034582192	0.0281142302120556
peak_32616	24.6732222111462	1.04072724260753	0.529380800558277	0.00318202372341795	0.0281420054747941
peak_76301	12.5764749786162	1.30726683097503	0.733907236618241	0.00319468672900819	0.0282148445461998
peak_5736	14.2135684808199	1.22164601309297	0.648870818101833	0.00319959085048802	0.0282337035484566
peak_81182	15.7010693607522	1.19165777995479	0.634679460820465	0.00320537777714819	0.0282652086045959
peak_36857	10.8931393098407	1.36215676766631	0.737940162604254	0.00324249117939775	0.0285455417092391
peak_58165	18.0197484575295	1.13836888006086	0.611410830333602	0.0032427681634157	0.0285455417092391
peak_89819	10.5173739551716	1.43650567600828	0.882352882515251	0.00324497685314538	0.0285551242379134
peak_18989	18.1374524693947	1.12347264813157	0.588771600541047	0.00325399757551002	0.02861790883292
peak_102674	25.9045019431819	1.00624904869308	0.512834812460656	0.00325716324005481	0.02861790883292
peak_75815	13.2784709337881	1.28327127330509	0.750554373877654	0.00326081810629863	0.0286401502097747
peak_68453	18.8095760665162	1.10221511455574	0.572850919437024	0.00326212553739328	0.0286466986995408
peak_60211	13.6387966775381	1.29741658790872	0.751486905613162	0.00327169230656053	0.028713475767377
peak_12642	19.6665390776781	1.15627627194761	0.667022957725206	0.0032856850127243	0.028798301070704
peak_73438	9.63254052556507	1.45892452993469	0.863079946258802	0.00329934740885703	0.0288840190570029
peak_20957	15.2831772606238	1.1668819393939	0.605134493324806	0.00330996505357339	0.0289521149805272
peak_91712	21.6151118579269	1.00569445959572	0.487793757243362	0.00332088394013564	0.0290078102744142
peak_69537	14.3680540511982	1.24607851524394	0.727192761524126	0.00334277864129041	0.0291617251964217
peak_53293	23.9637063906715	1.00344029549077	0.490348808007054	0.00334548724218333	0.0291727402992918
peak_87697	12.7143627592469	1.32452324708833	0.793820372308561	0.00334846070497954	0.0291886848186163
peak_32505	13.7941685497961	1.22238338638899	0.657405687089633	0.00335582957631539	0.0292429203175554
peak_29145	16.4981905050577	1.16400937501254	0.640463247903855	0.00337834792583203	0.0293836858201881
peak_36797	23.8516538114854	1.06310630426041	0.59294015426746	0.00337968273543011	0.0293836858201881
peak_60950	22.2402887203645	1.01532737057576	0.506443750127405	0.00337978276930188	0.0293836858201881
peak_70023	29.2067032580161	1.00222073164862	0.535784256011863	0.00338118080190401	0.0293836858201881
peak_95608	19.6711302578309	1.02719946173398	0.500419400418127	0.00337892912695113	0.0293836858201881
peak_1993	13.5933128808189	1.29961639382768	0.817020123678059	0.00338713472473867	0.0294151679569964
peak_9770	20.8956321931166	1.06300936828389	0.546639371844235	0.0034017854202065	0.0295072186857177
peak_8073	15.2007774502206	1.2158445387241	0.719009550036179	0.00343528446693986	0.0297269880908682
peak_4790	16.7223363892723	1.19977819190359	0.82912178800236	0.00344692482602754	0.0298044279698675
peak_93176	22.7610029178218	1.06020284607515	0.580146658009753	0.00346091324638033	0.0299081564033809
peak_11609	12.5649567120172	1.24995895028632	1.15014536362553	0.00347553450123786	0.0299938392146435
peak_18017	17.2725779026907	1.18147628304814	0.732809887575713	0.00348763775503563	0.0300575893472357
peak_42596	19.6034443015391	1.0717796802286	0.558558415047961	0.00350866376877945	0.0301979064248742
peak_17644	14.44364325445	1.20334813790975	0.6623823011609	0.00352178745378951	0.0302751399627233
peak_40663	12.3987681723237	1.28211702784228	1.04862333115121	0.00352373845905714	0.0302771818734872
peak_59429	17.6125395223634	1.09621965421484	0.571843625808344	0.00353368190439479	0.0303364717254542
peak_46692	8.32310976192932	1.57474385492273	0.94337897017179	0.00354095479420256	0.0303835612819272
peak_7104	14.2361451636942	1.22872289852648	0.704105190593569	0.00356189968467552	0.0305119316738687
peak_20627	17.9756845060038	1.12370587730017	0.605856353072075	0.00356318725102755	0.0305178338956645
peak_59232	12.6952210644859	1.25888540711177	0.71811223042254	0.00358267201619683	0.0306538203419721
peak_45012	26.5281451798121	1.03010320208543	0.575876038685048	0.00358652555983135	0.0306764959224226
peak_43734	20.6615637733357	1.02300649523199	0.515081986767347	0.00359027930387493	0.0306931556987537
peak_79960	15.6501022708087	1.17733210453955	0.648245028627733	0.00361267115346522	0.0308432102194537
peak_105864	18.608042080156	1.09427024565697	0.579501092691307	0.00362513586400508	0.0309133930694368
peak_32730	10.9652501235435	1.35432731210988	0.787638646290237	0.00363120820573635	0.0309496458672139
peak_104492	11.1796456574901	1.34309577554762	0.827042698578349	0.00363976093351578	0.0310018127223915
peak_96931	12.9319022910203	1.27939844144113	0.743632841579708	0.00365001832827645	0.0310528674262478
peak_89428	13.2855541400131	1.24386486720857	0.701361768040134	0.00365682092477792	0.0310951753953848
peak_87339	17.0162448410564	1.17864761260926	0.687693818444188	0.00366138930674959	0.0311236404124599
peak_35270	7.90934765846976	1.5686946713285	0.949876208803336	0.00367048410348708	0.0311860645952527
peak_40918	11.9995129468416	1.25630400863281	0.684764455969442	0.00368348537063539	0.0312697610901125
peak_68486	21.2285796824216	1.05500052203192	0.572304957555459	0.0037014690911334	0.0313996770501013
peak_85208	22.9103112561815	1.00927646747923	0.522341295523157	0.00370203699780423	0.0313996770501013
peak_27784	14.1731009725987	1.22583840777594	0.765580532032353	0.00373972945236778	0.0316313612903822
peak_36173	12.5553870664241	1.23203712426972	0.680148151540515	0.00377798065925934	0.0318914109094365
peak_15616	16.8182476510363	1.12464788759983	0.605853436878502	0.00380210687662421	0.0320420200349689
peak_91133	17.6738906810552	1.07862301635023	0.567000763653147	0.00382169978449121	0.0321964945822982
peak_19531	22.2387907732372	1.04922496966312	0.586061491590695	0.00384095378067172	0.032321318610551
peak_61614	19.0036113742147	1.02000722037645	0.513582243722107	0.00387108692355751	0.0325158546761949
peak_89504	23.2802362337959	1.06614477529053	0.746302241547792	0.00388899724459978	0.0326394096317966
peak_7497	11.2739075837413	1.28988418168014	0.751394066171327	0.00397835735147174	0.0332198702787648
peak_74956	9.89639925040747	1.35618266227165	0.782786173863873	0.00398393757729491	0.0332610187188404
peak_98385	10.3807301388163	1.3688931734582	0.895673845063035	0.00400291337544855	0.0333921042802061
peak_78379	13.4223668976362	1.22143667808834	0.741131038234383	0.00400702918487273	0.0334004865806291
peak_90143	12.7522311077538	1.24636706082364	0.789389928845649	0.00400719366911913	0.0334004865806291
peak_12964	10.8887088791376	1.30834887421498	0.746554929382584	0.00402502108792727	0.0335107323953397
peak_101711	15.3714295462819	1.10776562013785	0.583756014503677	0.00403116161185528	0.033539948750335
peak_87392	10.4699869473405	1.36142015176032	0.930833202359328	0.00403464080840738	0.0335634191968443
peak_13118	14.2372889891781	1.19347769911961	0.70466721895173	0.00404667045245261	0.0336196088787272
peak_27763	9.9795056995229	1.32989689035984	0.761788658431	0.00405725876387795	0.0336746533184244
peak_50395	24.8626680351875	1.00782648733121	0.569873222100113	0.0041033691320875	0.0339688875740564
peak_9750	15.706154516491	1.16802371632675	0.785337570256948	0.00410902691655588	0.0339950495293554
peak_102771	17.8112388948619	1.05809348901494	0.563816603337385	0.00412818734508118	0.0341134132862738
peak_95612	11.4104263585553	1.27455781273075	0.80310750237976	0.0041609466058141	0.0343104882459872
peak_57920	20.6834514271731	1.06793733925451	0.649324565380183	0.00425419505052864	0.0349169975605687
peak_12519	15.5698763563945	1.16522096397128	0.780303731053739	0.00426463911728316	0.0349914531756999
peak_3794	14.3075503606805	1.17363556253994	0.709053005639542	0.00426670737313167	0.0350027903662898
peak_410	23.4667469894401	1.00034047098687	0.54411175191452	0.00428991797262781	0.0351569380801803
peak_9439	18.6616068548381	1.07194444582526	0.624215447587559	0.00428839444849969	0.0351569380801803
peak_94803	16.6607536783681	1.09464895620158	0.604412069898122	0.00429064702893829	0.0351569380801803
peak_48332	14.7170404491547	1.12238246429092	0.622888947861846	0.00437045611801612	0.0356931083826958
peak_50404	16.5681757805668	1.10560424062861	0.647924310250732	0.00438297359522437	0.0357781446887784
peak_27596	14.7521708964201	1.16084657437836	0.729915533889454	0.00440483307804471	0.0359163312517492
peak_64513	12.5211439632475	1.22002576544957	0.716108852509101	0.00441636242500169	0.0359841587558865
peak_4922	13.6393658627616	1.17779689245287	0.698184531314753	0.00441949810144728	0.035990706782083
peak_78215	14.1112736830871	1.17288336489825	0.755309354900211	0.00442030765051983	0.035990706782083
peak_49325	13.2134273093133	1.16064987352828	0.651965127423383	0.00443059202483991	0.0360571691905008
peak_30604	13.0718267026305	1.17474768832148	0.673128271078641	0.00445139152078606	0.0362033255828359
peak_38999	11.0333712020405	1.26353285921513	0.764055698194959	0.00446719497391944	0.0363086884967729
peak_10155	81.3845403994697	1.13341643295388	0.815779564448635	0.0044873535090601	0.036437682117047
peak_30785	13.6561271088279	1.14135256781477	0.632809271643267	0.00450711044298411	0.0365689899818568
peak_45627	21.0030458722981	1.05160774463141	0.759687321345124	0.00452243735117925	0.0366583451172059
peak_49527	15.2214215624058	1.11877893057762	0.652670769686175	0.00456360356934674	0.0369157372023977
peak_46673	12.5584217783353	1.20389640899185	0.7459833984753	0.00460248512541637	0.0371145842025597
peak_28639	14.4263287489958	1.12514706195302	0.635114491790503	0.00472022662807598	0.0378562187498873
peak_75351	14.4057449578855	1.12766230589922	0.668109402129193	0.00472588353154897	0.037868702995951
peak_70821	14.6297513498896	1.10692826035286	0.99116811542073	0.00474801087719146	0.0379915383842567
peak_63898	14.987720969877	1.0864717528586	0.603151296034706	0.00475652347119986	0.038053680480558
peak_32881	12.3535598255859	1.19353156062717	0.701409639646099	0.00475997011978855	0.0380693076905943
peak_21248	11.9891031904444	1.24086360076418	0.806863187091033	0.00477593987012219	0.0381636732861555
peak_25439	12.4091819151899	1.19442210154429	0.721850137029516	0.00479192296214566	0.0382408802861103
peak_54633	18.2084433879056	1.01314538045426	0.540715407592317	0.00479304000747431	0.0382438087356941
peak_90628	21.3566957546659	1.02578550559994	0.654732784041441	0.00483195718622205	0.0384820632765881
peak_52167	11.0257686709239	1.23523543913533	0.741627175828653	0.00483666359210363	0.0385106464215493
peak_96798	18.0346556476163	1.05326912007052	0.587014825564333	0.00483927445499541	0.0385162733940674
peak_34290	15.6537775816409	1.13448464484884	0.905192913223848	0.00484251058992521	0.0385300007705878
peak_85551	18.439381910753	1.04871630090234	0.618135484140797	0.00485983633503178	0.0386377070603353
peak_17795	15.5289530384321	1.0689007600932	0.591936931944705	0.00486466921500729	0.0386640724234391
peak_64650	11.6337804688608	1.23244998370383	0.797009657879376	0.00489210494383887	0.0388457970201789
peak_94548	14.6244789388728	1.12331416248593	0.922276494796646	0.00490015180729401	0.038883065392506
peak_107476	9.03545068375232	1.22737131325414	1.41097195786453	0.00490645543465347	0.0389233758816309
peak_32821	14.8230428998089	1.10845264849796	0.654632638815163	0.00491027594384382	0.0389294556480829
peak_20941	13.0577501320848	1.16102090258959	0.675760652749358	0.0049198429697991	0.0389931779353609
peak_16836	10.3121305041872	1.27444026276826	0.823641489971442	0.00495078266121705	0.0391653382102114
peak_43818	13.681369023945	1.12246767999909	0.648873104067804	0.00498932551293875	0.039409101565096
peak_27608	17.3105916542879	1.07811049302148	0.656051063603496	0.00507080133940121	0.0399042872496851
peak_15399	18.3014907808375	1.0344293499641	0.612244669650985	0.00510576436346425	0.0400927925204972
peak_56416	11.3683682603999	1.22090346155654	0.734588638577458	0.00513611318494212	0.040287671822686
peak_100457	13.0827189169937	1.17205749402281	0.862083390679366	0.00521701662518692	0.0407405130420861
peak_100953	13.8538307754648	1.12800272445202	0.724642109881288	0.00526611102052592	0.041017099983583
peak_98520	12.6754988326894	1.15752898120325	0.713083623785306	0.00529999872994349	0.0412055101013874
peak_87905	11.4039916994065	1.21359770125912	0.813237614975822	0.00531132805657727	0.0412747099973554
peak_79889	18.2335778494385	1.02624443950962	0.610773139389692	0.00534674588930033	0.0415183042814296
peak_54165	14.7444117888617	1.06877343540971	0.60872111384155	0.00536711296130874	0.0416320738544481
peak_87550	11.4298717816046	1.19592812255193	0.772291064491923	0.00537273711722169	0.041669360307068
peak_69358	10.7492834649701	1.2345133007115	0.794068094152946	0.00538893710969018	0.0417442035057222
peak_9590	14.9079725655264	1.08172716879252	0.633744268203216	0.00539932303206868	0.0418056012320507
peak_22206	14.5645854360714	1.10826145594367	0.731752462416345	0.00544950543378208	0.042098255158608
peak_66557	16.1611503950911	1.06391067632926	0.655015417564327	0.00554344068888709	0.0426237169301157
peak_82947	11.8450621628777	1.17090507366816	0.86625691499893	0.0056069276051429	0.0429886933647843
peak_63002	17.8305474582964	1.0281322240508	0.613824071031036	0.00561236611733143	0.0430239210431905
peak_26190	15.3908859910227	1.05250634067344	0.615760198365383	0.00562925977129881	0.0431339703485785
peak_69520	14.0154798514233	1.06134712083171	1.03280891726631	0.00564539326712265	0.0432380984103223
peak_55951	15.5281312366837	1.06944672558954	0.703319221108093	0.00566327335351992	0.0433489949260722
peak_43296	13.473151850936	1.112748549769	0.726954466659459	0.00575111082565904	0.0439027004876556
peak_98555	11.0278686746877	1.16816787699494	0.725704773233123	0.0058417488783398	0.0444084401835445
peak_73552	12.9273265903284	1.13752447111561	0.772912600947564	0.00586533755953914	0.0445412720897621
peak_77523	11.7426373039694	1.15147654173792	0.796239017269898	0.00601109993926508	0.0453509827616705
peak_29664	9.46464152482773	1.26426016357104	0.847510444331044	0.00602182308828358	0.0454206863650893
peak_89153	15.4734209453478	1.03373464394363	0.619025588682127	0.00610760504071792	0.0458821792553475
peak_4955	16.0989919212546	1.00257370675866	0.588465515727419	0.00617439018759972	0.0462884073084781
peak_100473	10.4368426111952	1.16951547239776	0.946998695556201	0.00633226978063617	0.0472289507073604
peak_96057	14.0981888480187	1.05473580927848	0.652119926700462	0.00642034779971403	0.0477253029474005
peak_77187	9.19030124239658	1.22665175354403	0.964644998815182	0.00645085351473058	0.0479031775855015
peak_61649	14.3390410123822	1.05729342252853	0.681986661217692	0.00647345677560776	0.0480640260901613
peak_98133	13.4294141632973	1.08446863385451	0.778221121426791	0.00658198106572265	0.048657225839776
peak_82511	12.1971283746993	1.10055876871879	0.74369988712057	0.00664467511150412	0.0489928279443455
peak_41829	13.5021848079762	1.06787855615323	0.716612260888637	0.00665076749121847	0.0490306580837572
peak_94835	13.9698535559809	1.05681471154877	0.684917413891241	0.00677203827546553	0.0497377043377824
peak_78397	12.949166993889	1.06283010384209	0.666024187676235	0.00679099821447252	0.049862591440538
