PeakID	baseMean	log2FoldChange	lfcSE	pvalue	padj	Chr	Start	End
peak_65877	234.373102696111	2.53435017684007	0.17578353143774	2.88402564030331e-48	1.47044931296505e-43	chr3	66302154	66304004
peak_102812	320.637205032415	2.5047624573185	0.184579776035385	1.15808210885564e-43	2.95229872010567e-39	chr9	127396499	127398060
peak_5890	150.545268358752	3.5783139457909	0.269429372133425	7.77670892093956e-42	1.32167760347675e-37	chr1	159076538	159077748
peak_92335	177.729975503297	3.0315984680751	0.238184439813076	4.4841663884698e-39	5.71574268706303e-35	chr7	105808895	105809688
peak_22746	114.881923914471	3.45117437181003	0.26908101518491	7.27055248859144e-39	7.41392778366646e-35	chr12	68374017	68374904
peak_73551	153.73340306118	2.83142081309788	0.22265295930934	3.14842331796801e-38	2.67542518816528e-34	chr4	101019646	101021410
peak_25588	120.449974422255	3.41381799496398	0.27103091696155	5.18419405193976e-38	3.77601882760287e-34	chr13	27131072	27131873
peak_30425	218.131315351307	2.78050892153061	0.222622396383091	2.14015250275541e-37	1.36397269381859e-33	chr14	80930642	80931676
peak_82504	112.227569600142	3.34699528681686	0.270137171428842	1.41921745076134e-36	8.04002454939083e-33	chr6	11317997	11318782
peak_97603	120.570845499018	3.70309809256103	0.315545764519153	2.22656452816416e-33	1.13523619032978e-29	chr8	100451810	100452602
peak_62911	148.311037030611	2.55107914478447	0.217481453001484	4.24780346218484e-33	1.96889552111778e-29	chr22	42532998	42533902
peak_82772	130.218602703895	3.10756670538138	0.272124254488275	8.79732076938352e-32	3.62011320622753e-28	chr6	16420091	16421733
peak_87755	104.190531057529	3.05186775382262	0.265720034539207	9.23027334581216e-32	3.62011320622753e-28	chr6	152170699	152171617
peak_6924	78.9711918003667	3.74113858975889	0.333225222846479	1.21194332938862e-30	4.39417861145884e-27	chr1	184840420	184841122
peak_11067	171.207803212922	2.52096254160729	0.225464175541982	1.2927603493485e-30	4.39417861145884e-27	chr10	33133979	33134662
peak_93181	94.9735703823672	3.53871011139365	0.321869120560021	8.72447811808746e-30	2.78016400830504e-26	chr7	130938328	130939062
peak_48409	124.074479526941	2.69234572343162	0.251865839261208	6.66778297645288e-28	1.99978578139663e-24	chr2	10493381	10494101
peak_93179	115.049722800311	2.43800554316687	0.22799556275512	7.78904593507534e-28	2.20629053358751e-24	chr7	130930092	130930857
peak_52846	165.996600302101	2.42938466941956	0.232497288333087	4.58082411487289e-27	1.22925209642584e-23	chr2	130824062	130825080
peak_27017	159.19138714608	-2.35068549140619	0.225098968665838	8.02563573578596e-27	2.04597531812391e-23	chr13	73984848	73986048
peak_75051	70.3555042675522	3.93152921120848	0.378017200483497	9.94609563033293e-27	2.41481729432455e-23	chr4	152696799	152697376
peak_82515	74.7363854854026	3.38302237234174	0.326651589477164	1.56506707770563e-26	3.62711409199541e-23	chr6	11366509	11367130
peak_74953	66.858066081324	4.58690366185549	0.447767168016967	2.70062047407551e-26	5.986688499618e-23	chr4	150827972	150828931
peak_56566	69.0646634478701	3.3787885162697	0.327594943959458	3.83147517922096e-26	8.13964972865666e-23	chr2	229821944	229822694
peak_93241	90.6024544172677	2.82491073101269	0.275518932423547	5.08815818126567e-26	1.03769933212005e-22	chr7	131188442	131189166
peak_8204	86.5508434397676	-3.10495192291066	0.303724006296619	7.9130094062968e-26	1.5517411445748e-22	chr1	213670165	213670810
peak_98381	88.7163375758134	2.73954972388695	0.268343185883174	9.82341787187836e-26	1.85502512450219e-22	chr8	125272881	125274132
peak_856	100.71040945803	3.09248649697361	0.307675951065933	2.36505226281745e-25	4.30659123828609e-22	chr1	15949353	15950175
peak_53053	61.2956571125138	3.91897329996298	0.394937982053384	1.22003857012226e-24	2.14499608745702e-21	chr2	135948499	135949361
peak_765	139.153433515611	2.47771519377313	0.251917302007999	2.2320603384081e-24	3.79346094713585e-21	chr1	13702561	13703390
peak_60204	161.110958169341	2.3990334478148	0.245349169612727	3.29715912922423e-24	5.42286952782667e-21	chr21	14533733	14534971
peak_42795	216.966710216228	1.91280782397573	0.19489772046434	4.08105362299833e-24	6.50239375069352e-21	chr18	23231103	23232045
peak_29904	144.343775321405	2.05016383823732	0.208544511960801	5.3558426683001e-24	8.27493922078632e-21	chr14	68685259	68686178
peak_4935	52.4504580344722	4.02092893537883	0.413641422260732	1.49003488691821e-23	2.23443878660036e-20	chr1	116556408	116557021
peak_80571	126.169603013678	2.81124146770851	0.293526283769621	2.04924697568639e-23	2.98522589435275e-20	chr5	143008415	143009798
peak_25771	107.678952775979	2.59617763194126	0.272269999564369	4.57855012159513e-23	6.48449879165692e-20	chr13	30744152	30744746
peak_58856	78.2609894840521	2.79343442290148	0.292297752137071	7.22473233185665e-23	9.95568115329847e-20	chr20	41003213	41003959
peak_28727	69.8753829471608	2.90844374560226	0.305138212637039	1.03017720880367e-22	1.38222671494905e-19	chr14	31127602	31128421
peak_32943	52.5299660800798	4.31174250587517	0.455925079125011	1.18151471275379e-22	1.54463356780678e-19	chr15	61857266	61857984
peak_58042	105.510184694411	2.87593920066635	0.306658724641856	1.29570131212287e-22	1.65156567749742e-19	chr20	21557109	21558213
peak_51981	66.594615343035	3.69442065819166	0.399449442133905	2.00585511834494e-22	2.49440314790085e-19	chr2	106144617	106145198
peak_70825	138.368345641989	2.32758014093038	0.248741713652376	2.19017036433729e-22	2.65876252847859e-19	chr4	6198668	6201140
peak_1357	101.24229256913	2.36587236856755	0.251815119442637	3.02578605888049e-22	3.58773786042048e-19	chr1	24910812	24911794
peak_89818	55.5202988961641	3.58698738793795	0.385708975886445	5.87066218964556e-22	6.80276323639246e-19	chr7	28151865	28152823
peak_6927	66.4397634906534	2.80730843664819	0.302200147086298	9.94950762032653e-22	1.12730132339993e-18	chr1	184866757	184867763
peak_74288	170.784087437441	-2.078151161266	0.22520643878874	1.11577593986386e-21	1.23671634934563e-18	chr4	122577934	122579058
peak_91135	61.0944886233942	3.47375955828064	0.378656441918938	1.70488511981112e-21	1.8494738876317e-18	chr7	73851089	73851984
peak_80017	77.6365910093406	-2.91892583131361	0.319009189408141	2.43796667919741e-21	2.58962852303248e-18	chr5	133170522	133171341
peak_82519	54.9585821524714	3.23218997868085	0.357594336633053	8.46404444639677e-21	8.80709734987726e-18	chr6	11414606	11415088
peak_13819	171.318526512907	1.72272697959789	0.189818015168487	8.67262590110292e-21	8.84365008387267e-18	chr10	110414255	110415227
peak_98005	75.6150288310817	3.08676168232024	0.345880753214451	9.73152903264452e-21	9.72885763251791e-18	chr8	115427241	115428151
peak_93557	128.520633082176	-2.48099389447581	0.281010184077731	1.65304940523185e-20	1.62081494182983e-17	chr7	139635541	139636312
peak_85968	57.2781162474302	2.92758040840045	0.326348027746862	2.08991641199916e-20	2.01049958834319e-17	chr6	110944552	110945203
peak_16611	42.9061291491513	3.68888592524951	0.410843462934871	2.336450235958e-20	2.20604169871397e-17	chr11	48020091	48020583
peak_9335	75.0773915466666	3.21926110015604	0.365082455206688	2.52022124457177e-20	2.33629091592248e-17	chr1	243595665	243597053
peak_51507	52.1138162898823	3.84408665847886	0.434394272111378	2.67847991466091e-20	2.43866030230181e-17	chr2	96341902	96342471
peak_78453	86.5059426248664	-2.37896136645112	0.268597861860185	5.1146959430647e-20	4.57505065531749e-17	chr5	80152565	80153799
peak_84994	283.995622145416	-1.64090904121317	0.186412706906176	6.23741969484452e-20	5.48312207864384e-17	chr6	79536974	79537802
peak_24006	89.3646449361764	2.2999828879253	0.262146868816302	9.15544360825451e-20	7.91185504763499e-17	chr12	107027408	107028040
peak_95592	53.8356978839071	3.11563367921199	0.356654726060883	1.40264523731961e-19	1.19192116783296e-16	chr8	29523689	29524604
peak_1358	58.8502718677732	3.46084719385613	0.402460847358978	1.56714136841478e-19	1.30987327557371e-16	chr1	24922262	24922777
peak_9763	127.169495560288	4.27065598274465	0.502087526670442	1.81457381684866e-19	1.49222355848138e-16	chr10	3852199	3853067
peak_5491	72.558602292173	3.09006971915868	0.362581562240173	2.31459928284635e-19	1.87320887357466e-16	chr1	151945547	151946655
peak_90421	71.3984454547936	2.531148278209	0.294781690919955	4.41604616150066e-19	3.51807077484801e-16	chr7	44633346	44634113
peak_92374	65.3985160269245	2.56567853998804	0.30050458179225	8.92841150345876e-19	7.00344598331305e-16	chr7	106346443	106347308
peak_32128	44.7930672553007	4.27303278476635	0.51263113854925	1.26701912988649e-18	9.7879147509686e-16	chr15	39641315	39642409
peak_21126	101.968568566825	2.09962659967739	0.247192003109376	1.37169716299507e-18	1.04384106794727e-15	chr12	27821331	27822687
peak_60564	457.966344546656	1.16322191379493	0.136140468411356	1.49046132712065e-18	1.11753913565549e-15	chr21	29298477	29300952
peak_85662	58.925176280491	3.00961470714531	0.358038244710343	1.58797482732964e-18	1.17339832675694e-15	chr6	105453192	105453864
peak_55024	120.959285407315	2.1063487731774	0.249684374289047	1.68059681084972e-18	1.2240986999712e-15	chr2	191624872	191625680
peak_18933	40.2160143452487	4.58063819907855	0.54348061142303	2.41452337420559e-18	1.73389984165136e-15	chr11	115222245	115223113
peak_35163	156.177153560323	1.79983196963146	0.214000854179613	2.47143490850971e-18	1.75011917007328e-15	chr16	10964137	10965812
peak_59406	114.401081869816	2.20910773344872	0.267750788448769	4.50300980705664e-18	3.14507476743273e-15	chr20	51404583	51405173
peak_93429	175.830162794582	1.67206998458279	0.20058066921653	5.25461398577457e-18	3.62042903619868e-15	chr7	135980491	135981188
peak_94234	299.705066101797	1.37624924019282	0.165132525473393	5.48124615138485e-18	3.72622421699344e-15	chr7	155205104	155206057
peak_88475	112.339919296806	2.02085700294156	0.243783024177574	5.69680815962192e-18	3.81507387029044e-15	chr6	167119452	167120486
peak_98164	244.326951299975	-1.58989545588394	0.191465026802854	5.76159510478099e-18	3.81507387029044e-15	chr8	119638652	119639401
peak_48233	66.6788539729289	-2.6121379802014	0.315789961160956	6.78454506138826e-18	4.37869385442964e-15	chr2	7567400	7568220
peak_49507	70.3370291703361	2.89867189389884	0.354416190463859	6.75614194515592e-18	4.37869385442964e-15	chr2	38681864	38682974
peak_59827	46.2554681602698	-3.43194903874017	0.413742033177431	7.93511186006223e-18	5.05724516621416e-15	chr20	62892714	62893276
peak_12920	81.7678741800415	-2.4338033778832	0.29597286982522	8.1554633196367e-18	5.13351176314811e-15	chr10	88064945	88065525
peak_11068	68.1838133783435	2.70808686153393	0.33236476169005	1.06770279602392e-17	6.63876765342386e-15	chr10	33136349	33137037
peak_88115	85.7579702997233	2.29945669119838	0.280977965066298	1.21497512433188e-17	7.46346044448017e-15	chr6	158808676	158809590
peak_70866	38.8164083000273	4.41609113046161	0.540633297587557	1.41904761474418e-17	8.61328115301746e-15	chr4	6855651	6856280
peak_55621	50.78900827547	3.53663027819461	0.441727534996621	1.93315784913878e-17	1.159576307014e-14	chr2	203992915	203994029
peak_90082	92.6766836759508	2.02243123200657	0.247648952550934	1.96557301136643e-17	1.16531052973871e-14	chr7	36207912	36209737
peak_37097	144.957181512306	1.66805651104304	0.204088492516117	2.16158743752646e-17	1.26678962172096e-14	chr16	75098363	75100286
peak_88429	88.8244478330867	2.69306163089898	0.337766797539166	2.2303426505093e-17	1.29223011794167e-14	chr6	166540806	166542139
peak_46562	98.1671004608813	2.49769049517583	0.315091739125625	2.39909757023334e-17	1.37438639006648e-14	chr19	35712869	35713420
peak_71323	45.7879069111207	-3.26896817854551	0.402228306336362	2.86060621993621e-17	1.62056520810742e-14	chr4	22607420	22607832
peak_82553	145.819459948542	1.72357118576639	0.21371117853142	4.38315478919235e-17	2.45581901188749e-14	chr6	12060663	12061460
peak_20614	62.1425862645575	2.4479408787135	0.303345863981412	4.69185663555859e-17	2.60020654804989e-14	chr12	12474523	12475600
peak_30893	56.768376578636	-3.03228673468261	0.379182497500107	5.03167405912821e-17	2.75854767288936e-14	chr14	96126298	96126969
peak_16549	80.2253274464692	-2.79094821488451	0.354230386758817	5.08974018624837e-17	2.76069673548999e-14	chr11	47234594	47235296
peak_66028	128.913024885924	1.68241434519526	0.208540235148137	5.69564237328297e-17	3.05682128467585e-14	chr3	71086960	71088118
peak_50638	43.5846072487774	3.3734828161932	0.422857226273454	5.95609148022842e-17	3.16330500219715e-14	chr2	68426883	68427870
peak_49420	47.0121382507178	3.41963916427961	0.431208881202131	6.63934922750292e-17	3.47717107155718e-14	chr2	37149491	37150056
peak_98250	173.307300127483	-1.86532115681319	0.235575007742834	6.68345751799716e-17	3.47717107155718e-14	chr8	122798921	122799385
peak_87213	53.8558797165518	2.81061787466726	0.353441337730256	7.95776608844621e-17	4.09832991702544e-14	chr6	141326276	141326935
peak_44405	262.91628881061	-1.35440415877771	0.168714815309476	8.26439084399525e-17	4.21368231571942e-14	chr18	76490745	76493125
peak_47515	81.1513114903781	-2.58349731548293	0.328880488675681	8.46352992177982e-17	4.25902903593554e-14	chr19	49555654	49556868
peak_74581	63.7053064606656	2.57601908653659	0.324714519968398	8.52039700438209e-17	4.25902903593554e-14	chr4	139560572	139561130
peak_81616	67.9204207813531	2.44080804434718	0.306323309067818	8.73077617428229e-17	4.32181897108696e-14	chr5	173781660	173782491
peak_9865	133.551487122555	1.95156298876013	0.246319813954854	1.02371405684312e-16	5.01875816367342e-14	chr10	6037005	6038713
peak_25770	122.148890753458	1.81009512777987	0.227061440803718	1.0798244189099e-16	5.24342169738477e-14	chr13	30739970	30740671
peak_9678	60.1717561713221	-2.70751395482054	0.341294653045	1.12258018674905e-16	5.39961069826291e-14	chr10	1938366	1939453
peak_46758	61.2213576795024	2.68824444072492	0.342952624848896	1.43639052628101e-16	6.84446797878164e-14	chr19	39430665	39431441
peak_4537	66.3130826218942	2.31053880827266	0.29272960764338	1.74052352488124e-16	8.14149838895366e-14	chr1	108590720	108591470
peak_79831	45.7407674850105	3.57410542393598	0.455722486949446	1.74006413748845e-16	8.14149838895366e-14	chr5	129114443	129115146
peak_52556	148.369859957903	1.62122963507132	0.204919440093582	1.96372353240447e-16	9.10203709301583e-14	chr2	121699227	121700064
peak_51508	51.1449872559843	3.09535138778879	0.399990225742259	2.18140050653675e-16	1.00198996600255e-13	chr2	96343973	96344542
peak_8395	123.980568037014	1.81938158019671	0.232643677279239	2.79251708935126e-16	1.27124353855056e-13	chr1	221709026	221709435
peak_95782	84.869407377751	2.13617796784194	0.27324098818005	2.84835318191796e-16	1.28518703834751e-13	chr8	37880841	37882247
peak_89715	66.6580809190755	2.58922420478712	0.334195587611357	3.10005966602627e-16	1.38648808887733e-13	chr7	25967475	25969031
peak_36480	101.102257542322	-2.02925407518683	0.260893071703505	3.36699557893815e-16	1.49277944858905e-13	chr16	57266494	57267559
peak_75034	78.966923521656	2.14343558214437	0.274182259919889	3.51859358058692e-16	1.54654320948108e-13	chr4	152485690	152486258
peak_98401	52.1941985470035	2.82631011783319	0.364326952371568	3.74325649755477e-16	1.63122799815665e-13	chr8	125607706	125608574
peak_89022	56.1326325516453	2.90386447357562	0.376452094509999	3.86549000846442e-16	1.67021926755565e-13	chr7	5641705	5642574
peak_55954	83.6384880831866	2.60348343082209	0.342160335648093	4.67369433094019e-16	2.00246200972535e-13	chr2	213232801	213234130
peak_36856	43.3749050358749	3.06195804087548	0.395317120010272	4.80834041055856e-16	2.04298370143949e-13	chr16	68756343	68757153
peak_9751	45.0839043001458	3.0557068317056	0.395022976018307	5.13737174891038e-16	2.11065289089368e-13	chr10	3757604	3758494
peak_24321	137.451669202254	-1.9060009700342	0.248273409567342	5.1745893257308e-16	2.11065289089368e-13	chr12	113233090	113233772
peak_45415	58.2689075423126	2.78378436931799	0.361726034064053	5.04823224819823e-16	2.11065289089368e-13	chr19	10428127	10428640
peak_68463	42.2018100666684	3.36072399290951	0.435087689341392	5.14100173474066e-16	2.11065289089368e-13	chr3	143036540	143037100
peak_90355	101.519888875001	1.88980626079707	0.243408471756365	5.10110146676695e-16	2.11065289089368e-13	chr7	43669136	43670120
peak_57007	68.5293474458697	-2.71661107254772	0.356906627357836	5.99394468816991e-16	2.42545447516691e-13	chr2	236967946	236968978
peak_30429	102.023833533558	1.88524273383245	0.243734662186308	6.4802061317004e-16	2.60157314827462e-13	chr14	80959398	80960131
peak_261	40.0376670941224	3.13673640202209	0.405487670119178	6.9500277272347e-16	2.76839151328741e-13	chr1	3921989	3922682
peak_77899	38.659350713289	4.14721925292883	0.549370238497757	8.71236102611536e-16	3.44347627346913e-13	chr5	65796798	65797504
peak_10022	60.9995388724363	2.77193905194763	0.36635435328099	9.0794014974344e-16	3.56094126729377e-13	chr10	8416095	8417036
peak_50268	56.6291393432242	-2.84103616811257	0.373719108070259	9.57482156217028e-16	3.72657902418942e-13	chr2	59887877	59888491
peak_87259	86.7927546910096	-2.0763864406926	0.270445704887265	9.88644195834483e-16	3.81871310369825e-13	chr6	142395427	142396183
peak_29747	59.5639024632729	2.83899059214204	0.376697619616978	1.16483512207212e-15	4.46543485217814e-13	chr14	64755739	64756423
peak_15352	336.459311540076	1.13844941765991	0.147101032203579	1.18946053827865e-15	4.52580858243844e-13	chr11	9572964	9574972
peak_65148	92.1323773674251	2.01023886471008	0.263115172399039	1.25058977554155e-15	4.72315335524158e-13	chr3	46947294	46948776
peak_85670	53.0474171177031	3.26922410386834	0.440334342265442	1.26458201973309e-15	4.74088079839052e-13	chr6	105646081	105646873
peak_45981	99.407682418495	-2.24318407872678	0.298627276646196	1.30513173188646e-15	4.85718587459585e-13	chr19	18023632	18024434
peak_89893	126.820830477292	1.77066104414985	0.232728020992651	1.55010607000987e-15	5.7270802960524e-13	chr7	30347773	30348835
peak_39791	59.8384136338258	-2.41453281175508	0.317159077128263	1.68446790245008e-15	6.17872521397985e-13	chr17	42337350	42337840
peak_46861	88.6684131188603	-1.98896534815209	0.262666178943375	1.89184623930861e-15	6.84096967073678e-13	chr19	40826688	40827340
peak_69718	73.9133509994398	2.16666046874273	0.28556521963854	1.88257362842379e-15	6.84096967073678e-13	chr3	183349274	183350552
peak_82354	71.6668689119105	-2.16950920062781	0.286065664343118	2.05495818132994e-15	7.37845759389353e-13	chr6	6614174	6615377
peak_25657	57.3003085501041	-2.95917921493725	0.396797617531451	2.075596443251e-15	7.40044477311858e-13	chr13	28492524	28492887
peak_67395	51.4691432613652	3.12737318401957	0.422165738471089	2.58503703157988e-15	9.15282625639804e-13	chr3	119562352	119563017
peak_61907	49.5002400202424	-2.69194330514477	0.357280822856347	2.73876058126595e-15	9.63023772389142e-13	chr22	24134072	24134722
peak_23509	169.996327689144	1.56203301472636	0.207311558815778	2.94397210028899e-15	1.02809151715982e-12	chr12	93783886	93785522
peak_23824	73.6342817719371	2.73670152242209	0.371595642133965	3.29381352661066e-15	1.14243793515491e-12	chr12	102059231	102059764
peak_22984	140.697508156078	1.71281107625329	0.22810321043647	3.3195017479091e-15	1.14356835215469e-12	chr12	76020194	76021331
peak_32836	33.4890158972731	3.32284383244725	0.440557464721233	3.37859210998891e-15	1.15611340483151e-12	chr15	59255884	59256550
peak_80579	114.231083086913	2.01403839390891	0.271485460356449	3.73824651741643e-15	1.2706549129133e-12	chr5	143229393	143230568
peak_46304	45.3977847534306	2.94267315998682	0.395787524091326	4.03146579000237e-15	1.35229154453329e-12	chr19	29587391	29588040
peak_98023	39.4824430962124	-3.40712235472387	0.457034995262962	4.00736872351474e-15	1.35229154453329e-12	chr8	116120318	116121092
peak_49617	308.093717255238	1.30888160543339	0.174002155823741	4.1126470643926e-15	1.3630357846496e-12	chr2	42132848	42133623
peak_86557	214.289486229966	-1.53057618771423	0.204427055823493	4.11696369270072e-15	1.3630357846496e-12	chr6	128519204	128521019
peak_7106	45.5895012851572	3.25974558668423	0.442327157084679	4.69883017828722e-15	1.54271090332764e-12	chr1	192552555	192553247
peak_65884	58.331748496135	2.5438053840303	0.34347652217665	4.75043368419644e-15	1.54271090332764e-12	chr3	66377822	66378560
peak_93376	73.8101992829344	-2.26866157282932	0.304528916328973	4.74536756117078e-15	1.54271090332764e-12	chr7	134864742	134865806
peak_81098	75.8108102382755	2.58448228973709	0.354876947992018	4.8298872504339e-15	1.55858627437103e-12	chr5	157540134	157541999
peak_23926	58.9198025058155	2.78431872116141	0.38136421635778	5.87080028572075e-15	1.88233027888413e-12	chr12	104604008	104604996
peak_69277	74.8710299374427	2.42980735596466	0.330569048315376	5.90697141610364e-15	1.88233027888413e-12	chr3	170277026	170278292
peak_27754	109.071751244253	-2.08150241993722	0.284082757771718	6.1637958269801e-15	1.95197077040005e-12	chr13	99416044	99417545
peak_88066	40.7068875564057	3.39081940952037	0.463827042722827	6.94353645154063e-15	2.18532808344599e-12	chr6	158322943	158323882
peak_45889	44.2332613369572	3.01550593516575	0.411501648896316	7.03403222603693e-15	2.20022801887558e-12	chr19	17079935	17080371
peak_73718	45.48871854097	2.89862826982721	0.393829133153637	8.18512410810204e-15	2.54467523033958e-12	chr4	105305965	105306843
peak_84053	91.9034309012557	-1.82806502990833	0.246497511663045	8.2911877251523e-15	2.56202725669464e-12	chr6	42045680	42046151
peak_13905	66.6073572953932	2.68501286869697	0.375567518684652	8.65786300533558e-15	2.65921568186771e-12	chr10	112369312	112370316
peak_93209	98.3486996741545	1.9280674773023	0.261948328105817	8.77524686629125e-15	2.6791301600283e-12	chr7	131026883	131028026
peak_67179	72.9373591065657	2.2556213744993	0.306845112156114	9.23759582822235e-15	2.80350036248658e-12	chr3	112676655	112677420
peak_2819	46.6239044877801	-2.83114063957507	0.385381660737469	9.74983038492362e-15	2.94144882843619e-12	chr1	54285044	54285476
peak_91555	237.807168266231	-1.2702725588479	0.170863565893129	9.90960389322127e-15	2.97206508293988e-12	chr7	87627775	87629239
peak_26191	38.919296684374	3.42057736448683	0.469211556354092	1.05482275082192e-14	3.14509899259687e-12	chr13	42405790	42406716
peak_37582	40.1014378296827	2.91051073897039	0.396030936594051	1.06671457071499e-14	3.16206448270201e-12	chr16	87487468	87487862
peak_55628	39.8921056811209	2.88817606301386	0.393222692028297	1.26655474425262e-14	3.73274914395747e-12	chr2	204027007	204027485
peak_103300	193.693722699223	1.39443581393882	0.189216758591121	1.2789155740781e-14	3.74751663562908e-12	chr9	134390547	134392308
peak_49820	48.2960289260801	-2.89601463062995	0.400222318259008	1.42267468850141e-14	4.14494238102475e-12	chr2	45889146	45889392
peak_103148	57.5012511978756	2.20548307184817	0.300571188766531	1.48965445672328e-14	4.31542739377801e-12	chr9	131677585	131678914
peak_95054	67.7571416950668	-2.1698804026485	0.296717779554196	1.52461054219179e-14	4.39173972340061e-12	chr8	17697331	17697818
peak_73268	75.2027952552561	1.99040390336581	0.271620287141737	1.56466655625499e-14	4.48180275489983e-12	chr4	89929318	89930198
peak_35704	54.5435853230067	2.57487147318403	0.353987184486209	1.76174860560932e-14	4.99845596869333e-12	chr16	26597936	26598687
peak_78287	169.290608680007	1.57822037031716	0.21597055913044	1.76464534257404e-14	4.99845596869333e-12	chr5	76542803	76543605
peak_90442	61.2315546731962	2.36898383438057	0.327333330419984	1.82980447756143e-14	5.1543873532015e-12	chr7	44980627	44981346
peak_93301	54.8819783207078	-2.67126581588951	0.368316998673702	1.84075091496523e-14	5.15673220606688e-12	chr7	132485489	132485993
peak_14181	44.0074748339678	2.93341573665824	0.407093200658891	1.91717639871314e-14	5.34148392703761e-12	chr10	119704079	119705805
peak_98521	38.7000564462775	3.19215002446685	0.442100958797616	1.94723511988936e-14	5.39574618601517e-12	chr8	128240238	128240809
peak_100839	59.7236823774412	2.80416074768989	0.393491652756125	2.22411939885676e-14	6.12967306324922e-12	chr9	68973958	68975130
peak_19664	131.959018024017	-1.62406036350522	0.22358627915129	2.36004398371475e-14	6.46931196525162e-12	chr11	129814134	129816463
peak_63493	243.159509037457	1.51635992967015	0.209830601739973	2.42677223877684e-14	6.61665290728749e-12	chr3	8501362	8501960
peak_43022	49.7607011337063	-3.3150428589554	0.468624323038664	2.45280420935609e-14	6.65205720309731e-12	chr18	31162487	31163717
peak_11612	93.5154822156924	1.95625003283826	0.271692639991635	2.53693929265278e-14	6.84382998810553e-12	chr10	50416948	50418779
peak_77398	160.985689562477	-1.52592305098449	0.209956359792254	2.60078530839658e-14	6.97913893336358e-12	chr5	52725236	52725933
peak_85322	118.118091272615	-1.81029810356527	0.250830622043986	2.6990615625398e-14	7.20493993862064e-12	chr6	90233349	90234809
peak_97235	57.3386626616978	-2.47626488877701	0.342916117385947	2.92988212903418e-14	7.78036303286128e-12	chr8	89243438	89244085
peak_80471	121.005684323967	1.64554088301069	0.227335127204377	3.12261264559098e-14	8.24919836000526e-12	chr5	141692017	141693786
peak_43072	141.781315096934	-1.58374708407453	0.219177611458761	3.14646920504251e-14	8.2693752004277e-12	chr18	32470154	32471524
peak_53343	116.339722719407	-1.60748969827564	0.221728279629708	3.17250822429795e-14	8.29505150379771e-12	chr2	148524374	148525027
peak_65117	49.3929613853432	2.76578360722182	0.387994204086696	3.39076329237217e-14	8.82048251147384e-12	chr3	46368549	46370191
peak_8513	119.072992484787	1.68528430319165	0.233690143263613	3.61354509013596e-14	9.35229492211533e-12	chr1	223726475	223727330
peak_98000	93.4509783444235	2.1558532259408	0.305097771123355	3.71255572420376e-14	9.56001849263903e-12	chr8	115218638	115219420
peak_6929	94.4681003590884	4.22935116584176	0.609694523123188	3.90498776861451e-14	9.95951829941473e-12	chr1	184890305	184891185
peak_27311	156.476318920587	1.64569163082055	0.229444049990425	3.90676589629103e-14	9.95951829941473e-12	chr13	84136749	84137880
peak_411	43.7939198122376	3.06489184592304	0.435421254026455	4.18346146076175e-14	1.0611839106388e-11	chr1	7930655	7931724
peak_8207	41.9996322885608	-3.08989535391742	0.434024775936679	4.24090903641243e-14	1.06515757699766e-11	chr1	213762133	213762414
peak_69951	47.328444961779	2.99499579901383	0.426732133803637	4.23041556385533e-14	1.06515757699766e-11	chr3	187802810	187803398
peak_63800	152.806486134015	-1.63016354418382	0.22826571455334	4.48038315426389e-14	1.11432592928438e-11	chr3	13879634	13880837
peak_65092	29.4919520085449	3.86560744801496	0.537006879165286	4.46501463015221e-14	1.11432592928438e-11	chr3	45980306	45980852
peak_8211	43.7454119640841	-2.70542344864861	0.377047607514171	4.58357011303058e-14	1.13445585331542e-11	chr1	213851932	213852672
peak_87252	110.057340468012	-1.66944290543768	0.232536591737932	4.78970163539525e-14	1.17974747624281e-11	chr6	142232286	142232953
peak_18260	119.399360801385	1.55323223443855	0.21556266824193	4.82281515538002e-14	1.17981572040186e-11	chr11	95688074	95689508
peak_101075	236.070358583942	-1.62311241095578	0.2300186073295	4.83625868991465e-14	1.17981572040186e-11	chr9	75889788	75891511
peak_42599	36.9834733728787	3.43885047557302	0.488255330364787	5.18364089923267e-14	1.25853864232513e-11	chr18	13290860	13291452
peak_8567	136.247101316721	1.64547664543857	0.230432363081887	5.45614693309324e-14	1.318422310572e-11	chr1	224623518	224624436
peak_32196	49.6742482676103	3.07127951956896	0.446225767997816	6.2093724340671e-14	1.49335407039314e-11	chr15	40743583	40744357
peak_51707	76.6903061787228	1.87008783465104	0.261829972344846	6.252283190404e-14	1.49661460444103e-11	chr2	100587975	100588669
peak_72448	68.0681446065612	2.20482168940755	0.310561972219712	6.34015857012523e-14	1.51055759278694e-11	chr4	68504751	68505927
peak_67378	71.7763110154157	-2.11290280200864	0.299165170311281	7.42186309665183e-14	1.76005168300414e-11	chr3	119218872	119219616
peak_49047	72.8849938651722	2.05942814970958	0.290718536350033	7.84123637340274e-14	1.85089480432552e-11	chr2	27391129	27392218
peak_57204	52.4161931565555	2.28986149343399	0.322055797503461	8.00671834658891e-14	1.88124673557227e-11	chr2	239927421	239928038
peak_63475	95.1274484087965	-1.81296773372812	0.255285684122772	8.04947941499593e-14	1.88261815345405e-11	chr3	7876756	7877358
peak_10340	180.619250837739	1.67221102107616	0.238106623812331	8.08804210006606e-14	1.88299960965282e-11	chr10	16787151	16788458
peak_10394	48.4382690705396	2.74616477985467	0.391682024877883	8.15755336115872e-14	1.88707393390615e-11	chr10	17668156	17669858
peak_50495	171.39516695725	1.38425122701582	0.194166880519948	8.17956575125052e-14	1.88707393390615e-11	chr2	64606702	64607520
peak_60215	45.9056386148703	2.62581629391714	0.370852135959579	8.48088909119826e-14	1.9477775279452e-11	chr21	14630234	14631098
peak_27652	33.7885973061608	3.13584924171946	0.445153902828256	1.06422192776217e-13	2.42234014325367e-11	chr13	98517566	98517976
peak_102852	40.6298280336903	2.88531977144992	0.410784748583073	1.0637571698359e-13	2.42234014325367e-11	chr9	127911118	127911543
peak_80862	52.8990055125791	2.78122458143231	0.400486342303866	1.08121072187543e-13	2.45007154957959e-11	chr5	151078794	151079128
peak_101259	89.1064547580443	-2.05024461106802	0.294861859971611	1.13828066800284e-13	2.5679813335749e-11	chr9	81688486	81690165
peak_74015	58.666287828739	2.75788691528774	0.406117468867544	1.1487857386592e-13	2.58026386217083e-11	chr4	113564713	113565522
peak_51280	51.0110282494659	2.41738133003797	0.344122104230804	1.16942855730572e-13	2.61510896591182e-11	chr2	87476289	87477458
peak_68029	35.861178502727	3.01808771464344	0.431101358646486	1.18204790411425e-13	2.63178578336984e-11	chr3	133475177	133475926
peak_3303	123.642516466693	1.94658824168508	0.28087663399202	1.21490105203339e-13	2.69317152343367e-11	chr1	68496097	68497555
peak_43890	40.3650406056426	3.00164701231126	0.431627045395716	1.27620142005577e-13	2.81681409536638e-11	chr18	59952994	59953954
peak_31672	47.5865280294862	2.8982765474205	0.41964281503146	1.32621349463571e-13	2.91458281196104e-11	chr15	22262498	22263015
peak_64512	77.2572505825184	2.14201756232746	0.308447229641136	1.39813840470726e-13	3.05946286276413e-11	chr3	33060432	33062122
peak_37310	136.813821689486	1.49241077901436	0.212038166372165	1.51659097844255e-13	3.30448323191759e-11	chr16	81616226	81617036
peak_78004	64.3981291537094	2.13371781190982	0.305354024654436	1.61279011609571e-13	3.49913688762791e-11	chr5	68275027	68275854
peak_68025	41.9670460404795	2.65487748969674	0.380909628092258	1.80629552374643e-13	3.90236371075149e-11	chr3	133448451	133449263
peak_51715	82.6989320013243	-2.44766264987746	0.365934613964183	1.94693462659995e-13	4.18845607054114e-11	chr2	100653575	100654190
peak_97010	69.2259346328202	-2.03922151704212	0.292220905309458	2.03617652099351e-13	4.36203765123425e-11	chr8	80864616	80865161
peak_17508	45.9756378994204	3.01580916131357	0.445770535375775	2.05695381036666e-13	4.38811075210689e-11	chr11	71710059	71711194
peak_60460	37.5662561628157	2.69790313828678	0.388378231413787	2.46948142984253e-13	5.2462075075813e-11	chr21	25464283	25464877
peak_81018	39.5451004054615	2.98102796011154	0.435873845561714	2.67602729822972e-13	5.66140779367388e-11	chr5	156402220	156403204
peak_98395	63.4780774378748	2.18268171311181	0.316995564423439	3.00481402030887e-13	6.33072097683752e-11	chr8	125514433	125515251
peak_94357	58.6889743737738	2.60638192688386	0.385332384435308	3.0304002889861e-13	6.35835346231463e-11	chr7	157411310	157412423
peak_65161	96.4313819817522	1.80338568853157	0.26305806632704	3.44169999266341e-13	7.19174245188266e-11	chr3	47037769	47038538
peak_56008	37.3055968340309	-2.95411142707359	0.430584198759243	3.46324929482376e-13	7.20723381819935e-11	chr2	215680957	215681680
peak_48287	98.4283234028507	1.72615668362409	0.251949480629576	4.02194274465055e-13	8.33588507230703e-11	chr2	8543201	8545451
peak_97195	75.6629030371995	1.90937525987927	0.278218309245521	4.05909926662361e-13	8.37883543352515e-11	chr8	86472119	86473119
peak_11063	49.5557079327812	2.93933778306463	0.44451092509793	4.21558055036904e-13	8.66675765891597e-11	chr10	33114403	33116011
peak_56778	55.8324785057681	2.63492178119755	0.391957812125949	4.25144038571763e-13	8.70537909663449e-11	chr2	232838178	232838950
peak_78217	44.7795895741284	2.54626200228726	0.37249390963869	4.6495212030981e-13	9.48241952244638e-11	chr5	75111560	75112425
peak_95575	171.195550776282	1.41895966615779	0.207244019351584	4.68424704123315e-13	9.5151800655105e-11	chr8	29349874	29352067
peak_89062	66.9330637250896	2.07243602640954	0.304339845381047	4.80462372517483e-13	9.72097401792714e-11	chr7	6221297	6222170
peak_27983	32.3325734591959	3.80474169301938	0.569166655648702	5.15107734854921e-13	1.03694447092275e-10	chr13	108463408	108464009
peak_36492	29.1074513849199	-3.47434415286033	0.504830827044743	5.16580817507509e-13	1.03694447092275e-10	chr16	57433998	57434394
peak_6066	141.694113285125	-1.52564023718257	0.223230558227151	5.29629461301844e-13	1.05896814564454e-10	chr1	161612141	161612929
peak_78346	43.9772872756715	3.05411712918095	0.462323746198286	5.68089147363225e-13	1.13142942451021e-10	chr5	77718789	77720300
peak_5030	201.857079186913	1.32052645058357	0.192899447739757	5.71589685947391e-13	1.13397166255695e-10	chr1	117664089	117664926
peak_85320	119.159405717774	-1.67267576362371	0.246705262605022	6.1635461145421e-13	1.21804093874435e-10	chr6	90218131	90219891
peak_39780	136.070481400474	1.46662388838952	0.214728089303054	6.23181003836632e-13	1.22677631898126e-10	chr17	42266763	42267445
peak_103216	57.1043935215533	2.63871348293663	0.398808350405917	6.72789603849797e-13	1.31934041314945e-10	chr9	133115553	133116046
peak_23602	129.427781293453	-1.63541933889847	0.241930614443759	6.75559247926003e-13	1.31969593159982e-10	chr12	95547894	95549310
peak_78686	39.9698180399092	2.62112583199002	0.38634144996269	6.88613716133024e-13	1.34006331796788e-10	chr5	88250647	88251532
peak_7293	70.1820689926511	-2.12802589632975	0.316153871570706	7.01666861490782e-13	1.36027325475167e-10	chr1	197391170	197392135
peak_59811	214.086396353498	1.31919172874471	0.193570718411706	7.05736027401132e-13	1.36297943534372e-10	chr20	62739751	62741019
peak_86617	48.1578948009634	2.98393656167821	0.456117992229275	7.63931690344753e-13	1.46980457222331e-10	chr6	129860697	129861622
peak_14122	91.6227960611893	1.77352791495364	0.262373871782797	8.26249916504177e-13	1.5837285053715e-10	chr10	119090229	119091526
peak_48410	34.6167516276813	2.88500278266594	0.427862574514961	8.77249322364851e-13	1.67518479213836e-10	chr2	10497922	10498165
peak_33992	35.8779246327825	3.1563199352686	0.474325248110358	9.19694658991971e-13	1.74968477176734e-10	chr15	84681513	84682496
peak_46694	41.0429442716436	2.95072129516402	0.447019078328795	9.23737197404042e-13	1.7508425556447e-10	chr19	38683792	38684636
peak_92390	40.2587525523092	2.8683717621786	0.432871082469295	9.5836619190964e-13	1.80975032076685e-10	chr7	106717906	106718745
peak_60176	174.509671743744	-1.35091841000539	0.199598480123062	9.96805125540002e-13	1.87539137013958e-10	chr21	14215836	14216669
peak_90419	62.6723371974995	2.17998038982378	0.32706668893587	1.00077851363778e-12	1.87594460648294e-10	chr7	44622708	44624648
peak_88477	49.4004735549366	2.79783342730014	0.429156073852815	1.03845131518236e-12	1.93943145625962e-10	chr6	167130717	167131614
peak_16192	53.84800882597	-2.34212892465664	0.348567245413568	1.10540107091738e-12	2.049565078999e-10	chr11	34650422	34650897
peak_80578	95.5111543903978	1.87458304523765	0.281471180281371	1.10546110054667e-12	2.049565078999e-10	chr5	143222182	143223400
peak_104730	35.1089724601228	3.38831278017329	0.516903349804773	1.18408346828843e-12	2.18737969978818e-10	chrX	30659392	30659869
peak_81987	28.1932295216984	3.36299585280631	0.501138842649031	1.25551617168363e-12	2.310965614782e-10	chr5	180873532	180874081
peak_37657	59.9631350868734	2.11628080875658	0.317966462086861	1.27757458684701e-12	2.34310855701373e-10	chr16	88619721	88620548
peak_88993	280.535144360904	1.05088374069258	0.154695447692118	1.39817030892488e-12	2.55509359752129e-10	chr7	5396494	5397788
peak_23061	208.254878966792	1.33581572963533	0.198990274188158	1.41343192639769e-12	2.57375857854688e-10	chr12	77065022	77066166
peak_26018	30.4276024625099	3.84545166782607	0.593358726776055	1.58567263842345e-12	2.87712117945402e-10	chr13	40115757	40116550
peak_7122	43.25444774308	2.61537053757838	0.395310691422362	1.66137934977959e-12	3.00379743006603e-10	chr1	192807326	192807717
peak_96361	36.2606320067386	2.8755484571138	0.435649134816894	1.71806194935766e-12	3.09530411837277e-10	chr8	58595795	58596406
peak_95164	148.040347467017	-1.529637191173	0.230379454590691	1.7354988545217e-12	3.11570931678322e-10	chr8	20492936	20493754
peak_60385	83.1832748013745	-1.75517871194689	0.264307037501399	1.91756662310004e-12	3.43049304720626e-10	chr21	20997293	20998625
peak_32864	38.6587398180471	2.49924523344477	0.376993203368309	2.09984096216104e-12	3.74344375163436e-10	chr15	59919185	59920003
peak_99866	28.389562717582	3.17396732905588	0.478290353090517	2.14799070290647e-12	3.81593916301008e-10	chr9	20403259	20403875
peak_33418	36.9003306772784	2.7168129796656	0.414093622946566	2.3341673616572e-12	4.1322867049116e-10	chr15	70196428	70197204
peak_54931	31.7395910681482	3.60383574087772	0.560449755378571	2.3606513531794e-12	4.16471176101054e-10	chr2	190670375	190671180
peak_49510	37.5691202090716	3.07307443498704	0.473605479653399	2.45111752406671e-12	4.309402692485e-10	chr2	38697230	38697866
peak_55948	60.0042296731078	2.3783963617656	0.36769206465342	2.71447332139279e-12	4.7560184455166e-10	chr2	213157244	213157855
peak_70818	40.7068548164661	2.97893809840466	0.465581579598843	2.76940360409716e-12	4.83564425200334e-10	chr4	6134544	6135203
peak_59419	56.0794488631012	2.17839546161861	0.331889790600556	2.79249043973881e-12	4.85931459250932e-10	chr20	51531175	51531734
peak_26351	219.491008016832	-1.30139416368836	0.197088187877124	3.1561405057827e-12	5.47343468802166e-10	chr13	46295574	46296559
peak_15433	162.298201285917	-1.31155012006816	0.1980323663511	3.20676982606979e-12	5.54238530006761e-10	chr11	11149586	11150600
peak_47145	218.222227198303	-1.49405110620079	0.230450577184507	3.51134799466275e-12	6.04829692080658e-10	chr19	45474621	45476484
peak_56305	90.4033648506638	2.06481446878273	0.323000902973298	3.5990668553028e-12	6.17851928230534e-10	chr2	222423735	222425614
peak_95581	42.5789121894729	2.65335374479733	0.408031698956149	3.61126875022859e-12	6.17866270131393e-10	chr8	29408289	29408826
peak_21983	59.6367066678656	-2.31927635926182	0.360976991829327	3.81762052261336e-12	6.50987290856069e-10	chr12	52610291	52610963
peak_95853	250.747563065238	1.19515439852929	0.181481396430359	3.95647074262514e-12	6.72415390944951e-10	chr8	38937896	38938963
peak_33198	41.7706365900935	-2.45155243462968	0.375060710031615	4.15083184318775e-12	7.02043346100934e-10	chr15	65887463	65888042
peak_37232	266.649673211886	1.21786308358403	0.185354809166429	4.15833935830389e-12	7.02043346100934e-10	chr16	79599624	79601523
peak_83053	37.5764681532196	2.81333467862319	0.435564926727635	4.23462389770336e-12	7.12562818641266e-10	chr6	24974194	24975021
peak_89157	83.21704336852	1.81344523006741	0.278732011877362	4.40850722824917e-12	7.39382070853658e-10	chr7	7944311	7945291
peak_95819	95.7599655405565	1.74790499135608	0.269790575484005	4.4542944651665e-12	7.44611992134358e-10	chr8	38362576	38363455
peak_99982	211.896366995728	1.41177205142568	0.217435732869032	4.6124223641924e-12	7.68526034838933e-10	chr9	21993961	21996123
peak_82771	49.6124425456876	2.62277519324403	0.413137534047164	4.63944462275688e-12	7.7051050011688e-10	chr6	16413011	16414683
peak_94312	133.261798967866	1.46928472894943	0.225550860683079	4.70366321597429e-12	7.78639521849563e-10	chr7	156640111	156641424
peak_29376	73.5714505137667	2.28227152566484	0.361984546718955	4.73686879883827e-12	7.81598681480802e-10	chr14	55102053	55103514
peak_9872	45.852962648123	2.17066112987296	0.33262842673496	4.76307946426523e-12	7.83388288919442e-10	chr10	6072371	6073105
peak_51826	141.907896190734	1.71461188741215	0.2674236215108	4.84480818390285e-12	7.94268135255533e-10	chr2	102227361	102228391
peak_95126	54.6158749797391	2.3903345237664	0.375026987067879	4.90651721849132e-12	7.99245006076672e-10	chr8	19685957	19688075
peak_97854	84.8872686438684	-2.06600375861509	0.32468504984288	4.90639939646271e-12	7.99245006076672e-10	chr8	106725771	106726258
peak_60434	152.01767850905	-1.42847921900756	0.219398519205788	4.97796663346923e-12	8.08301295458797e-10	chr21	23968623	23969640
peak_41560	58.1626674980071	1.94086262955731	0.298043589677864	5.12653234030858e-12	8.29782152072931e-10	chr17	76772827	76773753
peak_22737	44.3807989432569	2.38248336005438	0.3684627357731	5.2046447224803e-12	8.39759543735381e-10	chr12	68290030	68290737
peak_65483	45.4071779063626	2.27739977077515	0.35137448292989	5.38897276095228e-12	8.66757618895625e-10	chr3	52892581	52893200
peak_25892	36.6333421802268	2.82896641309454	0.442976529600461	5.58797987981484e-12	8.95939440730313e-10	chr13	33678974	33679857
peak_82620	28.2723191513049	3.27506078114681	0.509743000718091	5.66209699190394e-12	9.04977044605687e-10	chr6	13747599	13748146
peak_40388	43.3784796616153	2.63713095048979	0.414869834924696	6.16988138521977e-12	9.83054913458798e-10	chr17	50903958	50904897
peak_64670	190.443348636976	-1.39059320314822	0.215517396989582	6.19298285882973e-12	9.83661757134868e-10	chr3	37860331	37862571
peak_82901	26.839568547303	3.51983401515053	0.550067988222932	6.26127417195426e-12	9.91420263761676e-10	chr6	20201776	20202541
peak_20033	28.4397175083854	3.50925993867215	0.551262261731033	6.52167895782116e-12	1.02945610942251e-09	chr12	2867912	2868353
peak_73441	39.6800892929612	2.79349223807033	0.441827349492913	6.56898183371673e-12	1.03372255485766e-09	chr4	98603827	98605262
peak_50229	51.4737514843239	2.47601135800007	0.390237043715944	6.61307495003275e-12	1.03745919816114e-09	chr2	58023440	58024368
peak_31755	40.3038576666122	-2.58437535122222	0.402361184742582	6.72762923302749e-12	1.0521929572857e-09	chr15	25811569	25812395
peak_15821	120.219057941395	1.47304292752739	0.227287478620433	6.80107760211519e-12	1.05398098061229e-09	chr11	19240556	19242141
peak_30357	43.6062503248223	2.45629730529332	0.380902794688087	6.78378917109208e-12	1.05398098061229e-09	chr14	77121305	77121809
peak_51336	112.147560657633	1.64553041755491	0.255750673539637	6.77713161748995e-12	1.05398098061229e-09	chr2	88599966	88600496
peak_87866	79.9545030009348	1.95062464039283	0.305811069352241	6.92713081927908e-12	1.07026270288413e-09	chr6	155171077	155171850
peak_95783	89.3943848023823	1.5955247684249	0.24635831642135	7.22684905402835e-12	1.1131967548903e-09	chr8	37891601	37892321
peak_87696	47.4160704215927	2.83478250976734	0.456967132673073	7.26051256998155e-12	1.11501353582253e-09	chr6	150987334	150987986
peak_52155	26.3407461150033	3.42761184692656	0.53654621244123	7.45894406704715e-12	1.14204721382122e-09	chr2	110657617	110658335
peak_34067	37.6039694663325	3.00651880145061	0.478193637833908	7.7759640791445e-12	1.18702186987803e-09	chr15	85646358	85647067
peak_24203	27.1448278587141	3.32337284025686	0.51918464410911	7.8728979090583e-12	1.19823156057089e-09	chr12	110727790	110728328
peak_70077	72.731621333463	-2.11593798417212	0.334876716674579	8.14380097111018e-12	1.23577332236019e-09	chr3	190306596	190307111
peak_90594	87.447665753625	-1.64349063347943	0.255030892011491	8.17718122978199e-12	1.23715656433728e-09	chr7	50321620	50322195
peak_33572	27.2892969054954	3.13848334237788	0.488381440978232	8.45924205011425e-12	1.27604412771339e-09	chr15	74385047	74385496
peak_18627	155.789355294736	1.39047389253063	0.215358235137383	8.49777826786938e-12	1.27807587836457e-09	chr11	107857912	107859278
peak_3110	112.521847391036	-1.57605476538875	0.246270868502438	8.53040927941933e-12	1.2792101397661e-09	chr1	64469895	64471531
peak_48283	69.3694852036226	1.97297409887181	0.309830452432271	8.62049218407808e-12	1.28892790175192e-09	chr2	8487538	8488953
peak_51197	147.595286887241	-1.32437977376526	0.205150183365743	8.93250279876674e-12	1.33167423303486e-09	chr2	86038249	86038883
peak_41399	230.612923267078	-1.13867523983784	0.175327102410133	9.1323247023328e-12	1.35749477339108e-09	chr17	75036578	75037170
peak_61287	58.8797513574284	1.92727330547415	0.299906732987238	9.47668925430546e-12	1.4045885997675e-09	chr21	45224529	45225081
peak_34377	37.4446656276092	2.61172248620532	0.410420116645391	9.65307683551367e-12	1.42658485662464e-09	chr15	92957974	92958660
peak_22672	42.4130635175362	-2.46506066448343	0.386994668372818	1.0031891954406e-11	1.47828336181313e-09	chr12	66964242	66965062
peak_92558	54.0252578284349	-2.13923673100853	0.336613728529403	1.03803488968349e-11	1.52522325318163e-09	chr7	111090763	111092147
peak_16605	46.9404767285176	2.19913548685862	0.345103831076426	1.09570972507031e-11	1.60534069087456e-09	chr11	48006601	48007135
peak_36116	154.61100904429	1.54946074470021	0.245110863374312	1.10171291163529e-11	1.60951101755407e-09	chr16	47143097	47144563
peak_93371	122.456907393163	-1.48542252271654	0.232112838571369	1.11546201128765e-11	1.62494131735749e-09	chr7	134710695	134711582
peak_90420	64.6006789118948	1.92198694025115	0.302045131343342	1.1428803468302e-11	1.6601395260252e-09	chr7	44630991	44631757
peak_71189	204.27914238568	1.28990992947409	0.201556377660579	1.22213283609399e-11	1.77021774946274e-09	chr4	15756158	15757161
peak_99951	58.2607972929191	-2.39449491140072	0.385816027005607	1.30293643794867e-11	1.88191266927057e-09	chr9	21444138	21444853
peak_34066	57.6886050839896	2.02321024937382	0.319702332721609	1.34767442271814e-11	1.94103186770359e-09	chr15	85625520	85626437
peak_12274	199.981689824043	1.23208336710292	0.192494260278112	1.39057037708425e-11	1.99717242946528e-09	chr10	71768665	71769603
peak_59448	84.7531549456008	-1.64154689682917	0.257829472184399	1.42861845286403e-11	2.04605450667768e-09	chr20	52410015	52410766
peak_4600	147.590566072509	-1.33370051090668	0.209145144911127	1.47866370567664e-11	2.11179685427533e-09	chr1	109667803	109668459
peak_93370	140.097828459132	-1.38286112473248	0.217244731215028	1.5105984764517e-11	2.15137915978677e-09	chr7	134669541	134670408
peak_53616	42.4975675018479	-2.33597792827162	0.369096669568729	1.57181351647456e-11	2.23196951567408e-09	chr2	157464101	157464711
peak_89341	207.249893528183	-1.37681951355039	0.218848422263846	1.57749729122822e-11	2.23196951567408e-09	chr7	16420563	16421654
peak_91725	55.8722973889846	1.98992279098324	0.314194233455692	1.58031811704849e-11	2.23196951567408e-09	chr7	92809547	92810508
peak_11065	35.3668307655845	2.99223129729542	0.485701187626834	1.62871931752571e-11	2.29397467191619e-09	chr10	33117801	33118433
peak_70187	164.527914035963	-1.39329187351851	0.220035460125786	1.65230153444568e-11	2.32077812769277e-09	chr3	194395951	194398238
peak_69519	47.6468096994381	2.73709147983442	0.45284961394003	1.78207762478242e-11	2.49618158728452e-09	chr3	177448981	177450087
peak_9537	106.222987053872	-1.56155875467993	0.247764334455721	1.81905821333908e-11	2.54100005658374e-09	chr1	247936899	247937607
peak_139	37.8689734427715	-2.69747013802499	0.429941075736694	1.89206820222251e-11	2.6357647365715e-09	chr1	2152919	2153392
peak_62622	37.8351936710772	2.55898029091296	0.409935450864421	1.90170204188089e-11	2.64196676586755e-09	chr22	39117388	39118325
peak_19883	88.6647366957886	-1.64388417284893	0.261234569245094	2.02102213495707e-11	2.80010420035112e-09	chr12	538834	539884
peak_48824	117.943332125777	-1.51170259556938	0.241051000551928	2.06601062626516e-11	2.84696264299339e-09	chr2	23384853	23386690
peak_78820	89.9775072521978	1.66841150198905	0.265353981740313	2.06385074628162e-11	2.84696264299339e-09	chr5	94793133	94794169
peak_40708	57.1380442479493	1.96066808227042	0.313155497258213	2.1995068022029e-11	3.02275077674169e-09	chr17	59842906	59843987
peak_88473	60.2275156291146	2.25279065976355	0.368787886366895	2.28930533842362e-11	3.13770220389427e-09	chr6	167094010	167095451
peak_99408	27.9945281931318	3.21104804982209	0.516659746453254	2.29930705768571e-11	3.14296165263173e-09	chr9	4530132	4531129
peak_70663	71.3523338254374	1.96491909318542	0.316544726923238	2.38150515570247e-11	3.24661555798519e-09	chr4	2745999	2746689
peak_16821	80.4564998938749	-2.03975014273953	0.335905872652846	2.42393554650553e-11	3.29564740731016e-09	chr11	60951060	60952811
peak_18703	67.1696392175853	2.01335960248995	0.325905979026915	2.46914636737898e-11	3.3393076044346e-09	chr11	110092558	110093790
peak_82774	52.0710319503844	2.2521343107475	0.366064205359247	2.50150354789706e-11	3.37411798658941e-09	chr6	16436560	16438250
peak_38603	48.3118255022383	2.14658448819858	0.343619906176207	2.52436361821271e-11	3.39596842844837e-09	chr17	16027795	16028572
peak_51947	34.396551632868	2.90857190254565	0.475145055588037	2.57939509046278e-11	3.46086942321935e-09	chr2	105836843	105837644
peak_88467	37.8246942204424	2.95701203825192	0.489508490677041	2.58689617868153e-11	3.46182384688338e-09	chr6	167041057	167041975
peak_94561	25.0567811737516	3.52728216540663	0.56987238118844	2.62285114341562e-11	3.50075100518819e-09	chr8	1479784	1480229
peak_73241	42.9511623891863	2.27176318693263	0.364525948102799	2.7697682896512e-11	3.68719075760198e-09	chr4	89303239	89303540
peak_14361	418.532592760457	1.04959755296831	0.166554028736297	2.81349132928968e-11	3.73564241966572e-09	chr10	124718032	124719694
peak_46868	55.8390362387581	-1.9090080619153	0.305552429787327	3.12470643442657e-11	4.12736482553557e-09	chr19	40969809	40971211
peak_65250	98.6242774638473	1.48735148435138	0.238379073142805	3.15212303133078e-11	4.1528202810189e-09	chr3	48662878	48664386
peak_46693	34.4058206412891	2.61747118045983	0.42441765649619	3.32691758162955e-11	4.37180978909702e-09	chr19	38681159	38681481
peak_48071	194.429269637004	-1.43134577113648	0.232507755005494	3.55971697272296e-11	4.66569998897823e-09	chr2	2613311	2613919
peak_12961	29.1827989089301	2.96552616838049	0.481720468422768	3.8688001053089e-11	5.05781133767384e-09	chr10	88883420	88883829
peak_76890	53.1544393045956	2.23883216833	0.369156740675615	4.01661404839306e-11	5.23762362842375e-09	chr5	32537526	32538479
peak_13853	25.7895985882299	3.10177887044366	0.502581754467033	4.08063459915953e-11	5.30753152226398e-09	chr10	110774024	110774768
peak_89763	122.696067788411	1.47869571157567	0.239671020462477	4.12092562668699e-11	5.34629806621534e-09	chr7	26863872	26865128
peak_76647	138.306110667813	1.55742707410636	0.254031687629922	4.21401365654815e-11	5.4531903627605e-09	chr5	18697873	18699050
peak_84841	84.3492184524232	1.85895206755296	0.304785019432193	4.22831945522668e-11	5.45785052516931e-09	chr6	73422040	73422970
peak_23012	55.3665011191247	2.51215822234158	0.424386932086215	4.56881201062262e-11	5.8824608377173e-09	chr12	76456712	76457623
peak_31475	305.860307406589	2.82683624178556	0.479897320486692	4.65962543449197e-11	5.98427361216644e-09	chr14	105857242	105860351
peak_85337	32.860468514349	2.88829884154463	0.479626696951493	4.74716251346937e-11	6.08137758572235e-09	chr6	90411373	90411851
peak_18762	69.437975832853	2.16869705102396	0.362090847961552	5.46216557967449e-11	6.97979885326525e-09	chr11	111531757	111532700
peak_87267	40.1762908318832	-2.69620296363047	0.448517134568811	5.70179840470803e-11	7.26779733656108e-09	chr6	142551232	142551732
peak_26487	31.6408679214352	3.42893452528956	0.587951644747733	5.73109443072928e-11	7.28692221060256e-09	chr13	49454371	49455253
peak_70554	91.8678799949176	1.50939140149556	0.244781259924595	5.76397706535913e-11	7.31050086204977e-09	chr4	1267299	1268233
peak_81252	101.969810276271	1.56036313789278	0.254885768592077	5.86493505945159e-11	7.42008880747392e-09	chr5	160506340	160507306
peak_85326	70.0801604538966	-1.79156388992462	0.29248004698744	6.1441754264807e-11	7.75413188847883e-09	chr6	90266830	90267678
peak_86841	24.8502134088889	-3.34962962239977	0.546418144850195	6.2792844270348e-11	7.88560580780286e-09	chr6	134529953	134530339
peak_87156	31.2257345267602	3.06556996049435	0.509977655632967	6.27834266440473e-11	7.88560580780286e-09	chr6	139530855	139531448
peak_37263	49.7409520055526	1.97214827482529	0.32332569692758	6.72307828939132e-11	8.42218352980113e-09	chr16	80569442	80570236
peak_19407	56.9203176543963	-1.90107391876524	0.312170592659508	7.47942174418944e-11	9.34671071199124e-09	chr11	124670659	124671122
peak_31825	134.862124257766	-1.71800079172932	0.289596769036045	7.75783447759273e-11	9.67092784045338e-09	chr15	28831911	28832827
peak_58806	87.0028996220947	3.50240699833308	0.610046843798137	8.17346053328475e-11	1.01641965548794e-08	chr20	38840143	38841487
peak_5735	111.133737281633	1.32991005854548	0.217171287031231	8.41491893091363e-11	1.04212453513447e-08	chr1	156114172	156115418
peak_78087	172.195285495311	1.33959786864611	0.220241001597882	8.42104319765035e-11	1.04212453513447e-08	chr5	71600873	71602015
peak_79337	47.8594196202804	2.13535761697865	0.354388041314421	8.59794649263944e-11	1.06144043552958e-08	chr5	110751613	110753190
peak_40360	30.0080799307862	2.69563936648616	0.447408385785448	9.07233670065823e-11	1.11729990101391e-08	chr17	50511130	50511448
peak_10711	56.7387382734019	-1.89512927115357	0.312993195812185	9.14434191611357e-11	1.12075340609367e-08	chr10	26682887	26683448
peak_103107	65.1678083750198	2.09300779350656	0.355118678099432	9.31693530760302e-11	1.13916849782601e-08	chr9	131233393	131234381
peak_7495	32.9950482270954	2.79302017314623	0.468504595708321	9.37618806078282e-11	1.14367063269635e-08	chr1	200862145	200863152
peak_51934	139.756371425709	1.28784173457501	0.211473132022204	9.71943289427963e-11	1.18270884378936e-08	chr2	105789898	105790939
peak_44527	299.757519727796	2.68954452501111	0.46486200710907	1.0598345168186e-10	1.28658863510746e-08	chr18	79245520	79246861
peak_73833	105.719446476152	-1.54815494517462	0.258121050640267	1.18621474923882e-10	1.43318353565617e-08	chr4	108355416	108356210
peak_90422	178.773570886113	1.20450492334199	0.198928213185483	1.18559653271984e-10	1.43318353565617e-08	chr7	44637989	44639460
peak_6131	47.3156521712727	-2.16889109466254	0.365418295369833	1.40161114518597e-10	1.68543740208613e-08	chr1	164558681	164559303
peak_62709	65.0129853258001	-1.97085314317768	0.334165009787798	1.40065243775296e-10	1.68543740208613e-08	chr22	40116808	40117331
peak_45323	77.6004865062512	-1.76129637871485	0.297014244414597	1.42451852609357e-10	1.70542865083485e-08	chr19	8515440	8515788
peak_52086	69.5790311352951	-1.74080864847996	0.291877985916439	1.42492567617708e-10	1.70542865083485e-08	chr2	108988319	108989362
peak_53300	47.8067528697964	2.39713834869719	0.410035111269972	1.51988714374237e-10	1.81482355763111e-08	chr2	147449290	147450126
peak_86025	51.1560554242524	1.92918984682161	0.323618945135135	1.57599345929787e-10	1.87742061952713e-08	chr6	111764328	111764711
peak_105205	55.8019108170272	1.99955366818858	0.339355321814892	1.62126700366907e-10	1.92685126920911e-08	chrX	47361709	47362352
peak_41997	42.2188722466397	-2.42486841264215	0.413947798581268	1.62524984328425e-10	1.92709275603932e-08	chr17	82119868	82120533
peak_26187	48.4683020311425	2.07154420062955	0.350471284590914	1.64684701212431e-10	1.94817034246334e-08	chr13	42392931	42393798
peak_42817	34.3764908126039	2.3633500786552	0.396890965932979	1.66501433415259e-10	1.96510233428481e-08	chr18	23573701	23574546
peak_46469	62.4745327609519	-1.7737416471021	0.297981449749226	1.7011046349223e-10	2.0030605292413e-08	chr19	34217877	34218815
peak_71797	230.508436813564	1.10604357677234	0.183577900029067	1.79928744620083e-10	2.11378962516119e-08	chr4	40238058	40239417
peak_98402	34.0758537254061	2.93566013905215	0.514211625120599	1.82166416396689e-10	2.1351579095176e-08	chr8	125636997	125637970
peak_11804	33.9889120008753	-2.44896577709819	0.413154029975743	1.83163527663464e-10	2.1419210140939e-08	chr10	60727806	60728383
peak_7111	75.5789751437297	1.68227167122587	0.28429131996241	1.8537773286012e-10	2.16285333812496e-08	chr1	192580415	192581982
peak_101348	19.9473039062691	4.31987413790737	0.72264629884175	1.85842889987315e-10	2.16333004312632e-08	chr9	85646070	85646599
peak_69450	51.8554945210939	-2.08854454128779	0.354693807473306	1.87389219636757e-10	2.17636144701587e-08	chr3	174440804	174441616
peak_20382	97.1816411265556	1.45238920367129	0.243751209266882	1.91678001215877e-10	2.2160758662115e-08	chr12	8319890	8320939
peak_63942	47.3910667715661	2.41898489365969	0.420363405287564	1.9163063157038e-10	2.2160758662115e-08	chr3	16378527	16379545
peak_74781	39.1383906153259	2.69721096639642	0.472437068819612	1.95801772874116e-10	2.25863103885966e-08	chr4	145125540	145126573
peak_26531	37.7619579124463	2.43711716274551	0.415392088816981	1.99181519319698e-10	2.29243091287452e-08	chr13	50236809	50237396
peak_71688	47.5439347717554	-2.10905946920601	0.358693413869421	2.0315126547621e-10	2.33285369855181e-08	chr4	38328789	38329492
peak_15368	66.667616490319	1.87277237209372	0.319770680189541	2.05685469588268e-10	2.35664704548931e-08	chr11	9759615	9760091
peak_26017	41.580441816501	2.23232256481073	0.380860701324517	2.15667130727312e-10	2.46547182225622e-08	chr13	40102498	40103517
peak_12875	77.3194611164177	1.99707000277621	0.347550580979888	2.19807441721329e-10	2.50718170550418e-08	chr10	87083747	87084833
peak_77939	200.646460639205	1.10895685153555	0.185322407461537	2.2751998658038e-10	2.58936027584537e-08	chr5	66828365	66829427
peak_60405	49.1734932305917	-2.18503187227924	0.376126139583148	2.44760819464899e-10	2.77378175320338e-08	chr21	22421080	22422510
peak_67718	51.0462819546371	-1.95709971522954	0.333527327766216	2.44812652285239e-10	2.77378175320338e-08	chr3	126654534	126655278
peak_71606	100.040586558129	1.54094430423377	0.262283553931611	2.45783304979922e-10	2.77860478663111e-08	chr4	36285877	36286762
peak_88871	143.906998110897	1.19578480270192	0.200541034758735	2.56291048312073e-10	2.89098570558393e-08	chr7	2709563	2711467
peak_95090	46.1308459439068	-2.16666922587242	0.371827886934564	2.56923091636734e-10	2.89171760489856e-08	chr8	18957262	18957936
peak_25245	45.47995299624	2.23329472005787	0.384917121197686	2.77882004029076e-10	3.12072507872829e-08	chr13	19984588	19985573
peak_23932	34.8958358525663	2.73370927376481	0.48627160139893	2.95813938750753e-10	3.31480647937273e-08	chr12	104671394	104672059
peak_28758	62.9839444578775	1.8262377650698	0.312297063187107	3.02510070349286e-10	3.38240755412909e-08	chr14	31937648	31938321
peak_67803	140.811134094372	-1.29222165313334	0.219283101663291	3.03393305154799e-10	3.38486018744476e-08	chr3	128316317	128316936
peak_44317	40.9155420249716	2.31536243985622	0.401415359056973	3.09336350900051e-10	3.44362951681004e-08	chr18	74994566	74995437
peak_7109	154.166600725668	1.44402754736767	0.24907008764285	3.28466848726616e-10	3.64862979284864e-08	chr1	192575355	192576055
peak_48280	49.6588582676305	2.32594109951951	0.409890145823221	3.30852392170555e-10	3.6671391450452e-08	chr2	8477343	8478511
peak_15076	91.2708257753204	1.49389213367646	0.254880024062776	3.35414985695094e-10	3.68784064815032e-08	chr11	3511505	3512921
peak_15441	43.2434499671392	2.34578544687097	0.410769169788321	3.33530131055183e-10	3.68784064815032e-08	chr11	11243698	11244648
peak_18624	59.7970885396105	1.92707320616625	0.332060880152068	3.35222383628293e-10	3.68784064815032e-08	chr11	107840374	107841200
peak_88472	30.9031804705255	2.45077496988418	0.420659421549978	3.35613317526722e-10	3.68784064815032e-08	chr6	167091025	167091659
peak_94321	161.826032729023	1.20901125847739	0.205020911117999	3.453790659116e-10	3.77886202887743e-08	chr7	156923025	156923639
peak_3702	150.988340269207	-1.4262112737255	0.246299487279118	3.46385028356232e-10	3.78175311686741e-08	chr1	85061931	85062587
peak_83763	79.7629413434674	1.5130879151989	0.2580730690134	3.54920602566624e-10	3.86666278685084e-08	chr6	36118576	36118959
peak_19014	23.4145649292892	3.06646996469367	0.527651348251103	3.62073108658922e-10	3.93617473733131e-08	chr11	117279745	117280437
peak_69714	203.411636102193	1.13367937115758	0.192575244960961	3.68802068182095e-10	4.00079622304942e-08	chr3	183285553	183286406
peak_51983	42.9369921982175	2.2476830806148	0.390219138717792	3.72131755213469e-10	4.02834600240211e-08	chr2	106158573	106159249
peak_51748	27.5093359152382	2.70606264943305	0.467758189125932	3.75300151334484e-10	4.05403676185169e-08	chr2	101272260	101272986
peak_13913	20.0902220728543	3.98980591293216	0.689645633080106	3.78398304568106e-10	4.07886172446289e-08	chr10	112531058	112531467
peak_79580	41.9529239440592	-2.20431909591718	0.381969708489784	3.79796962051084e-10	4.08530124623134e-08	chr5	119238722	119239385
peak_38985	192.506401301534	1.10248517756466	0.187010019501579	3.87399607350535e-10	4.1583066063946e-08	chr17	27332302	27333494
peak_5875	69.9370801622355	1.71859464468312	0.296271949576709	3.89970419695916e-10	4.17710752491932e-08	chr1	158930228	158932537
peak_31520	35.8674417843187	-2.40616194042186	0.416744308360062	3.92084518684904e-10	4.19094785527642e-08	chr14	106276345	106276970
peak_78479	64.6542915529842	-1.92902814817534	0.336234501660446	3.93092920704831e-10	4.19293632950973e-08	chr5	80487836	80488709
peak_22729	64.3303105809959	-1.75534691438379	0.302199207449257	4.03292639674562e-10	4.29275125813094e-08	chr12	68181012	68181595
peak_81449	93.6580198558054	1.41239214920839	0.241227338793366	4.20805024013627e-10	4.46982603215808e-08	chr5	170253958	170254820
peak_30830	56.1238436758422	2.18755386310322	0.387305253253437	4.22865858179526e-10	4.48237809670298e-08	chr14	93962795	93963554
peak_91147	38.1814578004532	2.34438594943859	0.409541291361279	4.37858500013674e-10	4.63167084682514e-08	chr7	74061961	74062585
peak_34325	110.781226206317	1.47843983194	0.255443498071109	4.45676119548211e-10	4.70460509964495e-08	chr15	91857355	91858190
peak_34335	33.9994014245574	2.75393521328828	0.496579932795801	4.56972126484376e-10	4.81388033903562e-08	chr15	92095542	92096266
peak_2635	159.742577652143	-1.40452369316262	0.244998061208006	4.72543105040049e-10	4.95742443489134e-08	chr1	48471810	48472491
peak_57289	24.8805228641953	3.3932723067863	0.60940747514715	4.72187431453422e-10	4.95742443489134e-08	chr2	241041507	241042057
peak_34253	56.7315967976079	-1.76739387271866	0.304796362829039	4.76333484353072e-10	4.97670881828396e-08	chr15	90561751	90562399
peak_89306	31.8983430973319	2.90030914749324	0.51675537188672	4.75484361492453e-10	4.97670881828396e-08	chr7	13850100	13850656
peak_4085	51.3131279508172	-1.97632952167293	0.343130913930929	4.77547735108833e-10	4.97919198819202e-08	chr1	93029108	93029880
peak_38062	78.4132260818955	-1.97853863475936	0.353466307133603	5.18157929593033e-10	5.38061103833612e-08	chr17	3911107	3911719
peak_70374	21.220012738789	3.54891740914233	0.620445748751127	5.17245388804622e-10	5.38061103833612e-08	chr3	196563841	196564171
peak_43824	70.175881275986	1.55377050885423	0.267844938127669	5.23239233083073e-10	5.42233242641739e-08	chr18	58615259	58616152
peak_5186	27.0750663097244	-3.40036462548755	0.624666962540704	5.31485599763304e-10	5.48990675679962e-08	chr1	145176444	145176953
peak_22976	28.6308986063959	3.31198968511652	0.606667050198054	5.31913454253915e-10	5.48990675679962e-08	chr12	75815030	75815691
peak_55331	48.1212731710977	2.07558560567838	0.36485370500074	5.3991456411713e-10	5.56122908405576e-08	chr2	198041507	198042769
peak_82294	91.93036300307	1.81532488621763	0.323606183305603	5.41356004461799e-10	5.56483412167122e-08	chr6	5302309	5303559
peak_60983	34.1705763829527	-2.73781932272616	0.483901751533287	5.49042962803393e-10	5.63249587555207e-08	chr21	38306172	38307171
peak_5632	74.0966421725194	-1.83686201924544	0.32408269789959	5.56934198985974e-10	5.70197732319254e-08	chr1	154784729	154785375
peak_57677	46.0511474981388	1.98937000436623	0.346903616059762	5.65422062033341e-10	5.77727640377393e-08	chr20	5843079	5844665
peak_21821	100.376479419233	1.38865216533884	0.239484999684939	5.68526509535919e-10	5.79737852303968e-08	chr12	49945409	49946549
peak_20946	49.2432721114214	2.10304519061069	0.370476329914328	5.7105396431094e-10	5.81152842801548e-08	chr12	22409288	22410574
peak_41094	29.2125678307089	-2.61125175761093	0.454894373615105	5.73511917746809e-10	5.82491606339418e-08	chr17	67400079	67400573
peak_90631	57.2585600654474	1.83484868928805	0.319620111673807	5.77712153021047e-10	5.85591090137796e-08	chr7	50610376	50611132
peak_13243	118.02146440395	3.99645450933346	0.763737586361846	5.80479412433499e-10	5.87228637347904e-08	chr10	95832085	95832854
peak_96428	22.2268742485505	3.42533312067942	0.607708155285741	5.98183711541241e-10	6.0394048943845e-08	chr8	59630574	59631310
peak_23727	62.1749718069574	1.92868304619094	0.340447757752317	6.02188277554527e-10	6.06782045837848e-08	chr12	98744818	98746367
peak_2255	43.4802724603181	2.08884775984832	0.367801726288419	6.40012416423635e-10	6.43622742875255e-08	chr1	40241503	40242270
peak_2775	62.6921321502795	1.93721554819596	0.343675161208911	6.49650138745616e-10	6.52028779017401e-08	chr1	53413100	53413942
peak_38055	34.1278292603761	2.67720056451998	0.482185009609628	6.52783228849146e-10	6.53886163184726e-08	chr17	3796442	3797055
peak_11806	104.528958711847	-1.28615613075356	0.222005370222638	6.57333370495194e-10	6.57152926040548e-08	chr10	60732358	60733710
peak_65892	49.484552951521	2.27118209138151	0.408563052864272	6.59739040377365e-10	6.58267215512335e-08	chr3	66472391	66473724
peak_3912	55.9325246600082	2.23382763148558	0.405862365556852	6.68478436857111e-10	6.6568440589056e-08	chr1	89669251	89670599
peak_7484	98.451700679449	-1.5105312013946	0.265020448866165	6.7152204611942e-10	6.67411755232841e-08	chr1	200530490	200531304
peak_48833	84.4256680844034	-1.57523056857916	0.276429229072032	6.77995490711914e-10	6.72534593179721e-08	chr2	23532317	23533517
peak_4930	166.096718055313	1.22784917459642	0.212996376106757	7.06767881537282e-10	6.98357891629067e-08	chr1	116504062	116505018
peak_73978	31.0733033911205	2.52055579196457	0.444314880760368	7.22020175628811e-10	7.12048755795175e-08	chr4	112288514	112288794
peak_426	22.6474008102096	3.23785500729251	0.572421730802204	7.25516806417066e-10	7.14115828030512e-08	chr1	8097381	8097695
peak_40200	37.9495625233908	2.1280114721552	0.372492273428453	7.32284116651332e-10	7.19388014866759e-08	chr17	48505747	48506298
peak_70746	39.4629816698181	2.60606802296195	0.478016645812543	7.63001109790841e-10	7.48122588149919e-08	chr4	4032490	4033808
peak_35387	44.7192682683139	2.00913834488623	0.353472168746143	7.82555310164747e-10	7.65822745567367e-08	chr16	16025119	16026027
peak_93527	91.6749716114662	1.64085581196295	0.2911577878306	8.00653993322545e-10	7.82033419608108e-08	chr7	139118278	139119517
peak_36469	74.0471575306939	1.50022667789294	0.261994791322174	8.39007299737319e-10	8.17927842914091e-08	chr16	57128661	57129396
peak_17762	28.9165435052191	2.59557854394575	0.458893347270439	8.46208206383735e-10	8.23373504020632e-08	chr11	76642119	76642627
peak_50787	38.4618419572031	-2.62647796809827	0.473571979086173	8.50894533567288e-10	8.263563559707e-08	chr2	70656633	70657389
peak_54484	34.7548867351247	-2.63186127109088	0.476293347979542	8.53785519772379e-10	8.27587614279744e-08	chr2	176826287	176826954
peak_23915	73.2347792843564	1.61795671090821	0.284871970086747	8.75375414107579e-10	8.46904949975124e-08	chr12	104494243	104495095
peak_4673	131.998385526494	1.1611702737777	0.201478696409853	9.1010532493491e-10	8.78837691233548e-08	chr1	110879625	110881700
peak_41692	68.9896357679084	1.56819103985618	0.275881913987133	9.72127074951393e-10	9.36954083997575e-08	chr17	78381449	78382363
peak_50752	77.0614771528471	1.63900965215401	0.290837381393322	1.00162569821699e-09	9.63563921684744e-08	chr2	70108538	70109469
peak_51510	51.6439980909918	1.90706526749612	0.340634299626126	1.0168954588055e-09	9.76411146189398e-08	chr2	96359436	96360282
peak_10388	74.2164227891717	1.70932597547865	0.305153736967428	1.03361456201528e-09	9.90599098851715e-08	chr10	17648241	17649058
peak_55934	37.4106496241193	2.50932565614204	0.458687236079857	1.04162908182346e-09	9.96407136319907e-08	chr2	213104041	213104863
peak_32074	19.6366374913535	3.52173669101495	0.623024200180825	1.0586110923854e-09	1.0107555272727e-07	chr15	38069063	38069654
peak_13814	119.554214997775	1.36335972830275	0.240337038707878	1.07005575609862e-09	1.01977313608307e-07	chr10	110355998	110357621
peak_30829	164.089721590892	1.33528300202723	0.237386160230298	1.14543679556202e-09	1.0895753816889e-07	chr14	93959343	93960083
peak_92957	85.3028473402859	4.28144098998955	0.842323877447476	1.1491185531215e-09	1.09104205864903e-07	chr7	126700934	126701612
peak_43668	27.7215334883167	2.7558257330591	0.497664438604414	1.16760290401231e-09	1.10653162944185e-07	chr18	54263445	54264419
peak_50443	34.1306129682669	2.30948504405927	0.41447325517081	1.26926799318404e-09	1.20064745640967e-07	chr2	63977742	63978420
peak_16807	61.2319279241431	-1.84958555711417	0.334060903816426	1.30757889345779e-09	1.2323145556717e-07	chr11	60775462	60775811
peak_71821	42.1479813312597	2.13415241124772	0.384824885671648	1.32074642535876e-09	1.2424276244159e-07	chr4	40672840	40673579
peak_105063	24.7098388493381	3.02669318425615	0.55160415400669	1.34051546824965e-09	1.25870205643051e-07	chrX	42948619	42949122
peak_46741	18.385758276973	4.09959476549126	0.734696325901098	1.34816359547782e-09	1.26355641689398e-07	chr19	39258297	39258766
peak_80647	41.7440593915206	2.5590331906574	0.484797722634083	1.40087800486391e-09	1.31055350377966e-07	chr5	145936507	145937990
peak_100520	42.6740458924027	2.27968335280351	0.417668402857754	1.40383986003438e-09	1.31091903120354e-07	chr9	37528912	37529662
peak_66555	50.9365699187224	2.13260303637931	0.386949024358963	1.41555528977614e-09	1.31944244980853e-07	chr3	98555822	98556804
peak_24795	39.0494791843204	2.115652111027	0.379345575163421	1.50233575220717e-09	1.39777537704443e-07	chr12	123427070	123428078
peak_43247	87.2653628761521	1.47087139854934	0.262197620452091	1.54777791786379e-09	1.43481827127642e-07	chr18	38940689	38941503
peak_46799	36.094936711198	-2.22562513389484	0.401131704676313	1.54742101105201e-09	1.43481827127642e-07	chr19	40143661	40144719
peak_82775	34.9597221090734	2.79595015578293	0.531661692971714	1.56636869487712e-09	1.4494169560255e-07	chr6	16471465	16472398
peak_16993	247.676185137108	1.07405197107456	0.190122278384542	1.57263069502942e-09	1.45008748059483e-07	chr11	63566798	63567729
peak_29500	33.2435647238692	2.8007427545344	0.527938209757472	1.57562559182821e-09	1.45008748059483e-07	chr14	59275035	59276484
peak_52204	25.7534116023958	2.91413100439237	0.533136255763118	1.575184504076e-09	1.45008748059483e-07	chr2	111534866	111535406
peak_2646	101.807892979025	-1.39562754900881	0.250050907657922	1.62862907095716e-09	1.49616723985264e-07	chr1	48775899	48777328
peak_78325	134.304107839231	-1.29762858169042	0.231805905440334	1.64337940579396e-09	1.50700256085991e-07	chr5	77155202	77155939
peak_49453	102.446731143764	1.3006788384919	0.231321945375348	1.66243044904579e-09	1.5217357069129e-07	chr2	37635166	37636103
peak_98480	35.0275906013826	2.41790041931752	0.443437053727064	1.70753482338523e-09	1.56022169364013e-07	chr8	127799508	127800468
peak_91952	20.9959680355146	-3.692043041023	0.664793423937016	1.71123798088549e-09	1.56080822349602e-07	chr7	99693406	99693786
peak_32223	25.5306183659561	2.83380595614282	0.519610014893304	1.75645447127391e-09	1.59910732402371e-07	chr15	41150473	41151233
peak_64393	101.695179991294	-1.50986797805556	0.273728155344445	1.75950105671616e-09	1.59910732402371e-07	chr3	31461955	31462955
peak_21202	127.844230404436	1.33758946471435	0.239946280985681	1.77320769450396e-09	1.60869693081813e-07	chr12	30851059	30851918
peak_16506	102.117220379673	-1.38272899514402	0.248946958986003	1.77760890322864e-09	1.60982535595054e-07	chr11	46331223	46331915
peak_39156	48.6504958885424	-1.92566309224987	0.348146996309507	1.798320718907e-09	1.62569468393958e-07	chr17	30323329	30324275
peak_64166	102.499149792629	-1.41006440977417	0.253872025957921	1.80329908563815e-09	1.62730986159905e-07	chr3	23202485	23203996
peak_41559	108.440646557334	-1.33042764803493	0.238129078699994	1.80948900136807e-09	1.63001071066701e-07	chr17	76752789	76753908
peak_104838	74.4754679283387	-1.72453166004072	0.315335981388507	1.82983246312643e-09	1.64542924100466e-07	chrX	38801015	38801679
peak_57678	17.7787938522906	3.59971131170625	0.649420543415243	1.83676818760547e-09	1.64875814812065e-07	chr20	5846284	5846558
peak_96936	54.237673692949	2.22163892916061	0.420894176574192	1.86858906991531e-09	1.67437403020566e-07	chr8	78804333	78806036
peak_9164	59.9443036974457	1.65427365224013	0.2979827174326	1.89625508256594e-09	1.69618353753872e-07	chr1	236416007	236416899
peak_90150	29.0784808827352	2.55615200678846	0.464950212955732	1.90924879374923e-09	1.7018349475192e-07	chr7	37341057	37341506
peak_104633	21.5221168297414	3.16466948433677	0.576754519131737	1.90703475344138e-09	1.7018349475192e-07	chrX	23745851	23746241
peak_57287	172.525831002798	1.13499977424673	0.2026289921697	1.92813598361048e-09	1.71567087714422e-07	chr2	241035475	241037208
peak_13422	20.0241782606753	3.33993867248578	0.608681822388635	1.97093473589935e-09	1.75069823074154e-07	chr10	100204350	100205200
peak_49724	33.12734311054	2.83614939148933	0.542251227872147	2.04614119074718e-09	1.81434008263367e-07	chr2	43569358	43570404
peak_63798	83.3720163341335	-1.41189392178957	0.25350632392185	2.06055220041865e-09	1.82394643212752e-07	chr3	13866083	13867336
peak_79721	40.1925344144815	2.05752701829476	0.374006191463584	2.07595354530551e-09	1.83439458337862e-07	chr5	124583507	124584405
peak_23589	35.3687269186555	-2.26444042902291	0.410975281135951	2.10379887959213e-09	1.855783558389e-07	chr12	95334395	95334814
peak_70781	44.5899533610181	2.14768067207831	0.395261865329642	2.14764590056124e-09	1.89118953171011e-07	chr4	4943806	4944463
peak_8183	73.4061190943661	1.4886380172023	0.268719346013554	2.28273713557523e-09	2.00668337231791e-07	chr1	212950257	212951498
peak_4958	25.7462404279576	3.08918552029404	0.589562406738003	2.33807030502565e-09	2.05178747972526e-07	chr1	116808439	116809398
peak_35154	52.2679045571786	2.08863659459972	0.391415664801499	2.39019617470281e-09	2.09392684129549e-07	chr16	10876639	10877991
peak_33754	57.9287968517923	-1.6599561716711	0.30046180643994	2.41287383663685e-09	2.11016784622241e-07	chr15	78072414	78072942
peak_37760	61.8028679466794	-1.81850602398421	0.336076179344721	2.56498639134044e-09	2.23935609843979e-07	chr16	89534107	89534853
peak_89369	29.6572037634781	2.90919095589303	0.553015480885903	2.63888498583691e-09	2.2999348698783e-07	chr7	17022798	17023480
peak_98372	30.7597955770884	2.55314919567829	0.4722821467138	2.65775813884516e-09	2.3124309977331e-07	chr8	125151643	125152426
peak_13998	47.2854578439665	2.09856490403091	0.390740723449666	2.68025573373869e-09	2.32407344966668e-07	chr10	114801144	114801877
peak_61232	71.8620688946136	-1.55680846591847	0.283564142031803	2.67802286471867e-09	2.32407344966668e-07	chr21	44657455	44658432
peak_23922	78.6106991756313	1.74550475800778	0.324665543353015	2.73566961781694e-09	2.36809594455033e-07	chr12	104568206	104570279
peak_42209	50.5960192996189	2.00675254513972	0.371216005438069	2.74694221720229e-09	2.37382365908943e-07	chr18	3305226	3306146
peak_6290	37.2903632575748	2.1493474437808	0.394414796012951	2.7703174564354e-09	2.38997302595289e-07	chr1	168421220	168422009
peak_48205	83.6792341436106	-1.52275112039323	0.278527994217851	2.85406091061083e-09	2.45593945061502e-07	chr2	6913558	6914207
peak_75357	70.686489869728	-1.61427818916416	0.295565976133446	2.85641567138961e-09	2.45593945061502e-07	chr4	165255471	165256635
peak_61617	53.2683255940592	-2.19395858496781	0.415659972504157	2.87435725722936e-09	2.46720503564135e-07	chr22	19607296	19607818
peak_37434	100.526285253145	-1.3470167900793	0.244553222475562	2.95548425818599e-09	2.53257681324153e-07	chr16	84819498	84820237
peak_75044	35.0802764008738	2.32565205517119	0.432303200196117	3.00316150656431e-09	2.56488613059106e-07	chr4	152606827	152607364
peak_76996	49.4627060295244	-1.76546932051503	0.322077794841566	3.00324995089409e-09	2.56488613059106e-07	chr5	35830361	35831163
peak_10390	81.0746007287441	3.12178335368992	0.605901904429692	3.03140726846547e-09	2.58227656067007e-07	chr10	17655219	17656957
peak_64500	32.1173261184205	2.66748840399051	0.505877711520178	3.0337419288459e-09	2.58227656067007e-07	chr3	32992568	32993498
peak_83946	82.0545135618363	-1.54505915089067	0.284246519762095	3.07924452422837e-09	2.61663935520513e-07	chr6	39724867	39725709
peak_31251	36.5455060532908	2.08894132892314	0.384572336183302	3.0866323869137e-09	2.61855305955377e-07	chr14	102819142	102820200
peak_46037	23.8913632479582	3.11619587199021	0.595903708947404	3.09794322878567e-09	2.61943173238584e-07	chr19	18474992	18475502
peak_82023	35.8567811726944	2.56109598122759	0.489720379365051	3.09618808010574e-09	2.61943173238584e-07	chr6	209498	210255
peak_69968	47.2372677211448	1.95014246947037	0.359331478923194	3.16768562313089e-09	2.67396720498264e-07	chr3	187999743	188000510
peak_48608	103.301463998635	1.32322801697113	0.240987802085001	3.23537533867227e-09	2.72659251268668e-07	chr2	15176837	15177625
peak_64114	67.04066017146	1.84425455285717	0.346843290848513	3.25941086506241e-09	2.74231555059524e-07	chr3	20054572	20055739
peak_44917	87.7833628083492	-1.58062399745067	0.29347586282908	3.34960849257037e-09	2.81356076774618e-07	chr19	3095374	3096337
peak_71676	44.7487517854326	2.00641728185659	0.373385597190566	3.37783108590819e-09	2.83260025898215e-07	chr4	38128990	38129611
peak_87037	48.0251624910216	1.93345663843703	0.359685077003446	3.50380190622275e-09	2.93341287341007e-07	chr6	137736204	137736894
peak_91392	68.8652502690072	-1.63634998464474	0.303160879726016	3.52688519999574e-09	2.9478978492948e-07	chr7	80133847	80135979
peak_37700	173.017331827324	-1.18432883951876	0.21639536059066	3.57218131847163e-09	2.98087130447781e-07	chr16	89096775	89098705
peak_83066	27.3625313660702	2.79239418031808	0.525974371864633	3.58005144468007e-09	2.9825572378833e-07	chr6	25053952	25054525
peak_80072	97.7867015936923	-1.37063443527109	0.25127659049409	3.651592785855e-09	3.03719591810119e-07	chr5	134086463	134087418
peak_19648	131.018775743385	-1.22970864388898	0.224518028182343	3.6973941856933e-09	3.07028240963776e-07	chr11	129278638	129280093
peak_87329	29.9563928165179	2.51165724319637	0.470786308924583	3.73913281801564e-09	3.09989310340399e-07	chr6	143441448	143442256
peak_32902	48.5525942374035	1.81902471045332	0.336005073951094	3.81305434198336e-09	3.15604527078512e-07	chr15	60582473	60583083
peak_89370	23.9407057835526	3.6396563703462	0.74165547919758	3.82758667763115e-09	3.1629389683258e-07	chr7	17028987	17029609
peak_44694	76.4270659763223	-1.48419055936529	0.273335919217622	3.90159526550998e-09	3.21887922665521e-07	chr19	1030427	1031050
peak_3630	130.78915279996	-1.14286385940681	0.207833083363023	3.91566130406213e-09	3.22204191834799e-07	chr1	84077497	84078809
peak_9145	75.4354718892173	1.61133111126838	0.297883489825411	3.91806768402258e-09	3.22204191834799e-07	chr1	235998875	236000069
peak_43337	61.7695517494167	1.6902546031152	0.313326011728895	3.97655898732517e-09	3.26487659464994e-07	chr18	44724464	44725994
peak_30430	25.751185283198	2.7384288740703	0.515508668233214	4.01674562447778e-09	3.29256900980103e-07	chr14	80973818	80974256
peak_76057	122.142387364548	3.22681018892213	0.642650106836515	4.13926140627212e-09	3.38755027383933e-07	chr5	912237	912995
peak_85700	66.67516478142	1.6746327253298	0.313160977567845	4.24304832958437e-09	3.46692407263123e-07	chr6	106163396	106164906
peak_35878	32.5479966697336	-2.55095345161391	0.481533778980817	4.37351462009386e-09	3.56780826272169e-07	chr16	29756552	29757048
peak_20619	35.4893989774306	2.60488731218125	0.510719307909146	4.4827652924502e-09	3.65109059426303e-07	chr12	12502595	12503721
peak_6660	179.93925155162	-1.1791736789654	0.217459826726084	4.52995853438208e-09	3.68364379320582e-07	chr1	178724801	178726580
peak_72857	30.0969972658009	2.78420268665618	0.537292547749656	4.58218753528367e-09	3.72018174640085e-07	chr4	80077695	80078002
peak_34624	56.8528874433754	1.67586919322441	0.311366507541895	4.63826895342455e-09	3.7597262457759e-07	chr15	101641207	101642451
peak_52330	144.456497316085	-1.22807592911709	0.226351025417467	4.6990522233424e-09	3.79692356036982e-07	chr2	113876479	113877197
peak_82159	27.0369597131468	2.79822436039387	0.535277734497982	4.69226885926258e-09	3.79692356036982e-07	chr6	2862777	2863276
peak_24246	16.4774282095305	3.57215680986347	0.661425082976221	4.73129448343486e-09	3.81692690715838e-07	chr12	111546863	111547307
peak_91553	56.8050566321119	-1.8061945080008	0.339436622032824	4.74434764027693e-09	3.82141088131374e-07	chr7	87600227	87601118
peak_49836	39.978058821318	2.05894744872655	0.386816791734233	4.83147026055804e-09	3.87932823157184e-07	chr2	46229427	46230475
peak_64120	34.5887906366941	2.55144460304099	0.496656285506017	4.91086480664408e-09	3.93687661999301e-07	chr3	20104048	20104816
peak_8385	34.0177710775184	2.14773541581553	0.401194064356409	4.93387730229487e-09	3.94911566930622e-07	chr1	221439440	221440280
peak_84271	33.6866930260418	2.72866104189949	0.531158241214417	4.95462845513766e-09	3.9595091914365e-07	chr6	45441577	45442402
peak_46437	52.3218606551644	1.88278172879241	0.355674453477507	5.10186879269402e-09	4.07079627956647e-07	chr19	33235350	33236384
peak_29859	24.4310449818638	2.7135406875827	0.510624534433098	5.13098441213735e-09	4.0876308005818e-07	chr14	67680147	67680757
peak_11596	21.5941609488578	3.2449923848079	0.623544167395216	5.21844206498055e-09	4.15081883190481e-07	chr10	50321880	50322395
peak_4814	155.224383708856	1.13102161260555	0.20842308054358	5.26620804321047e-09	4.18228790173098e-07	chr1	113783385	113784846
peak_105888	74.824211104737	1.41060814296645	0.260980317154896	5.33209986885487e-09	4.22803178714517e-07	chrX	72100022	72101240
peak_47099	57.1398479405539	1.56990294889744	0.291243348339849	5.35319407566909e-09	4.23816697425565e-07	chr19	45016194	45017223
peak_6702	57.0524264944438	-1.65394696576153	0.30811389290943	5.52026878256531e-09	4.35691059052438e-07	chr1	179709579	179710396
peak_88908	23.2727846540453	-2.94913142661154	0.556864057023418	5.51830124671811e-09	4.35691059052438e-07	chr7	3464931	3465189
peak_37347	56.0434688678511	1.68035975392902	0.313363783636077	5.58561927634667e-09	4.40167518429384e-07	chr16	82655277	82655871
peak_92552	55.9604114687227	-1.73669404366921	0.325161657875735	5.6926386376469e-09	4.47908755523248e-07	chr7	111024787	111025354
peak_48693	17.9680762688585	3.47373032364713	0.649441199255686	5.75255109612596e-09	4.51925377792108e-07	chr2	17749930	17750202
peak_54487	24.6435236657621	2.70894728390619	0.511036614129366	5.78446987328014e-09	4.53733816860094e-07	chr2	176931847	176932584
peak_8249	66.8096096853233	1.62651178885825	0.30451090803988	5.79349716030467e-09	4.53743849793078e-07	chr1	214631808	214632668
peak_20610	31.9217523297973	2.81645299329805	0.557077043346646	5.80729064493336e-09	4.54126565678792e-07	chr12	12456345	12457097
peak_3806	140.319187784172	-1.0680076937502	0.195854018915692	5.84060998699311e-09	4.56032681159006e-07	chr1	87328170	87329517
peak_29620	25.9543976958471	-2.86274663779179	0.546283284226642	5.85947143726288e-09	4.56805826758846e-07	chr14	61569854	61570195
peak_8484	138.379649937182	-1.11010649377333	0.204671206641539	5.88918377331299e-09	4.5772244491789e-07	chr1	223363430	223365346
peak_67676	38.2906095487788	2.28000953854334	0.439311446216329	5.88632019995233e-09	4.5772244491789e-07	chr3	126034318	126035193
peak_62456	68.0829023082016	1.47236319513316	0.273651021448385	5.93679359820568e-09	4.60720484624224e-07	chr22	37162368	37162979
peak_26301	190.181899214148	1.06059955308709	0.195428228017207	6.15072153502694e-09	4.75173906504985e-07	chr13	45367259	45368135
peak_51277	87.1686346419299	1.43155893577834	0.267962588272358	6.13658703190934e-09	4.75173906504985e-07	chr2	87466442	87467353
peak_62612	32.9670228429147	2.16392374089493	0.40607551192303	6.15099788752383e-09	4.75173906504985e-07	chr22	38985031	38985580
peak_80648	55.4308880822311	3.66646692950024	0.741847566642724	6.25461858791472e-09	4.8171900804142e-07	chr5	145946107	145947050
peak_78752	104.712527995052	1.39859711428002	0.26275500775622	6.3012973911924e-09	4.84582124867776e-07	chr5	91314048	91314755
peak_51977	35.2458397644757	2.35019691211179	0.454280039726097	6.43101471559179e-09	4.93812825736691e-07	chr2	106107543	106108065
peak_46672	35.7727664412246	2.14935714449443	0.409747276585949	6.63850556150775e-09	5.08978713622608e-07	chr19	38426119	38427670
peak_27748	88.4888313908275	-1.47761945620219	0.278813614654368	6.87385090261305e-09	5.26231474655599e-07	chr13	99375127	99375734
peak_44847	34.3687537729026	-2.24954057453162	0.428964765451945	7.3365838488607e-09	5.60814189082477e-07	chr19	2332323	2332659
peak_1376	155.017217042383	1.02967037796942	0.189830432805778	7.46216528965655e-09	5.69016910704274e-07	chr1	25031918	25032685
peak_32125	24.3972283114862	2.69241993967494	0.513051514414738	7.46621255366491e-09	5.69016910704274e-07	chr15	39623387	39624101
peak_56302	89.5723296014278	1.64503579745928	0.318438565790937	7.66089036127194e-09	5.82667206196816e-07	chr2	222318077	222320308
peak_87589	75.0785912033494	1.55654000858989	0.295527377552857	7.6681774478889e-09	5.82667206196816e-07	chr6	149473413	149474948
peak_33747	78.2228189849523	1.48145148490828	0.27963762601344	7.89314072458017e-09	5.98868560987268e-07	chr15	78049737	78050767
peak_85314	26.4021406930305	-2.64150564945212	0.50824867456974	8.02516040522357e-09	6.07980428559776e-07	chr6	90192975	90193653
peak_42568	92.9105607856247	1.39123624149276	0.262731001536048	8.11262281363767e-09	6.13694639133724e-07	chr18	12838421	12840587
peak_93183	29.8356717275355	2.68415157420314	0.532983252426843	8.19121304172907e-09	6.17936934890607e-07	chr7	130941690	130942403
peak_100242	45.7694767060771	2.1259357943868	0.414301617630146	8.19294253297082e-09	6.17936934890607e-07	chr9	33164369	33164865
peak_24456	79.7939885818633	1.47928260594024	0.280308519238026	8.22055213959649e-09	6.1910350279094e-07	chr12	116924346	116925295
peak_98950	156.189279788907	-1.12184583188058	0.209506042708621	8.29162964016243e-09	6.23535440757112e-07	chr8	141000994	141002623
peak_88456	273.72873028966	1.10482129646764	0.207549490577511	8.3330749576428e-09	6.24809058515259e-07	chr6	166949780	166951611
peak_25600	63.1982042647415	-1.51016648515287	0.283910783223663	8.46320022723589e-09	6.33633960037958e-07	chr13	27293198	27294573
peak_103150	58.303415393291	1.68915668232749	0.321724379697454	8.49971767852969e-09	6.35434905509552e-07	chr9	131709850	131710586
peak_82040	85.0900823811323	1.56580533142315	0.298741420047491	8.63305652613543e-09	6.44458301671363e-07	chr6	399677	400335
peak_42857	35.1875321892903	2.27530392296576	0.440548014535851	8.65525098995587e-09	6.45170507271769e-07	chr18	23972328	23972848
peak_26543	49.9352066843358	1.68909766190252	0.319768742005257	8.71535683107242e-09	6.47756827097753e-07	chr13	50365368	50367053
peak_40474	20.6413233987823	3.0398508688933	0.588325451830227	8.70579913046833e-09	6.47756827097753e-07	chr17	55089847	55090636
peak_96686	44.8038111689156	-1.88273366468069	0.358951321084794	8.76071929392862e-09	6.50180544279832e-07	chr8	67400747	67401574
peak_18008	49.8959406418999	3.81323063936999	0.777750269049777	8.7990905906386e-09	6.50238661492308e-07	chr11	86176145	86177205
peak_31249	27.9701406886673	2.30483458908979	0.43851845460119	8.78682293877324e-09	6.50238661492308e-07	chr14	102805450	102805912
peak_55620	45.8126846415001	2.15690160847625	0.424120573264368	8.79976221766157e-09	6.50238661492308e-07	chr2	203987008	203988123
peak_82665	30.3732134429238	-2.28655482636359	0.435400743105369	8.82507771449856e-09	6.51165575038239e-07	chr6	14661070	14661638
peak_44320	21.8248463199741	3.18976728031627	0.62298967753123	8.93227250959897e-09	6.58122610078631e-07	chr18	75037116	75037801
peak_44522	28.4258511165675	2.58707623061474	0.502984314513106	8.97887396880653e-09	6.60601541376002e-07	chr18	79156416	79157702
peak_21241	35.2962738412427	2.49076365753365	0.490584037793234	9.05381070500898e-09	6.65155032572893e-07	chr12	31749084	31749617
peak_83823	18.8424433601067	3.5537377260438	0.684961089471875	9.0806415601233e-09	6.66166317387693e-07	chr6	36865851	36866161
peak_45104	173.092717496999	1.08387520723398	0.202882406558776	9.48349398099978e-09	6.93723707482431e-07	chr19	5130210	5131196
peak_39712	132.034577559372	-1.16574356233617	0.218918261164491	9.50069245697346e-09	6.93986111190901e-07	chr17	41338902	41339721
peak_103146	150.790434418974	1.08909256837009	0.203520718833126	9.59287697809312e-09	6.99717347074472e-07	chr9	131667653	131669376
peak_70543	48.4166030548283	1.75588459038986	0.335032231571789	9.60791781143126e-09	6.99813282190906e-07	chr4	1187089	1187733
peak_87303	88.3987448067568	-1.39868559489407	0.265959018757886	9.71385790654428e-09	7.06520341259724e-07	chr6	142900523	142901111
peak_70361	50.6507116618882	1.71176055887302	0.326128373855881	9.77435599840026e-09	7.09907856031959e-07	chr3	196274341	196275269
peak_20146	40.5467277982704	2.16348133030912	0.423492255798277	9.88999859128406e-09	7.17285160988918e-07	chr12	4806750	4808144
peak_9045	72.7209290751533	-1.46623949416199	0.278341587385213	1.01925242714819e-08	7.3817619674116e-07	chr1	234522542	234523899
peak_11619	56.6003001963366	3.69368411137373	0.767245795325121	1.02335685326983e-08	7.40097482564762e-07	chr10	50508095	50508907
peak_3253	31.6511946419826	2.39211989789807	0.468265347508462	1.05015034060868e-08	7.58398941448641e-07	chr1	67194430	67195311
peak_55677	74.3752259727294	-1.36895911245592	0.258235756624306	1.05348272523284e-08	7.59729423319963e-07	chr2	205076091	205077602
peak_81084	26.4073541615835	2.74605268486386	0.542596640906991	1.06021030082061e-08	7.63501163808469e-07	chr5	157344049	157344774
peak_62553	48.7139865062827	-1.91834207086607	0.37277711980309	1.06444732737579e-08	7.65471247300172e-07	chr22	38267054	38267641
peak_106801	102.225771271373	1.32519651636335	0.249188472531021	1.08847607408721e-08	7.81648466386061e-07	chrX	115732285	115733288
peak_60440	22.8372905286578	-3.35681864251362	0.661710206249079	1.11304443241843e-08	7.98167136867595e-07	chr21	24290149	24290683
peak_5029	88.0264804518314	1.31193230716688	0.24826620139952	1.12366154292009e-08	8.0352044077593e-07	chr1	117661040	117661427
peak_69398	83.9633871418186	1.43555022611675	0.274814983423769	1.1230154431851e-08	8.0352044077593e-07	chr3	172476862	172478434
peak_12603	134.511913625612	1.15905621599662	0.218645196611191	1.13048561323286e-08	8.07074956666558e-07	chr10	79285365	79286910
peak_81936	97.1772464079982	1.2265417826122	0.23126824807297	1.13179812893067e-08	8.07074956666558e-07	chr5	179836606	179837628
peak_34801	93.5734394922771	-1.61427663404443	0.316736090616233	1.1335843069192e-08	8.07219685371258e-07	chr16	1855248	1855864
peak_2820	40.2351162875593	-2.06520406240303	0.399759121410502	1.14033612629736e-08	8.10895086965095e-07	chr1	54287287	54287623
peak_94801	26.9998085197349	2.64411081896629	0.525088169607154	1.16141581238606e-08	8.24734632455648e-07	chr8	9079813	9080554
peak_72946	20.4533163762465	-3.38397964647263	0.660843009606253	1.16717924846935e-08	8.27674564151019e-07	chr4	81648969	81649209
peak_63431	61.2282224645219	-1.53481036582358	0.291994449641559	1.17643743810996e-08	8.33081100270482e-07	chr3	5019483	5019848
peak_59240	102.201319903298	1.23555453441575	0.234245483787694	1.18971444830305e-08	8.41314575051028e-07	chr20	48827230	48828555
peak_17582	19.9026259129389	3.01920739816535	0.586075564626402	1.2067327152775e-08	8.52167232979759e-07	chr11	72969763	72970623
peak_78802	23.7872054085622	2.76244925187817	0.541516246446591	1.20924578128725e-08	8.52760793979415e-07	chr5	93994959	93995794
peak_1434	44.2572998961233	-2.02858114478169	0.39646153576406	1.21841031565647e-08	8.58036855719075e-07	chr1	25754675	25755244
peak_88471	33.1245456053806	2.4857294676679	0.495287512865541	1.22078156757321e-08	8.58520951783278e-07	chr6	167079858	167080346
peak_78897	31.9519947993103	2.55165109846166	0.51203412568052	1.23654501633634e-08	8.68408873318524e-07	chr5	96565818	96567136
peak_29481	34.7715783726503	-2.43709591459699	0.487189493507218	1.24596327993429e-08	8.7381958446671e-07	chr14	58572055	58572673
peak_32126	22.8316087989414	2.71602805047839	0.527722044974349	1.25940763132255e-08	8.82035130365544e-07	chr15	39624809	39625185
peak_62993	31.8849034129595	2.23637530261793	0.431561922441892	1.32867630691369e-08	9.26982623812911e-07	chr22	44455251	44455937
peak_65345	43.5104452258831	2.14240806669193	0.428579921524994	1.32903992862205e-08	9.26982623812911e-07	chr3	50316619	50317131
peak_6918	55.3002304971657	1.69320810612448	0.327001152346198	1.33847832814313e-08	9.32290383042424e-07	chr1	184745806	184746371
peak_100303	21.720258527118	3.03230342943382	0.598558623851868	1.35489804671648e-08	9.42439724555069e-07	chr9	33988369	33989004
peak_81245	119.951242210508	1.49321730654925	0.292811460488097	1.36288698432749e-08	9.4670511965833e-07	chr5	160467484	160468560
peak_99305	46.5046350328386	1.93453624151945	0.37907694957718	1.39253655785002e-08	9.65984611408722e-07	chr9	2026595	2027144
peak_84253	44.8403490691984	-1.76003177905907	0.338735974022782	1.43540837234646e-08	9.94371348810551e-07	chr6	44976956	44977784
peak_22582	30.5949053708665	2.65012442038527	0.542099597117032	1.47051902212794e-08	1.01731184344932e-06	chr12	64714229	64714937
peak_55761	33.7246449647155	-2.19041964718165	0.426245108557965	1.49168246219583e-08	1.02915997317343e-06	chr2	207135340	207135908
peak_37215	28.907456691412	2.22284832485026	0.430885820409107	1.51483710405706e-08	1.04372276469532e-06	chr16	79283604	79283951
peak_6960	44.0088941822742	1.9542808616065	0.382516192888596	1.52310691968753e-08	1.04800444544114e-06	chr1	185439266	185440449
peak_8617	106.315877468931	-1.21220198219358	0.231307545129314	1.53232419944306e-08	1.05292562847445e-06	chr1	226002060	226002609
peak_55326	45.8417896237207	2.20017736968409	0.44453009591994	1.54922467626747e-08	1.06310591311135e-06	chr2	197996355	197997456
peak_66556	104.835974248876	1.46111343292759	0.285778305658256	1.56743413350946e-08	1.07415587004185e-06	chr3	98563408	98564912
peak_16607	39.0118113455239	2.44344115595437	0.505356831540414	1.57483570668977e-08	1.0777795079367e-06	chr11	48011729	48012385
peak_102916	34.6194468366394	-2.26498078972279	0.448470201451859	1.58508629542183e-08	1.08334061472356e-06	chr9	128587129	128587792
peak_58810	60.9621844597785	1.57645284854752	0.304819296425069	1.62523379397567e-08	1.10929277402468e-06	chr20	38872661	38873570
peak_74210	53.1026994055034	-1.65592797450175	0.321731190527824	1.64709062324321e-08	1.12270805503581e-06	chr4	120921942	120923299
peak_27701	98.0512909475818	-1.24061413080437	0.237738139532365	1.65455160261e-08	1.12628795741887e-06	chr13	99045899	99046839
peak_98721	32.2969473793952	2.37463572976714	0.478875077183467	1.714414839554e-08	1.16548206679334e-06	chr8	133152747	133153374
peak_24780	96.6812749023048	-1.28130871604303	0.246672126688111	1.7193061913692e-08	1.16725093839081e-06	chr12	123222809	123223728
peak_90742	35.04908024638	2.4887726026884	0.513411817388997	1.75827128815794e-08	1.19211728587794e-06	chr7	55308785	55309573
peak_77567	40.0300135540741	-1.95573230645873	0.38478399767652	1.79143287336863e-08	1.21298800108331e-06	chr5	56154960	56155808
peak_53236	52.7305839006621	1.90967908502178	0.383354894690311	1.81422756664655e-08	1.22679319248065e-06	chr2	144324138	144325913
peak_1126	24.5157986194854	2.53863972057633	0.501234678803755	1.82153742818974e-08	1.23010473263155e-06	chr1	21022293	21023003
peak_50333	27.6356961621222	2.77888174295444	0.570761714807757	1.90051442619829e-08	1.28004793307987e-06	chr2	60992786	60993365
peak_67648	104.167632255311	-1.19568082991132	0.229701046269167	1.90929525884644e-08	1.28426554178819e-06	chr3	125357010	125357775
peak_48963	32.8357097646362	2.16314300606549	0.425634146763328	1.91541274848023e-08	1.28668293009239e-06	chr2	26068529	26069089
peak_29482	39.4169381109342	-1.85947593585566	0.362670367350303	1.9334341361939e-08	1.29707990615766e-06	chr14	58597935	58599225
peak_85784	31.4744487043134	-2.27647082262603	0.453182437868559	1.95111424725815e-08	1.30722090684237e-06	chr6	107731812	107732231
peak_64506	51.2422646225787	1.89325779069329	0.377988228200404	1.97734018951784e-08	1.32305337142725e-06	chr3	33021955	33023524
peak_4494	152.118297521792	1.11476507305633	0.214288316113509	2.03423786948106e-08	1.35934013123672e-06	chr1	107785961	107786956
peak_82241	74.9806281013789	1.4931539084219	0.293329174091907	2.03883479818614e-08	1.36062867827642e-06	chr6	4059244	4060269
peak_8695	32.4527570957365	2.11646003948131	0.417199513128763	2.07909774911161e-08	1.38568467759745e-06	chr1	226990092	226990592
peak_69344	45.8687664173305	-1.7934306890823	0.351142079317881	2.08630617608801e-08	1.38867371663216e-06	chr3	171494507	171495069
peak_3622	104.985592759686	-1.26389938160817	0.245488580604689	2.10107484655822e-08	1.39503288279824e-06	chr1	83860453	83861274
peak_21099	24.8998777030699	2.3343619812756	0.457340100509252	2.10406834596134e-08	1.39503288279824e-06	chr12	27179423	27180162
peak_95275	27.8772679384624	-2.25852653351108	0.442033452292679	2.10274492201592e-08	1.39503288279824e-06	chr8	22531511	22532134
peak_17718	57.0248663157413	1.72051744864119	0.341009075657647	2.1520747232347e-08	1.42500885504993e-06	chr11	75507881	75509058
peak_102706	67.7004414251083	-1.38535981467294	0.268575528549113	2.1763195075567e-08	1.43919359808413e-06	chr9	124894577	124895936
peak_101084	77.850262923577	-1.3256175362992	0.256661841494403	2.2048833654247e-08	1.45619408380238e-06	chr9	76023741	76024563
peak_102192	36.1811019161013	2.06765573779808	0.410877483103007	2.26031732098557e-08	1.49087372480945e-06	chr9	109117940	109118347
peak_49641	26.8999950647457	2.3431356532704	0.464742232471344	2.27506201598956e-08	1.4986603610755e-06	chr2	42292786	42293695
peak_14510	72.1918120953479	1.42599086796024	0.277667217007538	2.27936338402453e-08	1.49955640642419e-06	chr10	128095227	128096128
peak_70044	31.3204429832735	2.63049934521907	0.551552016827975	2.2915650698853e-08	1.50564093625222e-06	chr3	189393382	189394511
peak_9076	76.6360603597842	1.51439517022217	0.2994457584512	2.31220543828975e-08	1.51724718760156e-06	chr1	234978401	234979844
peak_11624	31.0782770529	2.23777232692488	0.447009211425236	2.33197182827259e-08	1.52825084365432e-06	chr10	50538903	50540493
peak_1630	65.8935483361087	1.41983647038093	0.276569332293625	2.34038467076309e-08	1.53179528656646e-06	chr1	28199319	28200219
peak_16147	43.2644250797586	-1.97278748790291	0.393856266564725	2.40069444622028e-08	1.56925393634599e-06	chr11	33893699	33894268
peak_42943	142.844560028668	-1.09855133793582	0.212381981290522	2.42680111796149e-08	1.58428785915985e-06	chr18	26215487	26216260
peak_78113	18.1114168765982	3.37468010676666	0.679009563947314	2.43983720640944e-08	1.59076137859324e-06	chr5	72234252	72234641
peak_8397	22.1171321220992	2.60833211448545	0.516473702007676	2.44670109867174e-08	1.59319926202909e-06	chr1	221715605	221715951
peak_61902	33.938200335139	-2.09151582344037	0.414666054667755	2.46284234664673e-08	1.60166428426187e-06	chr22	24037789	24038556
peak_42862	39.6625767758539	2.32510602248616	0.487917167410207	2.49451667886774e-08	1.62019652724523e-06	chr18	23999808	24001155
peak_105730	37.5834504501932	1.9661361900703	0.38903876634967	2.53176530048e-08	1.64229752684826e-06	chrX	68503996	68504825
peak_69382	38.596246683776	2.05357063947359	0.41384195650402	2.54045413396811e-08	1.64583982813848e-06	chr3	172129839	172130672
peak_15912	41.7868874285394	-2.06440514940419	0.416489749580293	2.57422915495494e-08	1.66560466617427e-06	chr11	22690767	22691334
peak_40517	85.1212384065722	-1.37349658830969	0.270035961331681	2.60161732099535e-08	1.68119215118212e-06	chr17	56602528	56603242
peak_76846	24.3262347846289	-2.7064853229651	0.542443738988274	2.61264682835471e-08	1.68618242013283e-06	chr5	31867175	31867737
peak_99958	48.275640070075	-1.87599336414353	0.374593273729522	2.65060599958846e-08	1.70851829955774e-06	chr9	21576224	21577071
peak_76982	25.333672624456	-2.4053427568012	0.478760178071859	2.84904198746703e-08	1.83410675218427e-06	chr5	35672955	35673294
peak_60322	71.1608449866509	1.54496818417556	0.307842948167454	2.85958428534877e-08	1.83857206018654e-06	chr21	17775109	17776209
peak_98720	80.2329248154311	3.33121126466017	0.722358409887912	2.881142422634e-08	1.85009984333019e-06	chr8	133138639	133139524
peak_90118	86.1697719774617	-1.37368585055064	0.270758023268151	2.90481012471011e-08	1.86295155998075e-06	chr7	36780931	36781353
peak_82377	122.280422312257	-1.20905057882081	0.237794674899339	2.91293026017879e-08	1.86581233976729e-06	chr6	7051278	7052995
peak_78496	55.8210605366793	-1.54913420811902	0.305139140956042	2.96396857754092e-08	1.8961217301694e-06	chr5	80957944	80958490
peak_95605	32.4135958466295	2.16327476409054	0.434957742817347	2.97021700104764e-08	1.89773789493001e-06	chr8	29737335	29737983
peak_73504	27.0958350186779	2.48829797892949	0.504149606423431	2.99042227536197e-08	1.90825619689118e-06	chr4	99851045	99851816
peak_13914	13.8051300187297	4.25312262178075	0.8256146707574	2.99760691222643e-08	1.90971999856624e-06	chr10	112532236	112532517
peak_91748	21.216347356461	2.64007593462357	0.525656729259211	3.00020734878508e-08	1.90971999856624e-06	chr7	93165234	93165823
peak_62646	63.4832053862449	-1.43481966304131	0.282502800438966	3.0718792170548e-08	1.9529031640992e-06	chr22	39412071	39413175
peak_48975	90.6664162199459	-1.26316030295024	0.24818123524444	3.09650327788881e-08	1.96610605387844e-06	chr2	26298580	26300527
peak_80188	35.2734140165854	2.13011337665046	0.430819689760337	3.10595870937728e-08	1.96965685020286e-06	chr5	136036949	136037781
peak_67283	21.8884400069678	2.70390477158546	0.542748053671079	3.18771613589232e-08	2.01899248328703e-06	chr3	114327759	114328678
peak_82789	38.4369930892385	1.92054701914549	0.383561381948165	3.2031738639173e-08	2.02375492720802e-06	chr6	16651796	16652316
peak_96394	38.5558495770002	2.14363910146071	0.439395884044963	3.26290170169509e-08	2.05639439014371e-06	chr8	58991413	58992302
peak_43336	82.0020271283538	1.30991949421935	0.258665060685465	3.27914453603937e-08	2.06407979400621e-06	chr18	44678987	44681026
peak_57679	16.0677912663358	3.56943636054419	0.717536071196939	3.34304160358025e-08	2.10170553884269e-06	chr20	5865169	5866045
peak_38997	40.662838302511	2.05755500140707	0.421892798806275	3.35860815668774e-08	2.10889156991233e-06	chr17	27471674	27472340
peak_35886	54.3652692437321	-1.69816843109385	0.342077216387828	3.3651750454182e-08	2.11041592700728e-06	chr16	29827052	29827574
peak_85868	16.5419262264834	3.27393322388597	0.654163047683556	3.38643179055061e-08	2.11899050918672e-06	chr6	108895815	108896516
peak_95267	100.03834712235	1.31608862381579	0.261354646317159	3.39990185364324e-08	2.12435534203253e-06	chr8	22442820	22444583
peak_17766	33.6859209063372	2.30353701432315	0.476444440280153	3.41851602615748e-08	2.13337158028966e-06	chr11	76672395	76673110
peak_17374	20.2195675919568	2.85396762974941	0.574772071582534	3.42352564059338e-08	2.13388604292535e-06	chr11	68340417	68340989
peak_79504	23.2333876042494	2.69975734977238	0.548613551740574	3.48476185051823e-08	2.16940253614802e-06	chr5	115379671	115380257
peak_26249	52.2689027745356	-1.84536936215324	0.377040857167691	3.50941784495017e-08	2.18208753954426e-06	chr13	44191547	44192691
peak_92968	38.8442990888556	2.27129693834823	0.476555008181212	3.55805312586182e-08	2.20963333343716e-06	chr7	127322223	127323029
peak_1438	77.4146359157148	-1.45842085711767	0.29215001021487	3.59586317050906e-08	2.23039756218461e-06	chr1	25796344	25797345
peak_60719	30.9984593598784	2.18691113894634	0.444351579429277	3.61593639764173e-08	2.24012312478932e-06	chr21	33268617	33269269
peak_30985	72.3884197967205	-1.34021877169921	0.264678240161038	3.69941479306093e-08	2.28905779901704e-06	chr14	98223682	98224280
peak_14416	16.5025131758066	3.25814900830535	0.657273362770498	3.84479478293233e-08	2.3761297794253e-06	chr10	125999400	125999973
peak_6544	26.7922410632852	2.56867555965584	0.53471869132831	3.87928765449713e-08	2.39454431419117e-06	chr1	174204652	174205574
peak_68515	85.5668493335341	1.4049872928191	0.281810112178772	3.95936820340974e-08	2.44101991800543e-06	chr3	143847751	143848949
peak_33509	147.562491630041	-1.0589676946477	0.208500213192092	4.04837722474184e-08	2.48987407938103e-06	chr15	73051562	73053147
peak_53486	55.359056483444	1.59854785212587	0.321183277748203	4.06568467404291e-08	2.49750600952713e-06	chr2	152729937	152730917
peak_97569	40.9229866258103	-1.78842126339126	0.3589369989002	4.10256131477145e-08	2.51712624783318e-06	chr8	99862248	99863131
peak_54015	40.7921534263788	1.99516746553476	0.40830961017731	4.16943521011086e-08	2.55508201469606e-06	chr2	168194825	168195447
peak_13999	19.6453476262244	3.1145808395057	0.649246023296511	4.20714670577534e-08	2.57246369085816e-06	chr10	114808836	114809677
peak_38844	86.8789813838141	-1.21515945561619	0.239992667703847	4.24725804966182e-08	2.59342154395279e-06	chr17	19771827	19772708
peak_94432	33.9146381713859	2.08566022244901	0.426319004835958	4.28458745933383e-08	2.613085839732e-06	chr7	158655712	158656574
peak_90444	25.3625924044336	2.56282950181083	0.531638639835993	4.39478396487849e-08	2.67709026563076e-06	chr7	44995857	44996313
peak_41854	46.1970559997899	-1.68478741995119	0.33921515969821	4.47897147769248e-08	2.72511741958984e-06	chr17	80663616	80664389
peak_31004	101.27426615281	1.26674119695546	0.253225462193738	4.49999203199344e-08	2.73464354878686e-06	chr14	98983705	98985243
peak_7174	72.2985258038247	3.04218953690013	0.660412060817976	4.51759683414146e-08	2.74207371649448e-06	chr1	193457356	193459117
peak_10364	34.0570387623393	2.03091958387772	0.411678169361091	4.5756332483627e-08	2.77399805946517e-06	chr10	17216139	17216818
peak_89032	65.8215980546349	-1.43934212648767	0.288825189687763	4.62490154471373e-08	2.80053717528236e-06	chr7	5700007	5700327
peak_93951	22.9853189523965	2.77573938303756	0.575198674108684	4.68861649129375e-08	2.83239100029743e-06	chr7	149621625	149622034
peak_55921	20.8907898391347	2.7889680750926	0.573589198882503	4.73210545263751e-08	2.85527962849913e-06	chr2	213057617	213058537
peak_10380	21.0302709160482	2.69121295195601	0.549647793276701	4.74960995741905e-08	2.85907453705983e-06	chr10	17511253	17511929
peak_14417	16.7452389672525	3.40855737281855	0.708198735344923	4.74599115705688e-08	2.85907453705983e-06	chr10	126012050	126012629
peak_98400	30.1271653183978	2.62297720131239	0.565741805645443	4.7713269305785e-08	2.86876031701033e-06	chr8	125606227	125606783
peak_25919	188.303405317766	-1.23033109370065	0.250714269167627	4.79293141831579e-08	2.87835572784745e-06	chr13	34941601	34943952
peak_85866	30.9631820401226	2.07572572159955	0.422096976232629	4.86859289940989e-08	2.91695894160808e-06	chr6	108872176	108872593
peak_104895	216.402250490678	1.11310088842531	0.222819813215804	4.86865425667531e-08	2.91695894160808e-06	chrX	39854759	39856122
peak_78519	20.0396722628873	2.81109183735572	0.575411452606468	4.9823692056402e-08	2.98158540280248e-06	chr5	81212145	81212617
peak_107099	65.8386221207211	-1.49796147517124	0.302655012715549	5.00108570534021e-08	2.98927732441355e-06	chrX	124736594	124737463
peak_86028	43.0711721352101	1.97066646765631	0.409231571175847	5.01782208805609e-08	2.99576905130712e-06	chr6	111776772	111777816
peak_29155	77.9581313331409	1.50111189363804	0.305732473679759	5.05941845912827e-08	3.01354567239619e-06	chr14	49999248	49999701
peak_51520	149.954015664687	-1.12196284382735	0.223858433524309	5.16380489731454e-08	3.07213251452134e-06	chr2	96531976	96532481
peak_79819	45.9721682070374	-1.78938983382751	0.364139145369003	5.19563748133316e-08	3.08746821239222e-06	chr5	128196833	128197265
peak_98051	42.4350941632613	2.10581613215168	0.449163356968893	5.31499877677641e-08	3.15472092703984e-06	chr8	116709091	116710164
peak_47282	34.1816963301967	1.86536243344138	0.37804017048112	5.42258270585964e-08	3.21483490512744e-06	chr19	47107410	47108047
peak_3262	33.6339615386661	2.09946784785149	0.435468160028674	5.45488979474698e-08	3.23023241666631e-06	chr1	67314124	67315102
peak_48074	173.068399260106	-2.09439504728283	0.442553425595403	5.49557884143386e-08	3.24678543232152e-06	chr2	2646408	2647357
peak_64770	29.9155708995326	2.47666227492892	0.529841329082591	5.49503569682369e-08	3.24678543232152e-06	chr3	39327539	39328488
peak_22676	66.1821207566636	-1.40328473412737	0.283066826556347	5.54226508087539e-08	3.27057786358232e-06	chr12	67068439	67069898
peak_41116	42.7054293895513	-1.72096938895187	0.348637084346972	5.55220363895443e-08	3.27265496804313e-06	chr17	67725240	67726122
peak_32546	44.14345416361	-1.96219976124015	0.409996794898472	5.62188645602425e-08	3.30990188044864e-06	chr15	51621975	51623174
peak_77459	22.9742280532754	2.66624630717008	0.557230643815551	5.63926210076982e-08	3.31630239296251e-06	chr5	54717505	54718290
peak_106052	31.1398048890912	-2.08262085196511	0.426151728593669	5.73643312285302e-08	3.36955966822332e-06	chrX	78073291	78074285
peak_18717	47.0095453411135	1.9341950796499	0.408015692331579	5.7624858450394e-08	3.38096781697559e-06	chr11	110328070	110329562
peak_104630	24.9511232705853	2.57008671007873	0.537332261036248	5.89547349303519e-08	3.44835215469954e-06	chrX	23732764	23733525
peak_79443	36.9934958405232	-1.8105899053916	0.368262377690088	5.91800321011674e-08	3.45630368466222e-06	chr5	113073509	113074240
peak_48212	50.0029782510921	-1.69913473168686	0.348798300993525	5.96157545032426e-08	3.47776757334362e-06	chr2	7031620	7032178
peak_57713	86.260586430707	-1.23615726971213	0.248265454694259	5.97206978444102e-08	3.47990800033726e-06	chr20	8131817	8133115
peak_107397	32.9910085620233	-2.51166542940882	0.545744805947137	6.08058099392088e-08	3.53505704168814e-06	chrX	133745324	133745707
peak_21076	38.1576203177373	2.14584047771857	0.448145385150498	6.11518713160698e-08	3.55064463855892e-06	chr12	26817145	26817724
peak_40705	53.2956233107773	1.77394838552888	0.369404869508972	6.12132082786115e-08	3.55064463855892e-06	chr17	59827959	59829606
peak_105887	26.1541127793101	2.2501775188535	0.461729986765377	6.16751695504866e-08	3.57337522125126e-06	chrX	72094924	72095404
peak_83006	89.9113101018365	-1.28432482929324	0.25985643576224	6.17530663640263e-08	3.57382728903093e-06	chr6	24359809	24360415
peak_106972	55.9880140182535	-1.77109765871273	0.370750677917772	6.28105143995195e-08	3.62679149170317e-06	chrX	120696267	120697580
peak_59284	41.8403373148099	1.8129831754401	0.374410178345424	6.3253324467677e-08	3.64822850826808e-06	chr20	49668557	49670309
peak_12586	25.9029183604274	-2.34853988527551	0.484274359755611	6.34216591743811e-08	3.65380419736157e-06	chr10	79052375	79052707
peak_59694	91.9194429790079	1.24903558309927	0.252550660392654	6.38780384420532e-08	3.67594319188095e-06	chr20	59163593	59164920
peak_69261	57.6886177141314	-1.71148169286723	0.356135788795296	6.40241158954799e-08	3.68019568550951e-06	chr3	170033446	170033822
peak_99582	36.286667291448	2.27907691814054	0.49481888584657	6.52295482106551e-08	3.74105033191053e-06	chr9	7783641	7785043
peak_49731	134.388987800906	-1.0209710220598	0.203570517977057	6.57768842078197e-08	3.76820249238191e-06	chr2	43636719	43638110
peak_60903	18.2246405701477	2.87965952961464	0.598906575310463	6.63938114651321e-08	3.79927594990037e-06	chr21	36909507	36910265
peak_7186	58.5494382233265	1.57682316113649	0.323843745591777	6.70927765841583e-08	3.83496895394607e-06	chr1	193537284	193538201
peak_102088	103.048379781333	-1.32591340166356	0.272004096544374	6.75251271926753e-08	3.85535961371304e-06	chr9	105127644	105128346
peak_77988	20.1606101734138	2.74080828269098	0.568357864973264	6.80513120119196e-08	3.87671977010026e-06	chr5	68141559	68141856
peak_3195	51.1375275466573	1.73289503410898	0.360549593201337	6.81819015813599e-08	3.87982414511966e-06	chr1	66246766	66248096
peak_20580	119.097425227921	1.22499840543639	0.249178452520215	6.83490946688775e-08	3.88500216364257e-06	chr12	11980908	11981722
peak_20532	83.7646544512969	-1.23710345904501	0.249950303080993	6.88725638074003e-08	3.90604731733494e-06	chr12	10721789	10723429
peak_86448	21.1407953867183	2.75602494430593	0.572979209430094	6.88550546220046e-08	3.90604731733494e-06	chr6	125804109	125804632
peak_23308	35.3759391187806	1.94886849318725	0.402890421356628	6.93606975246003e-08	3.9249994716862e-06	chr12	89756625	89757204
peak_55594	36.4070931783601	2.32043984705539	0.508411363124696	6.93266806717995e-08	3.9249994716862e-06	chr2	203835570	203836941
peak_26128	29.877430516703	-2.3134021848223	0.48835015432895	7.03186208099686e-08	3.97401238439021e-06	chr13	41286400	41287282
peak_94999	55.5235074020388	-1.51582126073251	0.309890605025116	7.03827164928483e-08	3.97401238439021e-06	chr8	13132643	13133521
peak_55602	31.8140592428385	1.97565128225027	0.406800801892515	7.09713362170362e-08	4.00281476588695e-06	chr2	203874243	203874796
peak_44828	44.1509650918463	1.66871225106325	0.341687357538086	7.11184480952304e-08	4.00667977302035e-06	chr19	2171202	2171780
peak_94397	59.5319508647375	-1.48356430498399	0.303256827567821	7.29257640325732e-08	4.10396578914435e-06	chr7	157851598	157852060
peak_27105	64.9846339604915	-1.59848391783248	0.332974050962196	7.35490997738346e-08	4.13448114781558e-06	chr13	75760232	75760770
peak_31673	117.627481888503	2.54622518260954	0.555694388144178	7.6495049302435e-08	4.29062330443779e-06	chr15	22263840	22265804
peak_43684	54.2502423842596	-1.63573990414853	0.339612417573441	7.68018478109393e-08	4.30309781592148e-06	chr18	54828112	54828996
peak_28778	22.2448776387584	2.6878223010131	0.570185234268169	7.7080097422082e-08	4.30921693767793e-06	chr14	32702616	32703032
peak_99491	90.0582496209268	-1.17538669161664	0.237527300598292	7.70760203024449e-08	4.30921693767793e-06	chr9	5841393	5842394
peak_70244	45.5211393624718	3.68218089604879	0.829276529958429	7.72660569061342e-08	4.31488190297498e-06	chr3	195133376	195133901
peak_40772	19.0757840474323	3.38898708369051	0.754394307724895	7.75823699884176e-08	4.32780603526199e-06	chr17	61806010	61806691
peak_96642	29.5749625471721	2.40273819309269	0.517415215869128	7.7800171319368e-08	4.33521260643639e-06	chr8	66467485	66468514
peak_26494	29.7303889082117	2.66654764928693	0.593727103184417	8.03432430118913e-08	4.46228822244476e-06	chr13	49569843	49570704
peak_55981	26.0384186595345	2.70761183083238	0.593379184132897	8.0295259446306e-08	4.46228822244476e-06	chr2	214796620	214797494
peak_38847	19.6819990801207	-2.79710215460362	0.581558513985283	8.05007471403139e-08	4.46617093982159e-06	chr17	19870261	19870668
peak_47265	62.0383458118803	1.43085444377147	0.293418601271141	8.0657305035789e-08	4.46999277668994e-06	chr19	46954890	46955957
peak_52445	41.2363038463182	-1.82108106401288	0.37935605747066	8.08393540979599e-08	4.47521748972702e-06	chr2	119694848	119695583
peak_41865	62.2690639392338	-1.42310900303928	0.291879303287996	8.1392298627708e-08	4.50094114732356e-06	chr17	80743216	80744898
peak_17752	18.5007544560144	3.20762464498594	0.688494773842654	8.34267247176041e-08	4.6034577775452e-06	chr11	76560157	76560748
peak_41416	23.4003621465976	2.40797575664999	0.502244925916857	8.38930185367084e-08	4.62418318174337e-06	chr17	75189163	75189691
peak_89187	28.9241263568881	2.60718164068449	0.579333785543292	8.40327180699858e-08	4.62688138608671e-06	chr7	8386941	8387853
peak_11626	29.2723093311178	2.1049608422312	0.437017149332726	8.55373098659746e-08	4.69957465606313e-06	chr10	50552847	50553306
peak_35269	31.3197174340878	1.97838766926189	0.411269171159191	8.65569703754225e-08	4.75047760125004e-06	chr16	12535625	12536460
peak_55328	57.8321735441514	1.70226887715545	0.357301798415203	8.66714344133119e-08	4.75164489784637e-06	chr2	198004920	198005852
peak_19186	89.1832411413315	-1.52363231880195	0.323441125891927	8.68544593033769e-08	4.75227296972979e-06	chr11	119306395	119307139
peak_34059	23.6936422468669	-2.75618039689757	0.591098564245188	8.72007221439131e-08	4.76529048148934e-06	chr15	85543606	85544131
peak_88474	129.744048175831	3.57499755477982	0.853500885375928	8.75100080876499e-08	4.77707202607807e-06	chr6	167113962	167114896
peak_44305	46.0993103789123	-1.88332483251319	0.400338575915575	8.80823706263275e-08	4.80317406283843e-06	chr18	74631382	74632615
peak_86348	21.2630029107307	-2.99295686467852	0.640333409898398	8.99130153722756e-08	4.89776175402868e-06	chr6	121651336	121651865
peak_54032	94.2967412683614	-1.15549558505333	0.235341834895418	9.00717027874513e-08	4.90116951795196e-06	chr2	168455908	168457270
peak_58360	20.4442781578379	2.65383415823752	0.559345214106835	9.05319367150947e-08	4.92096090123222e-06	chr20	31602905	31603109
peak_33202	82.6346393630436	-1.44475628738153	0.3025999737309	9.14971410202866e-08	4.96284386389397e-06	chr15	65981966	65982694
peak_96179	44.6207573807786	-1.72488327115248	0.35710890953821	9.14528128702889e-08	4.96284386389397e-06	chr8	52783042	52783614
peak_23570	29.4857629788046	2.3888802585212	0.512242890681432	9.17968526094558e-08	4.97380906179141e-06	chr12	94941449	94942034
peak_6438	108.637778380253	1.10291658747931	0.223840912617858	9.19351883588327e-08	4.97601646885716e-06	chr1	172180790	172182037
peak_90757	113.124514340416	1.24318689406176	0.257302456925689	9.55789650346867e-08	5.16775091331764e-06	chr7	55533216	55535081
peak_99108	105.614880660001	-1.30197515811597	0.270795711428832	9.60824753412084e-08	5.18947149125725e-06	chr8	143515943	143517067
peak_40710	39.7001273256915	1.898418088619	0.400616461961782	9.6462160693252e-08	5.20446531757264e-06	chr17	59853164	59853727
peak_57820	63.5520596968169	-1.44923683559361	0.298973187493475	9.705587416167e-08	5.23096279070498e-06	chr20	13230969	13231702
peak_5633	90.7589977254193	-1.46966616262002	0.311683266242656	9.89279155099699e-08	5.32622882807954e-06	chr1	154791148	154791935
peak_12683	84.2977189106752	-1.18689254525979	0.242465941515777	1.00417292074717e-07	5.40071313683707e-06	chr10	80529527	80530994
peak_24564	48.2355725606703	-1.70923433281118	0.357624011140657	1.0060178500111e-07	5.40354202276663e-06	chr12	120248467	120248858
peak_48985	25.8926798061542	-2.21116054991505	0.460874438505951	1.00681852305109e-07	5.40354202276663e-06	chr2	26519624	26520044
peak_24997	34.4332859310452	-2.03196066065058	0.430618320069382	1.01128085219845e-07	5.42178396742271e-06	chr12	130086197	130087511
peak_11877	29.8511899744236	2.01432233798372	0.420734041032654	1.01428234478195e-07	5.43216382679125e-06	chr10	62199582	62200135
peak_15513	58.402577686797	-3.12570587438928	0.70019742257318	1.02927885226231e-07	5.5066958616418e-06	chr11	12192819	12193241
peak_206	54.3298965239608	-1.63152068081606	0.344290947874394	1.03408437441596e-07	5.5266064899342e-06	chr1	2839995	2840925
peak_97349	28.5425598888777	2.18504714300679	0.461710839509439	1.03761005082659e-07	5.53964251847587e-06	chr8	93903944	93904660
peak_9400	95.1929949298662	-1.29432933155874	0.268794148450272	1.05453239190892e-07	5.61605576900955e-06	chr1	244918414	244919217
peak_13851	29.5375822412813	-2.09522230599599	0.438731635356629	1.05632869463778e-07	5.61605576900955e-06	chr10	110750519	110751318
peak_30899	14.990777817218	3.73234008092435	0.794302876006827	1.05407836340964e-07	5.61605576900955e-06	chr14	96320658	96321050
peak_52210	22.4109418223031	2.48143769493282	0.528623117676816	1.05528898130455e-07	5.61605576900955e-06	chr2	111698865	111699415
peak_96747	31.0915190981918	2.12257523609815	0.450788939154614	1.05960713965514e-07	5.62761766900593e-06	chr8	70172620	70173191
peak_29910	20.4917910154053	2.69827194750664	0.576069327230032	1.06187533754005e-07	5.62793928896229e-06	chr14	68734122	68734865
peak_59479	25.6049051630459	-2.62550743890812	0.571005443579067	1.06078761188953e-07	5.62793928896229e-06	chr20	53388163	53388680
peak_32095	40.5911753515749	1.81386815306959	0.382052296641589	1.06327061421169e-07	5.62948240251271e-06	chr15	38560555	38561074
peak_37186	88.0691106670662	1.1862765391726	0.242993593361162	1.06478611684169e-07	5.63165819017534e-06	chr16	78742367	78743190
peak_93614	53.8764149535498	1.52308537529678	0.317482205723503	1.09386496502161e-07	5.77946104731521e-06	chr7	140358680	140359770
peak_67208	114.036618057509	-1.19992322097341	0.248550648701205	1.10290958778089e-07	5.82121617418184e-06	chr3	113005407	113006662
peak_82612	59.3689807314267	1.50521090186367	0.314210354093221	1.12320731829586e-07	5.92221802798683e-06	chr6	13681106	13682138
peak_91910	39.6467789556938	2.07676652587506	0.454889215855416	1.12462052205272e-07	5.92354358857229e-06	chr7	98930479	98931664
peak_8562	32.8052731000143	2.25610001947872	0.496050812913253	1.13047487631344e-07	5.94823447303584e-06	chr1	224498004	224498818
peak_54995	115.385478514437	1.15664701140611	0.238427153249665	1.13562134926141e-07	5.96915361994252e-06	chr2	191114002	191116020
peak_67439	44.815416911673	1.71604724965749	0.360103641586245	1.14974964105022e-07	6.03719209048265e-06	chr3	120344309	120344669
peak_58955	87.6809647503592	-1.38077269078696	0.290083203411477	1.18468687888718e-07	6.20672967543936e-06	chr20	43964236	43965213
peak_65088	15.6716375560989	3.59407488686623	0.780976099393653	1.18568915072332e-07	6.20672967543936e-06	chr3	45944887	45945201
peak_64504	31.1766580933482	2.2878803108153	0.500322844436044	1.1942359496245e-07	6.2450578592364e-06	chr3	33006077	33006909
peak_81103	40.1491945675167	1.89700702145453	0.405085746635206	1.2003890526998e-07	6.27080289354016e-06	chr5	157571175	157571883
peak_100858	32.376949764325	2.48051763784942	0.563477135404358	1.22794376439696e-07	6.40818226934938e-06	chr9	69180574	69181184
peak_87678	139.189646935216	1.1812677530242	0.246342056435749	1.23882174421972e-07	6.45834002564281e-06	chr6	150599286	150601025
peak_12207	98.965284997132	1.13081197214633	0.232674150223974	1.24256894841755e-07	6.47125846823465e-06	chr10	70602259	70603260
peak_59826	31.2764654468338	-2.50146216454236	0.56505642370308	1.25842644094417e-07	6.54715617530404e-06	chr20	62891168	62891486
peak_82353	69.1159858162023	-1.42575933138858	0.299690371022847	1.27341019784908e-07	6.61835803746513e-06	chr6	6609905	6610707
peak_92998	89.9844918037827	-1.25501506119112	0.26132022559856	1.28967159643621e-07	6.6960484741239e-06	chr7	128108564	128109427
peak_41649	39.1120806756403	-1.95442505749078	0.420447230387851	1.30964080408976e-07	6.79281241478335e-06	chr17	77963564	77963836
peak_54371	67.1604472391523	1.45019561348338	0.305362851220533	1.32826310896128e-07	6.88240069852639e-06	chr2	174597482	174598274
peak_19327	38.7284048205569	1.69836229733132	0.357052342886207	1.33211209673891e-07	6.88834354607809e-06	chr11	122749032	122749342
peak_85335	97.6710532938975	1.19025387806828	0.246960738336043	1.3316559694204e-07	6.88834354607809e-06	chr6	90397867	90398594
peak_713	49.2968515018417	1.57998986177344	0.333607320915203	1.33562146052179e-07	6.8994929874533e-06	chr1	12161554	12162351
peak_61231	23.2689883268047	-2.50024773055562	0.53939090734972	1.337378230848e-07	6.90157555445506e-06	chr21	44654061	44654463
peak_46918	49.0715183257634	1.75372661439012	0.375739218770217	1.34828353337172e-07	6.95081741481199e-06	chr19	41638566	41639319
peak_47517	65.6959994739724	-1.38190412896329	0.28927473246679	1.35252050423481e-07	6.96561721504201e-06	chr19	49567940	49568536
peak_59554	104.123413533339	-1.27980794384093	0.270287390193318	1.3668474717894e-07	7.03229921257863e-06	chr20	56411668	56412529
peak_14044	60.7047043431732	1.73440115857192	0.379516106178567	1.38631845449597e-07	7.1181100423899e-06	chr10	116848081	116850209
peak_41630	70.3368851701035	-1.47877198984571	0.3149693839049	1.39621303192731e-07	7.16170197644322e-06	chr17	77610103	77610734
peak_67186	28.58224364118	2.55991104269935	0.586100724035003	1.40688892271512e-07	7.20920991090986e-06	chr3	112773837	112774570
peak_67135	71.7119310334239	-1.41029211273591	0.297272063701809	1.51214458640252e-07	7.7330194465716e-06	chr3	112132988	112133540
peak_69555	59.6616510706748	-1.44803867617846	0.30530837107915	1.51408521148515e-07	7.73518522973768e-06	chr3	178084352	178085775
peak_55944	18.5727507446515	2.85265983033931	0.620481184787366	1.52282105282946e-07	7.77202744740369e-06	chr2	213147630	213147864
peak_50105	40.2665967331043	-1.70345175388114	0.359946782948132	1.53927698916093e-07	7.84815765693592e-06	chr2	54606454	54606886
peak_26975	21.643576241479	-2.54254160910114	0.544660550835721	1.54821012119723e-07	7.88581830563058e-06	chr13	73230810	73231188
peak_74885	37.1708715014913	1.96257834802552	0.424316867710585	1.55156330611154e-07	7.89501065123783e-06	chr4	148056766	148057223
peak_43670	31.8919921377052	1.98026418250177	0.424102504478533	1.57809869758565e-07	8.02202793570311e-06	chr18	54284409	54285923
peak_62873	19.2186375869158	2.59868140182108	0.559853741035313	1.58601977312124e-07	8.04212833104388e-06	chr22	42183470	42183894
peak_72036	26.380176949283	-2.22335156265346	0.474253872395256	1.58384677439317e-07	8.04212833104388e-06	chr4	48944629	48945244
peak_82291	24.6382060676284	2.51156773716031	0.552095709185939	1.58678482348687e-07	8.04212833104388e-06	chr6	5279787	5280479
peak_2170	39.2582761443239	-1.7327162230575	0.36798826442866	1.58865837500616e-07	8.04362819345222e-06	chr1	38977166	38978385
peak_99148	67.6783649871169	-1.38929613729662	0.293560237603482	1.59593057831639e-07	8.07243218909124e-06	chr8	143966211	143966940
peak_77940	20.0458698129741	2.48281959696866	0.52930957824709	1.61217995498289e-07	8.14654184189868e-06	chr5	66840563	66841207
peak_75737	116.449627990118	-1.20076288978555	0.254040155784966	1.67247777074067e-07	8.4428664969291e-06	chr4	183097861	183100054
peak_82779	28.208972425503	2.44204953849979	0.542606021014052	1.68115692013037e-07	8.47828553212337e-06	chr6	16487915	16488475
peak_27751	145.430261633195	-2.32457578281632	0.522663868413418	1.69422548226042e-07	8.52732284684402e-06	chr13	99383525	99384945
peak_73806	75.9660134643945	1.42757907317643	0.306082193863476	1.72851129550012e-07	8.6913093601942e-06	chr4	108118440	108119125
peak_85867	42.1455811355598	1.81547933350737	0.394082709687584	1.73929538105328e-07	8.73691766486529e-06	chr6	108873907	108875339
peak_91735	51.126952794538	1.5096529389498	0.319434884445401	1.74377166380055e-07	8.7507816978873e-06	chr7	92904346	92904868
peak_20561	43.5192535208353	-1.73728481434453	0.372547611905708	1.75345797462571e-07	8.79073827868892e-06	chr12	11727131	11727724
peak_98129	27.3905599349001	2.60422290367544	0.587226706576127	1.78784299765304e-07	8.95431857351059e-06	chr8	118279328	118279975
peak_40201	39.9608955029826	1.73557648986878	0.371954864879455	1.79341628689558e-07	8.97341735070247e-06	chr17	48511077	48511650
peak_42268	22.9695373476859	-2.41200431624813	0.524795312364976	1.83887072474195e-07	9.18282691201695e-06	chr18	5122119	5122671
peak_34671	121.361302501819	-1.14169466252478	0.241103261161173	1.84094349686637e-07	9.18418249816329e-06	chr16	324613	325355
peak_11395	64.2075527648524	-1.54765243474041	0.333768284908952	1.85681687430129e-07	9.25431721926936e-06	chr10	46093916	46094270
peak_76990	44.4877576122126	-1.65911961611849	0.356386133792058	1.90400277525898e-07	9.48022319329631e-06	chr5	35796712	35797682
peak_99410	27.9620794155499	-2.10722058587889	0.451028044957019	1.91146635400944e-07	9.50809985614883e-06	chr9	4555019	4555599
peak_6332	29.7686012669154	2.08986513542639	0.4536128422845	1.91996063234439e-07	9.53175392411986e-06	chr1	169363408	169363625
peak_97453	43.1740159635943	3.46378448216804	0.814867126116552	1.91916433837158e-07	9.53175392411986e-06	chr8	96231489	96231905
peak_55625	24.5023238510433	2.16238320584079	0.464594968094781	1.93272528057287e-07	9.58579096841329e-06	chr2	204015253	204015854
peak_30762	49.8101822013148	-1.59801846850352	0.343761472647648	1.94302791385795e-07	9.62752392769305e-06	chr14	92603426	92603846
peak_95580	17.6093887636597	3.39928116646798	0.801526724245209	1.97020654128236e-07	9.75271366153616e-06	chr8	29405591	29405887
peak_54018	48.5215283046572	1.59659140822692	0.343451665543382	1.98448695288385e-07	9.8138750513808e-06	chr2	168234040	168234970
peak_72162	185.54752695034	-1.11882069582623	0.238406361712515	2.01157153899862e-07	9.9381769852116e-06	chr4	54941973	54943171
peak_9232	117.694678748775	-1.18188076875092	0.250955112397288	2.05693379945903e-07	1.0152451761783e-05	chr1	239501609	239502302
peak_48883	105.342652975232	1.19538731986649	0.253648899050954	2.0619995217078e-07	1.01676119549123e-05	chr2	24826131	24828229
peak_7930	23.182769612555	-2.63048000229325	0.580580207166095	2.06527185225487e-07	1.01739082762383e-05	chr1	207470826	207471243
peak_30276	53.6836511095242	1.63010111698251	0.355179016556352	2.08444758745291e-07	1.02584599125361e-05	chr14	75514275	75515858
peak_67732	41.9709768479336	1.63988050204182	0.351999585247269	2.10310242431294e-07	1.03402873872729e-05	chr3	126910957	126912010
peak_14356	24.4866611722599	2.36991660656397	0.524561289888942	2.11506643647502e-07	1.03890922283348e-05	chr10	124688519	124689162
peak_80228	51.8543254716529	-1.55772977749133	0.334231541850114	2.12271358127405e-07	1.0416619312304e-05	chr5	137737408	137738090
peak_715	24.4170170374052	2.20293188605911	0.476802554524944	2.12668279357175e-07	1.04260623954855e-05	chr1	12171672	12171847
peak_81250	59.119683716965	3.34425343903578	0.805511280209813	2.13533334898032e-07	1.04584155745543e-05	chr5	160486205	160487277
peak_50781	179.151630133461	-1.01132173730747	0.213235398735214	2.14652066190658e-07	1.05031192387686e-05	chr2	70552685	70554608
peak_31690	24.635972203329	2.09823264921337	0.451699264482994	2.16074811793684e-07	1.05625986137227e-05	chr15	22796726	22797283
peak_64507	25.6572161606788	2.36311773758599	0.528431015179884	2.16589057796925e-07	1.05775954988831e-05	chr3	33030096	33031511
peak_32564	67.6657136313252	1.44715766936456	0.312759386834494	2.16957654099003e-07	1.05854573702313e-05	chr15	51861686	51862391
peak_27089	25.3270765333563	2.47416138579439	0.55748323991452	2.2104335838808e-07	1.07641993035097e-05	chr13	75385180	75386127
peak_32393	71.3285531891191	1.24915113931584	0.264771211802641	2.22853672884814e-07	1.08420013031537e-05	chr15	44784104	44784919
peak_94584	39.7299764233963	-1.80921943714815	0.394320197039621	2.23845501367038e-07	1.08798729577691e-05	chr8	1791807	1792383
peak_3614	56.3544429887157	-1.50821542182391	0.324566840217239	2.24080731620522e-07	1.08809335070514e-05	chr1	83508167	83509055
peak_101625	54.9693625717978	-1.68831385716231	0.37179212379783	2.28018208229281e-07	1.1051080194656e-05	chr9	92887154	92888356
peak_80865	86.1391646841204	1.37792067180394	0.299341232635835	2.29020350125158e-07	1.10891088048255e-05	chr5	151086237	151087480
peak_9889	47.534700374817	1.70664564367439	0.372622730990606	2.30574790455398e-07	1.11537820362039e-05	chr10	6270212	6270774
peak_59673	28.0370199452918	-2.27811102170534	0.507688951163231	2.37151707721172e-07	1.14502054638936e-05	chr20	58877971	58878360
peak_52200	38.2654752351146	1.89323082331673	0.418902961915528	2.38931427430652e-07	1.15252202071705e-05	chr2	111493555	111495855
peak_73768	21.4313267734966	2.88157937824694	0.676045264853191	2.40477065903296e-07	1.15778693882393e-05	chr4	107692112	107692876
peak_100521	18.0978734531953	2.82286018197729	0.625741477913453	2.40427605176471e-07	1.15778693882393e-05	chr9	37531748	37532055
peak_6575	17.9475893271171	2.90218829706328	0.646679708377001	2.4140690692807e-07	1.16116722232402e-05	chr1	175174670	175175124
peak_58943	28.0244711162937	2.06878662914159	0.452296166339897	2.47962886118338e-07	1.19045534007812e-05	chr20	43751145	43751858
peak_84327	32.178782463148	-2.21358843063854	0.497614998015278	2.55598290619612e-07	1.22480586894093e-05	chr6	47242397	47242833
peak_96742	77.4676688865761	1.31002780818324	0.282844335272855	2.5925256017394e-07	1.24115033173977e-05	chr8	70141064	70142936
peak_55595	33.3935264528706	2.27529826340408	0.526654926092809	2.59858637075868e-07	1.24288484708726e-05	chr2	203853343	203854508
peak_23360	28.7423568437497	-1.97352327682707	0.427137648228207	2.60744178671371e-07	1.24595151768871e-05	chr12	91687239	91687915
peak_26369	34.8230573758767	1.8652655644928	0.406505377301904	2.64868774473223e-07	1.26447559319211e-05	chr13	46650911	46651922
peak_27107	26.2295156059857	-2.30096573269278	0.508563492735446	2.65245094219459e-07	1.26508759343998e-05	chr13	75766500	75767044
peak_85255	67.5711088853336	1.31461196065498	0.282347030477542	2.66044484590271e-07	1.2677144010579e-05	chr6	89297777	89299353
peak_72968	55.9619206879477	-1.44780587123674	0.311127734712284	2.69554275243629e-07	1.2832394283447e-05	chr4	82213383	82214048
peak_84834	67.5684153315405	1.55282779127678	0.343505190201227	2.70255653545512e-07	1.2853782417604e-05	chr6	73309602	73310519
peak_98142	55.4159472251132	1.60426295248118	0.350113404447423	2.7260886766071e-07	1.29517306758718e-05	chr8	118563898	118564749
peak_16095	40.1924802042926	1.76250997551798	0.387879133385613	2.75347599730498e-07	1.30594164835899e-05	chr11	32420571	32421653
peak_52085	33.7092535184896	-2.34626718126605	0.55120389964334	2.78837913750765e-07	1.3212667165889e-05	chr2	108987058	108987455
peak_48227	35.2832703941789	-1.99403577800284	0.442846845898628	2.83508017104305e-07	1.34090350279036e-05	chr2	7450216	7451113
peak_73352	31.5863719338808	2.34236997099122	0.551856548851235	2.83813876071666e-07	1.34110605054587e-05	chr4	94912641	94913962
peak_58971	50.2245749178164	-1.56694106408547	0.342583706061229	2.86319251658127e-07	1.35044156938402e-05	chr20	44153527	44154126
peak_42640	54.8025969563148	1.71998840671554	0.388171686536955	2.90187907839027e-07	1.36742335204072e-05	chr18	13608220	13609461
peak_29783	57.8318769237093	-1.40135375061019	0.303503250098636	2.91612954236483e-07	1.37286962924296e-05	chr14	65287127	65288083
peak_86974	46.9883623572972	1.73896611542427	0.385601014695124	2.97524740327088e-07	1.39911476318479e-05	chr6	136788561	136788793
peak_7928	16.4534799927818	-2.95285420079463	0.643149363554883	3.0221129506674e-07	1.41684400141542e-05	chr1	207459118	207459296
peak_19749	22.3964160125233	2.63910119457228	0.614867004692451	3.02267539672314e-07	1.41684400141542e-05	chr11	132357620	132358474
peak_30966	33.1740628548218	-1.87928712879885	0.411276686919996	3.02620938599103e-07	1.41684400141542e-05	chr14	98018659	98019125
peak_55601	80.5093356562912	2.60120488583541	0.60994727103373	3.02380745207823e-07	1.41684400141542e-05	chr2	203870874	203871961
peak_82800	45.2142299737548	1.92076130084432	0.443152607824577	3.06187929833793e-07	1.43222915509227e-05	chr6	16711606	16713394
peak_56020	15.0164051738716	2.94300720442529	0.644741874865272	3.08562082239175e-07	1.44201157883104e-05	chr2	215979654	215979959
peak_43046	52.527133718774	1.53850393427776	0.337534023191339	3.13521610174413e-07	1.46384732750482e-05	chr18	32040624	32041384
peak_8538	31.7523841706245	-1.95960764445481	0.432254228824419	3.1460247920306e-07	1.46620859274655e-05	chr1	224169049	224169440
peak_26326	54.4949162924601	-1.7222470692714	0.390416626766635	3.14332622283858e-07	1.46620859274655e-05	chr13	45850700	45851886
peak_73842	36.653798724649	-1.69801091674171	0.369995226599753	3.15529176305315e-07	1.46918452813724e-05	chr4	108433364	108434275
peak_49716	24.4598972112781	2.13531717001386	0.470511069832215	3.2088987496183e-07	1.4927820405843e-05	chr2	43426346	43426910
peak_16817	63.2621752138731	-1.4649904560901	0.322938731524448	3.21699708721001e-07	1.49518517309471e-05	chr11	60912263	60912720
peak_87348	29.5111759896147	2.11259892285344	0.474717387849234	3.2266919148093e-07	1.49832526382939e-05	chr6	143598339	143598821
peak_78682	50.0688900148536	1.53166499346715	0.334909669285254	3.24138277362772e-07	1.50377745310449e-05	chr5	88204063	88204818
peak_44601	18.6608700857461	2.48774991967463	0.549201793992281	3.30827272872725e-07	1.53341448497171e-05	chr18	80175339	80175825
peak_43875	23.9969767809505	2.57034665624178	0.601559442592523	3.32704073249782e-07	1.54071297717651e-05	chr18	59801760	59802644
peak_55598	33.8048703424053	1.94871685984029	0.435412586582514	3.34813817559299e-07	1.5490759802249e-05	chr2	203861034	203861840
peak_65053	51.6986098069352	-1.91061318605175	0.441814379788899	3.36402794759294e-07	1.55360805195628e-05	chr3	45497795	45498348
peak_27190	22.1405080069877	2.32182573753959	0.515080799031677	3.40520239551661e-07	1.57120044649602e-05	chr13	77729670	77730341
peak_83030	20.7684570995991	-2.38264318270836	0.525074023594539	3.42703777191902e-07	1.57888234964483e-05	chr6	24839046	24839349
peak_32890	17.902989223138	2.72303940197566	0.60778753333633	3.45049576610692e-07	1.58778860226289e-05	chr15	60546881	60547149
peak_25891	40.8617174932978	1.74364900297343	0.389199249502918	3.48388826813638e-07	1.60170899223807e-05	chr13	33610444	33611244
peak_2919	74.0480885414661	1.2329054321299	0.266445481731172	3.49008962836128e-07	1.60311450262728e-05	chr1	57307200	57307965
peak_93061	123.591518698438	1.23033649828623	0.271551915854028	3.50079193087603e-07	1.60658305479429e-05	chr7	128937808	128941257
peak_23919	26.7117149323213	2.19205510137709	0.495839826392279	3.58317396468328e-07	1.6392514361472e-05	chr12	104519156	104519850
peak_71681	82.5629493084849	1.26957571845944	0.277643573959918	3.58483770310305e-07	1.6392514361472e-05	chr4	38160827	38161619
peak_67894	26.9031964560475	-2.2449174292629	0.508730148128511	3.61412747388875e-07	1.65116400881444e-05	chr3	129450439	129451075
peak_86089	33.3855175271739	2.02955720893985	0.463267104901224	3.61737050582283e-07	1.65116609319501e-05	chr6	113631133	113632631
peak_78534	35.4285283790404	-1.76668525104749	0.390347041494261	3.64414498603011e-07	1.66189960874536e-05	chr5	81537789	81538779
peak_6933	25.0077726151634	2.51600775232877	0.595842863140138	3.73682425500504e-07	1.70112251308649e-05	chr1	184930442	184931213
peak_28897	18.859839124079	2.71654842199553	0.620007241407294	3.75500069525645e-07	1.70743622097968e-05	chr14	36019046	36019624
peak_79215	14.7923337366204	4.11896681168124	0.933973152856801	3.75739112685679e-07	1.70743622097968e-05	chr5	107476672	107477286
peak_74347	193.130645309756	-1.10203911726902	0.242526977381347	3.78413363379083e-07	1.71805732370845e-05	chr4	124712060	124713514
peak_39457	43.766894671779	1.69672576062878	0.378914546275832	3.80487777014387e-07	1.72593859420423e-05	chr17	37089962	37090528
peak_53228	132.832594888717	1.01171981698385	0.217239157891386	3.84032244404771e-07	1.7373795930099e-05	chr2	144183431	144184224
peak_52660	80.1776297432723	-1.33126808650822	0.294558486264724	3.92216441389238e-07	1.7728322234638e-05	chr2	127084591	127085526
peak_97356	59.6043271684005	1.31929109682004	0.287331558153842	3.93624312942228e-07	1.77761994859809e-05	chr8	93969164	93969837
peak_58805	41.0256703673862	1.60447769246799	0.354177805294488	3.94137721937604e-07	1.77836335316024e-05	chr20	38833199	38834266
peak_1428	21.4294461790781	-2.3543713016341	0.524507855141075	3.97974065678049e-07	1.79336820413126e-05	chr1	25697830	25698193
peak_1928	99.5832701601606	-1.17225380326427	0.256138248948373	4.02073107613256e-07	1.80936447173605e-05	chr1	33430287	33431457
peak_24919	29.4395597052928	2.29746782784002	0.536146650122147	4.02837399301744e-07	1.81112233707781e-05	chr12	126772078	126772788
peak_96505	72.1948694706065	-1.29229008084352	0.2833294389486	4.03174175770468e-07	1.81112233707781e-05	chr8	60998911	60999513
peak_6937	98.1983909517554	1.14325028102987	0.248364877833499	4.04319189644927e-07	1.8146670953553e-05	chr1	184973518	184974783
peak_57788	45.7488810636986	-1.92605729632944	0.449163370817768	4.0650072992919e-07	1.82285366896831e-05	chr20	11890517	11891580
peak_14414	23.4575737375597	2.71540537716078	0.647375881402859	4.06953209950355e-07	1.82327911797265e-05	chr10	125995728	125996371
peak_4278	29.6742817494252	1.93126899130837	0.429451569386411	4.07544120453282e-07	1.82432348774636e-05	chr1	99820453	99821033
peak_4704	156.316853455047	-1.03949481084772	0.225582851127794	4.09067062750518e-07	1.82793104832585e-05	chr1	111346135	111346872
peak_11078	28.8585440091415	-2.18375150386108	0.493771335633031	4.08904740656391e-07	1.82793104832585e-05	chr10	33248484	33249066
peak_67275	141.268754059669	2.05446193612148	0.475246864074432	4.20283585527558e-07	1.8764079589937e-05	chr3	114290815	114291781
peak_87274	21.0285186664209	-2.74859491943161	0.641611255521208	4.22729198915934e-07	1.8856754974565e-05	chr6	142685985	142686613
peak_37099	104.871145036791	1.04525604838046	0.22550573230883	4.25106696435936e-07	1.89462325388834e-05	chr16	75110762	75111661
peak_100172	42.7964521932403	1.56695623987543	0.347025596754947	4.30461911182552e-07	1.91514232142702e-05	chr9	31542333	31543000
peak_67115	114.264849869858	1.20168744799526	0.266109304081178	4.37084569906492e-07	1.94121897920317e-05	chr3	111859051	111860849
peak_33676	25.9027321612757	2.46820333259747	0.583045601140546	4.43769598304648e-07	1.9674814555792e-05	chr15	76181490	76182324
peak_77702	41.7015154288286	-1.7778782720049	0.401638904318589	4.45574951622688e-07	1.97376928613678e-05	chr5	59036367	59036619
peak_67367	42.4829046656834	-1.58347241643973	0.350763774684053	4.47435485144041e-07	1.98029042062101e-05	chr3	118955565	118956564
peak_85336	49.8027304236981	1.66026027573734	0.376910476251392	4.50841337698697e-07	1.99363368984438e-05	chr6	90402074	90402836
peak_67278	27.7953096834084	1.98159234280605	0.445386843248255	4.53137697447814e-07	2.00205187539638e-05	chr3	114299429	114299826
peak_5339	18.4729060917881	-2.69354217827196	0.614868266617419	4.57617506610445e-07	2.01834655640486e-05	chr1	149692937	149693687
peak_26325	38.0875530132863	-1.92674174638873	0.445535841301864	4.57258604967846e-07	2.01834655640486e-05	chr13	45847534	45847998
peak_27753	24.3734734526606	-2.10476536466228	0.471311005427875	4.58969320768993e-07	2.02255918657977e-05	chr13	99413425	99413758
peak_83065	38.9255125852901	1.64708846570158	0.365850556252952	4.64251919842822e-07	2.04230788482365e-05	chr6	25050348	25050823
peak_70091	114.124439440292	2.83473273610723	0.701013081811361	4.77771130866533e-07	2.09996886882423e-05	chr3	190585896	190587517
peak_94689	144.450452712118	-1.14036084479356	0.253162272494009	4.83445987173083e-07	2.1194305332766e-05	chr8	6718102	6718702
peak_6484	46.4929206621983	-1.68791546140447	0.384017089216414	4.88000101088614e-07	2.13572301751966e-05	chr1	172764132	172764871
peak_51120	171.430305717102	1.06936824004813	0.235959577309601	4.89967421802385e-07	2.14249390806315e-05	chr2	84938123	84940257
peak_36178	45.7273302915887	1.5570248906784	0.348293879997045	4.91494620485328e-07	2.14733031020265e-05	chr16	48608625	48608835
peak_44790	67.5568520925284	-1.32103823133206	0.293949867837816	4.98605591316363e-07	2.17653293483357e-05	chr19	1851867	1852263
peak_58872	66.8051005258642	1.43735188214758	0.322283072690145	4.99663543422873e-07	2.17928532292204e-05	chr20	41134028	41134241
peak_21349	23.7683236218266	2.6019879896407	0.622373504944741	5.00595436569801e-07	2.18148366914084e-05	chr12	39331591	39332295
peak_38237	93.595403457075	-1.25235122983457	0.278821713234188	5.01591143319301e-07	2.1827791446273e-05	chr17	7132664	7133692
peak_57765	31.5022235401855	2.05122187378689	0.46818898366789	5.01748942357353e-07	2.1827791446273e-05	chr20	10511318	10511996
peak_17091	82.84389812041	1.28357856364081	0.286173130631837	5.06978514598255e-07	2.20364932185052e-05	chr11	64900152	64900740
peak_94102	82.4422880648806	-1.18560062241236	0.260928648050108	5.08153502325457e-07	2.2068751677654e-05	chr7	151381378	151382333
peak_36977	13.5552289686043	3.20589223671836	0.719645171503932	5.12990690427709e-07	2.22598666741678e-05	chr16	71816711	71816924
peak_55945	188.622729737709	1.03740183511909	0.22938426777729	5.16626520624646e-07	2.2379541020024e-05	chr2	213151194	213152406
peak_71325	22.1903064899325	-2.26819520249183	0.511341362654433	5.16342334791631e-07	2.2379541020024e-05	chr4	22672619	22673324
peak_65885	98.1694090395587	1.09418280572914	0.239651714598087	5.24766843988748e-07	2.26936067070486e-05	chr3	66393651	66394545
peak_59295	21.9011911024497	2.41082839483824	0.553407061034788	5.25707744650524e-07	2.2715029719281e-05	chr20	49802384	49802952
peak_14419	176.361015974167	2.66309190526351	0.657244021408461	5.27228420439272e-07	2.27614464390489e-05	chr10	126041697	126043341
peak_101947	43.4499787028789	-1.5746035321081	0.351620411365356	5.28733514648983e-07	2.28071125024476e-05	chr9	99150343	99151013
peak_12880	26.7543155819746	2.02295248154026	0.456195509551176	5.34861705717719e-07	2.30519517563175e-05	chr10	87201087	87201288
peak_87758	121.131207518066	1.11528953418153	0.246738648699305	5.44413538483772e-07	2.34240241967372e-05	chr6	152184528	152185733
peak_17987	39.6830083471705	-1.62601981702223	0.364884603519357	5.56508813240785e-07	2.39040929670553e-05	chr11	85809259	85809547
peak_103261	85.826917488999	-1.2173973944688	0.270605308653901	5.56159337576799e-07	2.39040929670553e-05	chr9	133709185	133709710
peak_88092	24.2420136924988	-2.12110598875064	0.47930998048091	5.57358637170737e-07	2.39204440023461e-05	chr6	158662965	158663549
peak_31674	19.4073678678776	2.5551763664661	0.583963556188582	5.59023427255195e-07	2.39515701361625e-05	chr15	22282935	22283757
peak_94559	11.7472124105587	4.07951449737543	0.91102024466443	5.58820311776318e-07	2.39515701361625e-05	chr8	1474568	1474784
peak_40989	50.1543590997205	-1.68076698806445	0.388612197704789	5.60654208086874e-07	2.40012724210893e-05	chr17	65537881	65538928
peak_62269	21.515322113727	2.38888303326506	0.556726670407872	5.6573156494571e-07	2.41783654258245e-05	chr22	31958344	31959100
peak_89744	46.2878452856329	1.55056820408805	0.349643773108393	5.65739417742294e-07	2.41783654258245e-05	chr7	26293890	26294387
peak_90604	112.254137880939	1.14961618386113	0.255660335043559	5.67765270515103e-07	2.42243347970569e-05	chr7	50352178	50352692
peak_97462	27.8444823556566	1.97013114301184	0.449736484860347	5.79254479498761e-07	2.46732405110475e-05	chr8	96312621	96313564
peak_4977	36.759530685058	-1.71176239853041	0.387271274613742	5.84639896348335e-07	2.48818445369084e-05	chr1	117006967	117007915
peak_61693	89.6465013860224	1.14866534482107	0.254163337437199	5.86863220173971e-07	2.49556364835614e-05	chr22	20550854	20552255
peak_95047	30.4634465052022	-1.9766856049982	0.453301741267866	5.87800430017011e-07	2.49746606040394e-05	chr8	17591083	17591550
peak_29420	70.7818317516805	-1.28053458679977	0.285827728358419	5.99448615947436e-07	2.542719395399e-05	chr14	56116130	56116845
peak_3159	33.5586341093916	-1.88691729209602	0.431547894874577	6.04855346735704e-07	2.56352075716265e-05	chr1	65049639	65050707
peak_76987	21.4911476145045	-2.37735229209874	0.544741208412616	6.13275806213001e-07	2.59489462701876e-05	chr5	35780251	35780751
peak_11850	21.5841114059729	2.57478518813532	0.614078671294638	6.15274091358592e-07	2.60119111293608e-05	chr10	62016797	62017280
peak_23538	63.8736579218002	1.2722686359432	0.283516949715813	6.17236104376283e-07	2.60732394513083e-05	chr12	94207791	94208839
peak_15516	110.315957682328	1.09076550445237	0.24104772860187	6.22774589032973e-07	2.62854182089695e-05	chr11	12223950	12225163
peak_9154	28.1745141957097	2.4917263540914	0.634383712418775	6.27424370306013e-07	2.64378999540681e-05	chr1	236156530	236157054
peak_77460	42.7768776980181	1.57117877559075	0.355600890725184	6.42573942615399e-07	2.70539017656389e-05	chr5	54744106	54744793
peak_65982	165.007187331164	1.02112467448237	0.226436330789098	6.48688786706119e-07	2.72888172268962e-05	chr3	69197786	69200596
peak_10506	31.4124788802773	-1.82121954337657	0.411980435398569	6.4928322407787e-07	2.7291306234818e-05	chr10	21764873	21765133
peak_105443	89.4460557945156	1.3523364110871	0.308509738329983	6.53054112071186e-07	2.7427196835306e-05	chrX	53713902	53715376
peak_33360	28.9452463521388	-1.97914393327122	0.453096025256085	6.6019115115702e-07	2.76749612723374e-05	chr15	68833922	68834459
peak_54581	22.8241036979706	2.75923580680994	0.702735114347351	6.60581882642972e-07	2.76749612723374e-05	chr2	179040631	179041482
peak_79389	155.194484128947	-2.00841655220003	0.478125519482318	6.60133901321847e-07	2.76749612723374e-05	chr5	111757130	111758292
peak_9084	28.7681935549015	1.88479012589896	0.430856272273536	6.67017946163493e-07	2.7877096118089e-05	chr1	235074563	235075489
peak_99524	35.821101485771	3.65513324906613	0.922069145814021	6.67046978858286e-07	2.7877096118089e-05	chr9	6433344	6433978
peak_104729	18.4508266981575	2.61933972291601	0.610731227589319	6.66109904415221e-07	2.7877096118089e-05	chrX	30657794	30658065
peak_43529	40.2113083770819	1.66672795251304	0.380511435820806	6.68581295372862e-07	2.79183340916304e-05	chr18	48932012	48932604
peak_40302	91.1448214240661	1.09322557294244	0.242055129340218	6.69535878037792e-07	2.79353161028108e-05	chr17	49748500	49749500
peak_7214	43.9004995032312	-1.55295976412603	0.350153183535818	6.71207771338655e-07	2.79814295412072e-05	chr1	194056140	194056852
peak_48345	54.2108879657479	1.38385772613863	0.311785329718549	6.87255945278047e-07	2.86044339803645e-05	chr2	9702900	9703858
peak_36446	78.4116899230896	1.39329184483313	0.320490256071928	6.91622096416589e-07	2.87621526075248e-05	chr16	56938219	56939492
peak_102625	24.7723497200956	-2.19291581255941	0.510214133000176	6.92173562339326e-07	2.87621526075248e-05	chr9	122846338	122847100
peak_15330	34.3169210515829	-1.75990832020338	0.40241108004739	6.93799252891728e-07	2.88049146916109e-05	chr11	9250122	9250553
peak_74606	21.5221687767455	2.27951077643009	0.522361012860517	6.94332564939195e-07	2.88049146916109e-05	chr4	140103709	140104125
peak_10559	88.0678497820574	1.17694524678385	0.263989198517513	7.11034542759807e-07	2.94259798678178e-05	chr10	22630239	22631179
peak_12012	17.8142111255274	2.71083487435513	0.6296790007056	7.10604075644487e-07	2.94259798678178e-05	chr10	65501247	65501586
peak_51347	71.9845104606304	-1.32605971470211	0.29965664017039	7.13542433477767e-07	2.95058187455778e-05	chr2	88754177	88754935
peak_102677	24.8417298066672	2.11414026416502	0.490442097796344	7.17408123483132e-07	2.96416293224562e-05	chr9	124286046	124286932
peak_86004	34.6843130000643	1.80404096176547	0.416167277695776	7.21657286406724e-07	2.97689469293958e-05	chr6	111487772	111488173
peak_9440	18.0478159211912	2.58523286845363	0.604752418974103	7.29753248368301e-07	3.00785764925677e-05	chr1	246081025	246081846
peak_90335	19.8329081132316	2.45414152350529	0.572946043443494	7.30898916193139e-07	3.01014637649623e-05	chr7	43516785	43517270
peak_54301	95.7501902617745	1.35143734172067	0.313290252997782	7.31965226821166e-07	3.01210484703018e-05	chr2	173354210	173355896
peak_64502	17.1286886809506	2.66918470630229	0.626767161169267	7.39039025637794e-07	3.03876159364262e-05	chr3	32998796	32999392
peak_74326	31.4132873258138	1.8662865506506	0.42899436915632	7.40589307166209e-07	3.04268222523581e-05	chr4	123421504	123422407
peak_3918	29.5125941652688	1.85389641498457	0.422456469106563	7.54405225279291e-07	3.09694885797825e-05	chr1	89719377	89719956
peak_92762	28.7720019117571	1.96672378416405	0.456600004292998	7.57653155638851e-07	3.10777987074839e-05	chr7	117068456	117069033
peak_74173	73.1920317864882	-1.39621677956507	0.321494806849745	7.71087067993432e-07	3.16034125793514e-05	chr4	119370402	119371578
peak_69584	61.6393411544847	-1.27492138920851	0.286430712280773	7.72100468718386e-07	3.16087127068663e-05	chr3	179037221	179038095
peak_97460	53.6353537954915	1.59899747152748	0.373985678300659	7.72456282759098e-07	3.16087127068663e-05	chr8	96282826	96284140
peak_2457	27.1055784520344	-1.94709457744761	0.446669295499758	7.73935207619639e-07	3.16438335971892e-05	chr1	44305926	44306639
peak_78243	58.82214923293	1.38665826120921	0.314557460708408	7.75991593684585e-07	3.17024899003223e-05	chr5	75677699	75678644
peak_23472	55.7428208243261	-1.43903129922994	0.327586155148278	7.77648711665105e-07	3.17447535732242e-05	chr12	93245479	93246033
peak_72848	39.9677264644236	1.6625478585181	0.38306231869226	7.82413642174892e-07	3.19137135679432e-05	chr4	80006644	80008138
peak_97606	107.4271011383	1.14123271327393	0.257306743345898	7.88653256803776e-07	3.21425059563528e-05	chr8	100494277	100495585
peak_50725	90.8051859246634	1.21649530788003	0.275947580238103	7.95149821637135e-07	3.23813968098969e-05	chr2	69648173	69648812
peak_44866	55.6748745102546	1.39775782582556	0.318007598351993	7.97476593102273e-07	3.24502327022446e-05	chr19	2503454	2504245
peak_23279	96.2264075582578	1.1278769268658	0.253491866626472	8.00711415919324e-07	3.25558789888857e-05	chr12	89397930	89398895
peak_21987	141.735765031881	-2.16815391769747	0.523008455001445	8.06929284283858e-07	3.27214625492074e-05	chr12	52645275	52645982
peak_34244	22.1599945168166	2.27080734514824	0.533386329526321	8.07351035321518e-07	3.27214625492074e-05	chr15	90419083	90420193
peak_101725	47.3999143804329	-1.50908397463611	0.345635380907273	8.08495050522539e-07	3.27418019427658e-05	chr9	94655900	94656729
peak_66147	41.459062170042	-1.62891799427354	0.374270895168808	8.11707188252651e-07	3.28457957938489e-05	chr3	72657573	72658123
peak_21564	135.139180414276	1.00798680268191	0.224749325440403	8.21303026434092e-07	3.32077368007681e-05	chr12	46219538	46220145
peak_24844	18.0650099234597	2.60042355489541	0.612403065617557	8.29022529425303e-07	3.3493298482788e-05	chr12	124469634	124469825
peak_1459	15.9685310744775	2.89087519979856	0.692773673600894	8.30573566810126e-07	3.35293934104363e-05	chr1	26123341	26123688
peak_46690	14.0865888484736	3.04190423052643	0.718654050117887	8.31428026583989e-07	3.35373333571292e-05	chr19	38666979	38667311
peak_38597	31.3785652872696	1.73681317939984	0.397630586421334	8.33627222726066e-07	3.35994605358982e-05	chr17	15959006	15959597
peak_90756	26.0914757204439	2.47228080636224	0.627197244246955	8.45942827808828e-07	3.40391536962814e-05	chr7	55516999	55517713
peak_104306	45.5379270666449	1.49703300872469	0.341640308853529	8.46539185009312e-07	3.40391536962814e-05	chrX	13724782	13725602
peak_37622	24.9177344853732	2.49525844921157	0.624014707560293	8.50178583979191e-07	3.41048035269575e-05	chr16	87979854	87980628
peak_67269	33.1015497165091	2.14859101681841	0.530481030133435	8.4896606713812e-07	3.41048035269575e-05	chr3	114221484	114222118
peak_11291	49.9989669747449	1.54246772241784	0.356198495930225	8.52891307480276e-07	3.41470088935596e-05	chr10	43331969	43332808
peak_19900	37.9700637844182	1.68617772821476	0.390978742523892	8.5323989586151e-07	3.41470088935596e-05	chr12	666800	668213
peak_84458	17.7564759715916	2.55600801039446	0.594101007339927	8.53033027690952e-07	3.41470088935596e-05	chr6	53231640	53232351
peak_57760	28.39718505285	1.925317410017	0.44721073377394	8.56875238842139e-07	3.42656007275336e-05	chr20	10446765	10447360
peak_66692	49.3926411757052	-1.6551213623397	0.388927917215437	8.59684420114211e-07	3.43509951755041e-05	chr3	101784780	101785632
peak_27167	27.9030596243017	1.95275337452208	0.453413760422568	8.62809955257604e-07	3.4448886749228e-05	chr13	77345198	77346421
peak_3875	41.6023018127013	-1.54632590460738	0.353618393366735	8.64853892235027e-07	3.45034746083686e-05	chr1	89277781	89278054
peak_51606	99.3527145755707	1.09565869218648	0.246855296310935	8.74152857580388e-07	3.48199668723388e-05	chr2	98460867	98461459
peak_19599	105.732674800311	1.16043791905485	0.26399595090329	8.75690879813443e-07	3.48540009353382e-05	chr11	128550646	128553327
peak_9721	37.2217832036578	-1.77245374853597	0.412789653947339	8.78909566152765e-07	3.49437293344829e-05	chr10	3186465	3186698
peak_37613	22.1464466757967	2.24181445413807	0.529786500958524	8.79315983527666e-07	3.49437293344829e-05	chr16	87874993	87875422
peak_30828	29.4739474994298	1.93988462537104	0.453116692700092	8.82937388289685e-07	3.50603159496401e-05	chr14	93955259	93955557
peak_98321	163.154069946206	1.0536721271986	0.238814565521464	8.86880146794721e-07	3.51894717233273e-05	chr8	124261437	124263505
peak_64490	18.2376347101614	2.43298270623043	0.565422870665864	8.91909571997027e-07	3.53615096717266e-05	chr3	32911907	32912722
peak_20549	49.0044069597874	-1.5100257776385	0.34712670819657	8.93456038394982e-07	3.53952988139911e-05	chr12	11555763	11556463
peak_11374	45.9629707613821	-1.6300461132157	0.380551276062326	9.05205784621168e-07	3.58051374202443e-05	chr10	45470100	45470867
peak_11465	107.202577235726	-1.05869429261085	0.237702661113919	9.06783186607264e-07	3.58397267847736e-05	chr10	47311339	47312563
peak_13912	15.5292904177208	2.71693737499362	0.637121724359696	9.3403549329522e-07	3.68597009761224e-05	chr10	112519079	112519469
peak_68645	53.0081768553426	1.40468468898149	0.322280699112986	9.33586239606285e-07	3.68597009761224e-05	chr3	149657451	149658859
peak_36276	36.8077719004159	1.59779968493481	0.367028887223182	9.34785284717311e-07	3.68607598813587e-05	chr16	50781038	50781877
peak_37918	43.7115066632566	-1.70094328610583	0.403796813341176	9.45598650462426e-07	3.72295697239207e-05	chr17	1473358	1474138
peak_58136	66.0333247891473	-1.52156059516276	0.361708811653382	9.45261709001795e-07	3.72295697239207e-05	chr20	24389435	24390199
peak_65162	73.1126515257771	1.20622684173844	0.273928913300554	9.52061938255011e-07	3.74551157282947e-05	chr3	47056828	47057732
peak_8722	139.9028114562	1.02771934584747	0.232027559804095	9.58178427082102e-07	3.76666810202067e-05	chr1	227766159	227767029
peak_9758	30.6627081104833	2.106118640865	0.511474597789452	9.65513170181352e-07	3.79257738789418e-05	chr10	3806527	3807000
peak_100418	28.0326290614364	-1.91877647885138	0.444080071049349	9.72522240430106e-07	3.81716851043644e-05	chr9	35844986	35845266
peak_45333	69.5762264822181	-1.25255866376319	0.286344455205798	9.75351523910029e-07	3.82532867677513e-05	chr19	8608979	8610884
peak_77917	27.3352141556905	1.99283477891891	0.467923994652813	9.81717232614601e-07	3.84438055469186e-05	chr5	66010306	66010729
peak_46678	22.2116703568916	2.39183025916652	0.579030213182185	9.8366675822269e-07	3.84905858286585e-05	chr19	38559368	38560009
peak_59461	68.4434606124481	-1.22105330124174	0.277652403030017	9.90836564460228e-07	3.87414057327985e-05	chr20	53000910	53002260
peak_55464	63.2101723499608	1.29176040563218	0.294580271482665	9.99087243414489e-07	3.9034070645771e-05	chr2	201448723	201449315
peak_107398	16.4160175725313	-2.69910552901338	0.628610771095486	1.00769875832872e-06	3.93403743431455e-05	chrX	133749336	133749753
peak_87253	43.2461276196881	-1.66667673766339	0.394447114474127	1.01348468768525e-06	3.9535983386626e-05	chr6	142301450	142302277
peak_10715	44.1434220934506	3.43597297291547	0.903547887790653	1.0156287867201e-06	3.95893343422866e-05	chr10	26721351	26722169
peak_73236	59.3494562180463	1.55635433280242	0.369955522442573	1.01903095952099e-06	3.96916061895624e-05	chr4	89283585	89284728
peak_70027	86.2613736955599	1.33378774088043	0.310431612110252	1.02263215732221e-06	3.98014680711679e-05	chr3	189132163	189132954
peak_37655	47.3762907618098	3.13444312018475	0.816089478099749	1.0252788178788e-06	3.98436477197932e-05	chr16	88588685	88589819
peak_75588	77.7858624728177	-1.32265997265131	0.307216688269344	1.02462347946868e-06	3.98436477197932e-05	chr4	176065503	176066280
peak_37306	60.4830582831058	1.33491193605041	0.307903499289772	1.03655911539173e-06	4.02513351541223e-05	chr16	81521072	81522786
peak_37609	26.6197073923875	2.04495543504314	0.487504645289363	1.03776584280575e-06	4.02675260740441e-05	chr16	87855988	87856665
peak_49664	39.7811618777192	-1.70571562452206	0.400230561984882	1.04227285853891e-06	4.04116532056765e-05	chr2	42652116	42652611
peak_89389	39.2821786803455	1.77050416341699	0.422859677469579	1.0439742609473e-06	4.04468629701055e-05	chr7	17302845	17303042
peak_75379	15.9185702375148	2.65760705756326	0.623047701295295	1.04839387052714e-06	4.0587251239709e-05	chr4	166045381	166045935
peak_35153	22.3031481210279	2.19821641847299	0.521145730015719	1.07042794969631e-06	4.14088311405281e-05	chr16	10870819	10871372
peak_89661	44.3733312206666	1.45742765681627	0.335628596991422	1.07406370253454e-06	4.15179772080561e-05	chr7	24907359	24908436
peak_22963	95.5659002513693	-1.18528264225841	0.273194392485846	1.08301659022193e-06	4.18006690908822e-05	chr12	75478215	75478994
peak_65487	54.4002785749802	-1.37030710002601	0.315408102175603	1.08620597073281e-06	4.18920556912125e-05	chr3	52983058	52984081
peak_62075	62.2226513320141	-1.43450271196311	0.336908863230744	1.10724829665475e-06	4.2639094904259e-05	chr22	28822756	28823668
peak_67610	47.4745573030009	1.42548160860497	0.329328935890356	1.10641309218946e-06	4.2639094904259e-05	chr3	124584245	124585126
peak_102974	74.8408243815527	-1.21931945252308	0.280727857430586	1.1173848543531e-06	4.2964543125224e-05	chr9	129383376	129384214
peak_54400	33.8388285782404	2.09962590667601	0.527709082571691	1.12049747618409e-06	4.30517590962487e-05	chr2	174752530	174753601
peak_83087	26.0823134150094	-2.05455432504115	0.485723404296077	1.12535603926655e-06	4.31733657020649e-05	chr6	25441687	25442573
peak_82500	36.4450697315679	1.58343658745399	0.367271130161523	1.13766682021597e-06	4.3612842477843e-05	chr6	11258073	11259297
peak_96655	44.3574027486359	1.50831657066236	0.351660814890275	1.13928488067561e-06	4.36420577957375e-05	chr8	66679244	66680933
peak_91152	19.394954045343	2.78320093550954	0.696914841991477	1.14486361509008e-06	4.38228350442815e-05	chr7	74138424	74138898
peak_64773	15.7767876522755	3.03290308330341	0.740450497672436	1.15131297349759e-06	4.40038183287522e-05	chr3	39333912	39334494
peak_80912	24.1144336042722	2.51355823092598	0.646813699169351	1.15131788433208e-06	4.40038183287522e-05	chr5	151868474	151868961
peak_2671	26.2297266944118	1.9155096438686	0.449919596645043	1.15957124114355e-06	4.41952782954362e-05	chr1	50873491	50874180
peak_17755	41.591850046249	1.69687855854047	0.405187021814397	1.15979449965272e-06	4.41952782954362e-05	chr11	76588460	76590247
peak_95562	13.2291519994284	2.89332838542276	0.674297907900109	1.15794624929857e-06	4.41952782954362e-05	chr8	29249945	29250332
peak_97151	145.062490443842	-1.08673604199674	0.250538584633952	1.15863474031895e-06	4.41952782954362e-05	chr8	85463232	85464424
peak_9956	41.5849217766145	-1.66358482164387	0.393485413843163	1.16262793056862e-06	4.42701625600983e-05	chr10	7269284	7269881
peak_77277	16.9517143318532	2.53486088525773	0.598930434853911	1.16926662366464e-06	4.44897224434069e-05	chr5	43244674	43245430
peak_70350	19.4158713656792	2.62808437824927	0.660163541466375	1.17218788200712e-06	4.45676147293178e-05	chr3	196144418	196145120
peak_92484	75.0625454292602	-1.23360647126766	0.284846339973403	1.17684292469429e-06	4.47112618170366e-05	chr7	108454690	108456818
peak_6851	54.5388128701102	-1.49519610776023	0.353150417059773	1.18036363994295e-06	4.47747897876847e-05	chr1	183218801	183219900
peak_10258	36.531261329882	1.79169190634567	0.429046408226454	1.18171165959764e-06	4.47747897876847e-05	chr10	14554620	14555098
peak_85782	19.8940933085137	-2.34571394448562	0.555106948461004	1.18139064736954e-06	4.47747897876847e-05	chr6	107730181	107730472
peak_96500	108.680240657101	-1.07163179534206	0.244434174431266	1.18202775377993e-06	4.47747897876847e-05	chr8	60929052	60929710
peak_72470	84.4624140368683	-1.10945885491891	0.252298616394076	1.18310551876979e-06	4.47823444543403e-05	chr4	69760150	69760996
peak_62823	19.4936860568742	2.23776118565897	0.526861220103036	1.18779267637805e-06	4.4926407565142e-05	chr22	41618924	41619195
peak_55	16.4818388835322	2.56072960754711	0.606675668936445	1.19088085519159e-06	4.50098230413626e-05	chr1	1216865	1217304
peak_4368	35.2794325493603	-1.64057716146206	0.382554093079006	1.21078042499836e-06	4.56941900436467e-05	chr1	101284075	101284681
peak_16686	104.541172973248	1.03842323240418	0.236238921182263	1.21391226505697e-06	4.57784990726291e-05	chr11	57424752	57425438
peak_86266	19.7120449294348	2.31662672179783	0.551060712686374	1.22040333600845e-06	4.59892716110324e-05	chr6	118905722	118906359
peak_24753	55.7011963624082	-1.3604169545145	0.316266867256732	1.230394043104e-06	4.63007882310373e-05	chr12	122873701	122874437
peak_36801	17.4839672799178	2.56258293349491	0.614371352133206	1.23048617371544e-06	4.63007882310373e-05	chr16	68107198	68108023
peak_19166	37.8513014991916	-1.62774859698728	0.382284272339737	1.23667682533852e-06	4.64994134341516e-05	chr11	119115143	119115930
peak_24288	16.7673200522208	2.75644174346113	0.674927215757516	1.23789619686358e-06	4.65109620436893e-05	chr12	112751628	112752586
peak_48823	25.7645570009808	-1.99586295681449	0.472234208960887	1.25604817013541e-06	4.7123526124006e-05	chr2	23380751	23381334
peak_16608	33.1430697230671	1.64015556073053	0.383051585629316	1.25912814125613e-06	4.7204343683886e-05	chr11	48013425	48013834
peak_56658	27.7601693160655	1.8047552225613	0.421794630294388	1.26104661194764e-06	4.72415301666147e-05	chr2	230974069	230974755
peak_98391	86.0540838551094	1.14317219266029	0.262409940593252	1.26312779119767e-06	4.72847529823819e-05	chr8	125434208	125434904
peak_84090	19.7260545690263	2.25360084051182	0.533826022768814	1.26535379310929e-06	4.73333297839108e-05	chr6	42441259	42441899
peak_27108	59.1856566701191	-1.44093306889469	0.341128528004538	1.27739971840301e-06	4.77489017906859e-05	chr13	75803053	75803493
peak_71407	106.951364031456	1.10541648583938	0.25373509325612	1.28501928849074e-06	4.79985299948638e-05	chr4	25859404	25860236
peak_90929	102.812182235852	-1.13702292981141	0.264230959914012	1.28914488518637e-06	4.80821807725765e-05	chr7	66204839	66205801
peak_137	45.4311095474336	-1.49684051202882	0.351464977467742	1.29485556584614e-06	4.82314866058421e-05	chr1	2146260	2146954
peak_59405	78.009445550024	1.11090178586841	0.253912140166067	1.29503991612203e-06	4.82314866058421e-05	chr20	51400323	51400902
peak_7341	95.6609429438135	1.24022536805033	0.290235795377301	1.30178548180845e-06	4.84119872906531e-05	chr1	198187924	198188750
peak_52211	23.1927499088876	2.0535771295667	0.48662368738396	1.30440341313086e-06	4.84739886456926e-05	chr2	111705504	111706445
peak_81088	65.3957248746256	2.85152046970725	0.742065346068284	1.31066069501507e-06	4.8637657954163e-05	chr5	157390003	157391012
peak_64066	124.771645468372	1.08735298643343	0.251625460801005	1.31394893442184e-06	4.87221820875868e-05	chr3	18740642	18741881
peak_85705	20.7395537097709	2.65033241770192	0.679258389889799	1.31806137836396e-06	4.88164001284349e-05	chr6	106247365	106248087
peak_96746	25.9678900320008	2.22715390386623	0.553890107610789	1.3184047184885e-06	4.88164001284349e-05	chr8	70159947	70160946
peak_98403	43.2667608317147	1.48834968811481	0.348975787663879	1.34166912650119e-06	4.96057593065916e-05	chr8	125643945	125644942
peak_98407	31.3224539050618	2.02312783804668	0.499673181256989	1.34435784465594e-06	4.96691514982808e-05	chr8	125698596	125699061
peak_97608	15.4126006802436	2.62169174282676	0.621701906644298	1.34829039248687e-06	4.97783736070498e-05	chr8	100515192	100515822
peak_7789	124.106611954124	1.00547430170554	0.229531475823546	1.35538945230284e-06	5.00042594899512e-05	chr1	205288131	205288721
peak_88876	40.4395060691963	1.74865554194114	0.426387200804589	1.35972168542634e-06	5.01278162351031e-05	chr7	2757786	2759385
peak_85785	99.5083448706229	-1.02388654996002	0.233382140046272	1.36138022587283e-06	5.01526966736647e-05	chr6	107736253	107737688
peak_28207	18.1109393089768	-2.55725300128145	0.614701014171522	1.36641793787161e-06	5.0301938613951e-05	chr13	113634386	113634791
peak_34529	55.6303915719982	-1.30885209512121	0.303286724842556	1.38153777157065e-06	5.08218505204195e-05	chr15	99420925	99421485
peak_55502	15.5249750018259	2.53455814888441	0.598575139813683	1.40109020371755e-06	5.15039546696057e-05	chr2	202272946	202273261
peak_16592	20.2715437711829	-2.47152064473932	0.600521091160181	1.4069663818113e-06	5.16827002471404e-05	chr11	47863231	47863626
peak_40671	76.5078778455083	1.13236719955733	0.260691002522599	1.43210435864536e-06	5.25682309790442e-05	chr17	59329691	59330466
peak_70377	81.8310779950058	-1.3140630520311	0.313483718830591	1.44143181604014e-06	5.28725486133976e-05	chr3	196604605	196604913
peak_96574	32.4873931353273	2.14264850081316	0.552349073543591	1.47022768734966e-06	5.38513138413863e-05	chr8	64756703	64758301
peak_49505	39.9318255768233	1.63737165437904	0.391071023493654	1.4723023304455e-06	5.3888590538474e-05	chr2	38653170	38654293
peak_2828	83.9252284904692	-1.25328615584317	0.29601801247716	1.48224528407423e-06	5.42135997516561e-05	chr1	54356477	54357264
peak_42794	25.5544091908641	1.92449219183793	0.45653617793715	1.49751100724068e-06	5.47326854589057e-05	chr18	23228854	23229049
peak_15357	94.816981814592	1.13050749212637	0.26289901284427	1.50810476904055e-06	5.50656873885032e-05	chr11	9663620	9664951
peak_90651	52.0040813210615	-1.34955107513132	0.316283662330684	1.50878212218529e-06	5.50656873885032e-05	chr7	50792669	50793901
peak_90960	40.1751834833864	1.79184705152873	0.442586579300654	1.51294903157307e-06	5.51782684719487e-05	chr7	66859163	66860765
peak_63849	19.3123033777095	-2.26033902902834	0.535570964204069	1.5206160047385e-06	5.54182470461738e-05	chr3	14879200	14879846
peak_49659	20.6441872985848	-2.36124337872865	0.575739157061212	1.53613674662201e-06	5.59053988723183e-05	chr2	42565973	42566306
peak_52203	14.6620694501576	3.0027243299637	0.744778634348483	1.53617588789311e-06	5.59053988723183e-05	chr2	111532811	111533861
peak_50239	87.0859452748314	1.10421386801789	0.255417399180196	1.54051540931172e-06	5.60233371320738e-05	chr2	58240729	58241694
peak_35666	15.0786374461337	2.66837338093834	0.640447841868419	1.54218705335724e-06	5.60441547416053e-05	chr16	24774170	24774618
peak_12957	53.90562849851	1.34929393350198	0.315406514333923	1.54675828787578e-06	5.61302619684231e-05	chr10	88831651	88832179
peak_73792	34.9476581524268	-1.91911417069635	0.478554970674471	1.55428697022457e-06	5.63633538149857e-05	chr4	108054063	108054402
peak_36534	22.8971248667254	1.99401955950425	0.474809491094888	1.55591572794319e-06	5.63823164924744e-05	chr16	57810275	57810531
peak_61382	17.6716836508171	-2.72125642755701	0.665689192884724	1.56185336520053e-06	5.65572838622969e-05	chr21	46626599	46626918
peak_2698	63.8225292923979	1.48535484473229	0.359746564805073	1.56698350497982e-06	5.66906451535532e-05	chr1	51520443	51521187
peak_8051	53.6258991383805	1.6392279709931	0.401594141595561	1.5677599667852e-06	5.66906451535532e-05	chr1	210332187	210333253
peak_8789	78.5571545822097	-1.09461782858991	0.252734505091967	1.58299908520142e-06	5.72011278228772e-05	chr1	228735061	228736483
peak_40586	27.5238076731536	2.09501933540628	0.519053776827358	1.60861759283727e-06	5.8044569418543e-05	chr17	57662799	57663408
peak_33270	13.1311788135073	3.02148205033165	0.731807531829323	1.61193675110178e-06	5.81232016914254e-05	chr15	67091311	67091526
peak_80373	96.2681375269101	-1.12383542555763	0.262895812155783	1.64080737470218e-06	5.90806531119812e-05	chr5	139847868	139848856
peak_20945	81.903626121611	1.31207586253659	0.313598668970893	1.67744244727535e-06	6.03571493414123e-05	chr12	22395592	22396998
peak_43366	47.3131329719031	1.50948816428082	0.360407415322695	1.68741055040126e-06	6.06302426516975e-05	chr18	45666137	45666943
peak_19055	37.4233823099332	1.60841089663709	0.385419215811665	1.70577347582474e-06	6.12037765224493e-05	chr11	118007354	118008296
peak_37137	22.9791397747768	2.14525898545286	0.522635638697712	1.70894080555233e-06	6.12743009225675e-05	chr16	75616355	75617153
peak_70625	59.3056423573255	-1.39416908456236	0.333030355626693	1.7115990083384e-06	6.13264842158408e-05	chr4	2296352	2298308
peak_8411	28.2056189077651	2.07191603657944	0.512590938001354	1.72872272656121e-06	6.1896528747507e-05	chr1	221829433	221830158
peak_95420	27.4241511006886	-2.06319259906375	0.507986947287247	1.73265540799364e-06	6.19938025487464e-05	chr8	26436236	26436861
peak_9769	17.2519969877525	2.6019660886874	0.653997893800161	1.75152186422397e-06	6.25810047437443e-05	chr10	3902355	3902931
peak_51613	49.9994916710588	-1.59432477353649	0.389468103793058	1.75512833311299e-06	6.26659476135145e-05	chr2	98508533	98509246
peak_9434	54.1771168984058	1.38011404712742	0.328118417848181	1.76826888465822e-06	6.30909428643694e-05	chr1	245956187	245956772
peak_34206	18.4623079726931	2.37238754840711	0.579425187572327	1.79684835262139e-06	6.39763338734316e-05	chr15	90038219	90038725
peak_80135	29.0272357234998	-1.82528910716639	0.438701730346427	1.82713563392963e-06	6.49639731042789e-05	chr5	134964188	134964985
peak_8184	24.2089082694476	2.3253355558158	0.596617747597697	1.83570115601862e-06	6.52230377287563e-05	chr1	212979365	212979926
peak_20106	24.2750032922933	2.22849702566847	0.559718173976158	1.84056015613197e-06	6.53501393597108e-05	chr12	4115105	4115667
peak_65118	25.5736085499658	2.08016959716331	0.513861540817036	1.84596686895045e-06	6.54964974114876e-05	chr3	46370853	46371639
peak_49260	18.5690208896941	2.50304239588208	0.621964323752299	1.89056268463664e-06	6.69166871894533e-05	chr2	31324355	31324920
peak_90910	22.6339549285592	2.50440532286011	0.673609236197594	1.89070682583477e-06	6.69166871894533e-05	chr7	65798530	65799229
peak_94011	41.5701988529482	-1.46662077425133	0.347821880907653	1.89124360098855e-06	6.69166871894533e-05	chr7	150484084	150484677
peak_54016	41.1135235161545	1.50078218019121	0.358693237922692	1.89969769865479e-06	6.71692003215071e-05	chr2	168211037	168212443
peak_64551	21.906948757034	-2.29763177614284	0.571742905411331	1.92385118512866e-06	6.79760752078793e-05	chr3	33848533	33849304
peak_72013	23.7517429592656	2.4204482839331	0.639358264446511	1.93392074872966e-06	6.82845452179573e-05	chr4	48653348	48654187
peak_23508	33.1410980579059	1.65599918245022	0.3971195127894	1.94540832197365e-06	6.86426219405871e-05	chr12	93773054	93773467
peak_82210	105.540138568066	-2.08144151645264	0.529373180027008	1.96524518187062e-06	6.9294599476387e-05	chr6	3455097	3455746
peak_85345	49.4355719872257	1.54787572572123	0.379020856033907	1.97761494096212e-06	6.96344443231318e-05	chr6	90472807	90474154
peak_41553	21.5194178508412	-2.11781586315124	0.51317305084762	1.98700307509158e-06	6.98965040046684e-05	chr17	76713379	76713711
peak_92197	24.2325058597727	2.36403240823152	0.613754845958041	1.98889014715186e-06	6.98965040046684e-05	chr7	102715271	102716124
peak_19313	62.3595029571267	-1.19708354505279	0.281436293740621	1.99215691510139e-06	6.99051014957738e-05	chr11	122674310	122675661
peak_32768	63.0434618958563	-1.29286163919299	0.306654114028238	1.99119711362902e-06	6.99051014957738e-05	chr15	58357843	58358489
peak_39404	19.9389075506026	-2.19425121832034	0.531972980045016	1.99819470683491e-06	7.00687450637447e-05	chr17	35871356	35871728
peak_27916	17.2966734412478	-2.55165381896617	0.629093082809966	2.00907581170906e-06	7.03535297635976e-05	chr13	104984343	104984866
peak_49075	32.9191858442409	1.71281734569879	0.415517262742516	2.01964544315839e-06	7.06751150067766e-05	chr2	27920398	27920915
peak_94266	47.3595675333015	-1.44701719419016	0.345874530879374	2.02610340771774e-06	7.08524748600115e-05	chr7	155738785	155739997
peak_72396	50.3798807561536	1.61562774490819	0.398620754413203	2.03067803222148e-06	7.09637766626759e-05	chr4	67523072	67523752
peak_96474	28.869538010453	-1.98611964540769	0.4935046764335	2.03311321495542e-06	7.10002125874776e-05	chr8	60747661	60748556
peak_105017	14.426095546586	2.86421198085487	0.721030309669295	2.03457909697697e-06	7.10027719633594e-05	chrX	41580408	41581315
peak_8660	136.344040003512	-1.00010287244423	0.23393419234078	2.06588361322116e-06	7.19712712110586e-05	chr1	226656566	226656988
peak_36938	20.7838395998383	2.20281059360376	0.542515942410357	2.06656613684129e-06	7.19712712110586e-05	chr16	70520732	70521127
peak_47720	68.5415640326604	-1.29241980066168	0.309262758084141	2.06461746511226e-06	7.19712712110586e-05	chr19	53877342	53877845
peak_414	39.9374584950788	1.51001141303402	0.362077820028259	2.07397921557262e-06	7.21801394438128e-05	chr1	7948732	7949598
peak_105579	10.8893429816167	3.41547137155878	0.812368413630908	2.08461221219744e-06	7.25007082203946e-05	chrX	57595432	57595578
peak_90438	43.3675100591653	1.48566384594156	0.35773113655099	2.08753671630175e-06	7.25529291188556e-05	chr7	44959664	44960378
peak_47833	37.5394951289841	-1.52812612864685	0.364852983577038	2.09462472409661e-06	7.2749684048222e-05	chr19	55626404	55626749
peak_13610	34.0317952901179	-1.68046075928757	0.407722597580597	2.15266830213464e-06	7.47147352298411e-05	chr10	102775889	102776371
peak_53959	106.525209566357	1.26411200854527	0.308568413516263	2.15591797056655e-06	7.47766215287796e-05	chr2	165793604	165795015
peak_67279	125.008461012385	2.21526226134791	0.574865059644469	2.16990561683346e-06	7.52106103194228e-05	chr3	114307377	114309293
peak_51275	32.9486314725969	1.74937433882236	0.42750416761077	2.18177462818965e-06	7.55706258103786e-05	chr2	87455440	87457368
peak_86421	22.850491573232	-2.2675521546462	0.576806770798746	2.18470152662616e-06	7.56206327471563e-05	chr6	125099340	125099935
peak_6228	103.100380367027	-1.13948267409961	0.272489769132796	2.19567831257254e-06	7.59137755067456e-05	chr1	167460775	167461342
peak_9138	27.035568982133	2.07986982425175	0.524791632535253	2.20138648447265e-06	7.59610127022427e-05	chr1	235876506	235877005
peak_40144	24.9242876914594	1.8855072073141	0.457707988191998	2.20198440305014e-06	7.59610127022427e-05	chr17	47829947	47830254
peak_99961	14.6009094298663	-2.6646813291269	0.642058219100454	2.20093645855042e-06	7.59610127022427e-05	chr9	21611804	21612243
peak_37581	24.1296800650297	2.15261655854796	0.537759674745653	2.21498850081766e-06	7.63579470606417e-05	chr16	87485245	87486216
peak_17434	22.1534287403704	-2.10218255429869	0.512124153955105	2.22661417931513e-06	7.67068584774062e-05	chr11	69558451	69559027
peak_32664	31.0451260800602	1.85611801255081	0.460143247247212	2.2346936480021e-06	7.6933214272137e-05	chr15	55277102	55277602
peak_82755	77.6350822875453	-1.09680169839299	0.257244195071785	2.24312877533005e-06	7.71715004986356e-05	chr6	16179729	16180765
peak_6706	37.5771660256974	-1.51268886037648	0.362983421864206	2.24999756584606e-06	7.72902794045293e-05	chr1	179831623	179832541
peak_29331	21.1289247998865	2.13661255845955	0.526177381099841	2.25416085738311e-06	7.72902794045293e-05	chr14	54435438	54435982
peak_44406	45.2860379655971	-1.60329036859597	0.393936766556203	2.25138090598216e-06	7.72902794045293e-05	chr18	76495163	76495544
peak_49214	31.0385804786467	-2.14502345795172	0.565929891534893	2.25302094223747e-06	7.72902794045293e-05	chr2	30439862	30440196
peak_58118	84.5215617465451	-1.20452117341194	0.288038786072368	2.24895785668482e-06	7.72902794045293e-05	chr20	24027285	24027792
peak_18763	133.099576497506	1.10614304272569	0.266026263716343	2.2576425949234e-06	7.73144237334655e-05	chr11	111538765	111541494
peak_78430	30.7577756169904	-1.69490169157877	0.408883150560367	2.25789779427941e-06	7.73144237334655e-05	chr5	79736343	79737515
peak_49002	20.5228864700238	-2.30401597555374	0.57314428888266	2.277848243849e-06	7.79452151415335e-05	chr2	26809957	26810624
peak_105015	14.8220625027638	2.60651626443952	0.640884928654707	2.28634263985094e-06	7.81834110230987e-05	chrX	41556915	41557308
peak_44391	26.2121266233478	-1.84014854913418	0.446760319471081	2.29327405707665e-06	7.83678760550335e-05	chr18	76376893	76377467
peak_56306	13.0189967535728	2.82209493031103	0.68422850596046	2.3110366644855e-06	7.89219794879154e-05	chr2	222426297	222426499
peak_81099	11.6772398201033	3.23356433891522	0.79181709760063	2.31623988483657e-06	7.90467247444962e-05	chr5	157544676	157544937
peak_12978	80.6401795445497	1.30494854937387	0.318228199345656	2.33268118433378e-06	7.94482851465878e-05	chr10	89000919	89003617
peak_57188	23.5355634296217	1.9733375555383	0.481787488278422	2.33182113207165e-06	7.94482851465878e-05	chr2	239623094	239623680
peak_33076	15.6610764534701	2.58732012010152	0.634887910138079	2.33488485479612e-06	7.94702531419459e-05	chr15	64248006	64248489
peak_4313	62.4373280960462	1.38731886368968	0.339743693423399	2.33896673814355e-06	7.95560761247411e-05	chr1	100423658	100424378
peak_85779	29.8222601293613	-1.99414536568258	0.507295412157356	2.3572566855207e-06	8.01247262453055e-05	chr6	107712786	107713454
peak_64014	27.3383145641654	2.20934148795717	0.58341558087667	2.37709018035502e-06	8.07450499237716e-05	chr3	17693270	17693932
peak_9768	25.4022246082143	1.88811644350878	0.45984936686553	2.39222512312641e-06	8.11510247024106e-05	chr10	3892376	3892972
peak_69796	23.8527741057614	-2.14667729926725	0.533825410791672	2.39110437045128e-06	8.11510247024106e-05	chr3	184556713	184556992
peak_45979	67.6047973896526	-1.17528296329777	0.279121025231058	2.398302511136e-06	8.12490709852359e-05	chr19	18013766	18014587
peak_13855	27.4044863565238	-2.03325072869668	0.499469903958897	2.40432739658463e-06	8.13990947159787e-05	chr10	110802697	110803066
peak_42861	21.9957575474934	2.32730144857426	0.596560900859013	2.41830128066147e-06	8.17636001961576e-05	chr18	23994556	23994832
peak_26564	13.9611235981312	2.95014706174326	0.745965650337503	2.4334107091501e-06	8.21654823951835e-05	chr13	50957569	50958232
peak_59691	25.4706690484561	2.02088090208241	0.507612547794813	2.43194107571059e-06	8.21654823951835e-05	chr20	59151889	59152220
peak_37197	26.8162256994879	2.29424133918996	0.62079843492712	2.43727710286942e-06	8.21871761685849e-05	chr16	78894932	78896755
peak_100986	34.7650791030209	1.69103050001891	0.413939031665282	2.43585011621352e-06	8.21871761685849e-05	chr9	72443369	72444483
peak_68707	80.5266957180248	-1.14455581675162	0.272787785074249	2.44002231587922e-06	8.22253653651143e-05	chr3	151085439	151087318
peak_11079	20.7307248137455	2.4183935375337	0.627943665685681	2.4437029092553e-06	8.22950043139305e-05	chr10	33264270	33264721
peak_64696	24.8176728733162	2.1267111085953	0.538661359708114	2.45653121070358e-06	8.267240944484e-05	chr3	38151738	38152249
peak_23635	58.4899364851402	1.37472370922334	0.335218806415909	2.47535468883608e-06	8.32509460191268e-05	chr12	96205722	96207592
peak_99956	95.7599399899636	-1.10485243191014	0.264032214905	2.48175763493412e-06	8.34112688033957e-05	chr9	21558912	21560645
peak_81104	74.7734086695933	1.14315425940784	0.271581425496019	2.49429752119339e-06	8.37775055438513e-05	chr5	157575010	157576154
peak_53793	57.2029535228116	-1.3074299487182	0.314757980312356	2.53223985581968e-06	8.49399876900146e-05	chr2	160652034	160652688
peak_13335	28.1565681903134	1.93631644415465	0.48660059844493	2.54988018423546e-06	8.54754707912093e-05	chr10	97648718	97649407
peak_100881	135.657850891827	-1.14809859607801	0.280869832039784	2.56335477033272e-06	8.58707006045888e-05	chr9	69671888	69673343
peak_21990	37.5998586413789	-1.64238775472815	0.405500707975421	2.56900640584304e-06	8.60035197690828e-05	chr12	52681413	52682124
peak_87772	28.0005592656863	1.99604085120697	0.506180514843741	2.58961555239359e-06	8.66365738545534e-05	chr6	152974862	152975959
peak_48354	83.4116753095004	1.03017956701483	0.242765470871468	2.59697969374937e-06	8.68259715839379e-05	chr2	9782025	9782772
peak_9789	12.3793259421825	2.9126852746421	0.715454805082695	2.60835267977318e-06	8.71490627332342e-05	chr10	4234816	4235060
peak_21049	57.7304572620591	-1.22987232584398	0.293872814947827	2.61164046639264e-06	8.72017687095582e-05	chr12	26113965	26114788
peak_22752	20.1073713150661	-2.36066410766957	0.596675937670439	2.61879055845936e-06	8.73261317289789e-05	chr12	68539236	68539567
peak_98386	22.9933708038459	2.36546382325192	0.629146370817393	2.61749009175177e-06	8.73261317289789e-05	chr8	125339163	125340395
peak_50675	49.0719046352351	-1.34006693306787	0.322539831752618	2.6211836976323e-06	8.73488052336473e-05	chr2	68829024	68829902
peak_71029	50.3798752079097	1.28721297220017	0.308027422592016	2.62498123288687e-06	8.74182189026584e-05	chr4	10106416	10106951
peak_73797	79.3553506158244	-1.14102740079795	0.271668862470363	2.65002114008973e-06	8.81945025121507e-05	chr4	108080720	108081596
peak_9386	46.4632729227044	1.69671093264286	0.431399946204841	2.71763016127422e-06	9.03855782144339e-05	chr1	244599757	244600263
peak_43962	29.9662011114565	1.97450098017006	0.507465128300767	2.73163699909528e-06	9.07922060207772e-05	chr18	62784018	62785414
peak_31198	106.220934248608	1.01177772076166	0.240358277560828	2.77217638344818e-06	9.20795994048786e-05	chr14	101875972	101877342
peak_92752	24.7402869439273	2.28772492950859	0.609754355145688	2.8306839792992e-06	9.39006202788218e-05	chr7	116962212	116962939
peak_102672	30.2594844980454	1.71899636942042	0.424123634815794	2.82995362428619e-06	9.39006202788218e-05	chr9	124216755	124217651
peak_32375	41.5040849685745	1.53025544997403	0.377018282827034	2.84959908507818e-06	9.44666183041588e-05	chr15	44546007	44547274
peak_50886	17.0267199575999	2.30126197084748	0.569490354804863	2.85586052036952e-06	9.46126734837948e-05	chr2	73107396	73107712
peak_78213	48.1300560146721	1.36465168779721	0.330681494379281	2.87115015477181e-06	9.49957571649549e-05	chr5	75077834	75078619
peak_48389	52.2220747636797	-1.37608132614025	0.337856627518715	2.92332140694039e-06	9.6659186286811e-05	chr2	10305337	10306005
peak_25684	32.7590067340252	1.86462320856112	0.473731026308691	2.93396049686068e-06	9.68853043348047e-05	chr13	29125139	29126317
peak_27004	15.6601942597317	2.47583000855955	0.618684947606802	2.93309886549489e-06	9.68853043348047e-05	chr13	73859853	73860542
peak_48343	22.3959580423133	2.06392382594533	0.517759364560832	2.9451674584378e-06	9.71924323857022e-05	chr2	9655550	9656712
peak_29619	67.7760211006	-1.22733978309257	0.297845179999532	2.96208588752706e-06	9.76875233256499e-05	chr14	61568489	61568984
peak_43494	38.4508172280826	-1.62492844779183	0.404161283366069	2.96765695006494e-06	9.78079878836528e-05	chr18	48455889	48456699
peak_63860	22.1623146500647	1.9977966154508	0.496506755492599	2.97001967403483e-06	9.78226247418217e-05	chr3	15055074	15055501
peak_60610	21.6741237700007	2.1836891821715	0.553211120302972	2.98987986416489e-06	9.83496869382651e-05	chr21	31176084	31176294
peak_99523	43.1809398332244	1.56638112518546	0.389533810922605	2.98919477677974e-06	9.83496869382651e-05	chr9	6428626	6429680
peak_49109	29.9615714186054	-1.74534695679845	0.431270914719086	3.00347707239441e-06	9.8733257261832e-05	chr2	28615726	28616175
peak_96848	19.3700277343411	2.31953645152892	0.589992865542779	3.04546184611623e-06	9.99844930367561e-05	chr8	73892978	73893392
peak_5888	33.6718368118628	1.63535336725957	0.402775188298705	3.05657085003449e-06	0.000100220475034171	chr1	159067774	159068644
peak_98191	39.113598936576	-1.56158279184109	0.384987300156057	3.07605725590546e-06	0.000100729515253433	chr8	120472286	120472929
peak_26342	30.4096928618154	1.65413587669788	0.405231532833088	3.08564390820409e-06	0.000100978588128173	chr13	46177614	46177948
peak_34775	56.8615975964263	-1.46315496424645	0.367889502832246	3.10914892707125e-06	0.000101682531876623	chr16	1525816	1527545
peak_5430	119.563596262151	-1.20983301960293	0.30197271285303	3.11445175602621e-06	0.00010179066489279	chr1	151131152	151131604
peak_70356	30.5090891844535	1.68032317890215	0.415851110355114	3.13692343254378e-06	0.000102459435061933	chr3	196192124	196192783
peak_96413	14.1621821837168	3.15184230449399	0.834615495138004	3.16148682747298e-06	0.000103195625726977	chr8	59209465	59210170
peak_41727	69.8406221061662	-1.21582982320065	0.296100153590736	3.16844880386209e-06	0.000103356705511012	chr17	78789374	78790325
peak_72638	19.8947725204158	-2.67446334046095	0.732515166613508	3.19000989945184e-06	0.000103993506862821	chr4	74632675	74632999
peak_35483	27.16945379833	-1.76443860175587	0.435624398140215	3.19602365787475e-06	0.00010412297905457	chr16	19696214	19697069
peak_88010	29.4563320412036	-1.74641770294496	0.433888800644242	3.26514207206305e-06	0.000106306854205751	chr6	157755586	157756161
peak_31754	35.1214094566577	-1.70847914285058	0.429425779014602	3.27827261350853e-06	0.000106666245993839	chr15	25810616	25811105
peak_26353	53.1825077113185	-1.25623675822334	0.304913626434018	3.29002048961303e-06	0.000106980219823603	chr13	46320693	46322059
peak_67284	36.5705797185079	1.96106654158895	0.529299721776779	3.33015592025032e-06	0.000108216271351104	chr3	114331883	114333524
peak_67280	16.1908740043206	3.1000034298991	0.935709874309017	3.34096606332138e-06	0.00010839689661426	chr3	114315770	114316252
peak_70954	38.1286860526042	1.53936082865369	0.3827287285719	3.34100694818704e-06	0.00010839689661426	chr4	8409358	8409972
peak_94104	86.9033342853361	-1.10497992258066	0.267116304359978	3.3420923680543e-06	0.00010839689661426	chr7	151429587	151430662
peak_71655	43.6791672952611	-1.4110084003355	0.345869868803106	3.35058697446323e-06	0.000108603323254916	chr4	37780545	37781484
peak_47644	20.6896345496827	-2.19478669115518	0.553561956582574	3.37066326072436e-06	0.000109184648672994	chr19	51676195	51676994
peak_90267	36.0192914194505	-1.5286626022863	0.376181396150752	3.37655418793963e-06	0.000109236669940539	chr7	39987711	39988189
peak_61707	14.6257319166773	-3.11990108681988	0.819479200721048	3.38866797817136e-06	0.000109559052336744	chr22	20810664	20810949
peak_9910	14.995539665265	2.64906704610771	0.679631727884016	3.40562200896472e-06	0.000110037416824509	chr10	6507389	6507795
peak_62647	13.9249832699688	-2.89732012019859	0.735133228613452	3.40873202695821e-06	0.00011006815144173	chr22	39416410	39416636
peak_65881	15.4023644059955	2.48752446071243	0.627777998791598	3.4187096279104e-06	0.000110320461448506	chr3	66355423	66356032
peak_38828	26.90771300441	1.86015649687195	0.464487761308601	3.42775094170254e-06	0.000110542257756892	chr17	19502523	19502836
peak_66405	14.7975255595245	2.76739231274115	0.707365158871563	3.43098790248344e-06	0.000110576706192175	chr3	88141916	88142686
peak_103381	63.194998410814	1.20754388524638	0.294209684067329	3.44990109962977e-06	0.000111116018613849	chr9	136225303	136226500
peak_66550	21.4843593007626	2.31243024517321	0.615587411092865	3.46118700121183e-06	0.000111338852015007	chr3	98508494	98509376
peak_21423	90.5310204233883	1.14987260930059	0.281630607060847	3.46824568418962e-06	0.000111495570273703	chr12	42097950	42098596
peak_7110	34.4291535919931	1.57375746799969	0.389021286060043	3.4793209268119e-06	0.000111710741041834	chr1	192579286	192579703
peak_47286	43.4719294477328	-1.40449924596575	0.345430068084891	3.4838418337591e-06	0.000111715194802542	chr19	47145653	47146332
peak_70823	64.6733156095348	2.99582217182969	0.861124015389713	3.48268554455256e-06	0.000111715194802542	chr4	6180646	6181497
peak_55230	65.8047913977155	-1.21604472063129	0.297052084796648	3.53144546165858e-06	0.000113170508050361	chr2	197145273	197146566
peak_7596	51.7185510150493	1.3795076191057	0.342686431096764	3.57214849692581e-06	0.000114402992000163	chr1	202295483	202296097
peak_82351	25.2849170729153	-1.98599009968304	0.507554807050583	3.62087016890823e-06	0.000115890575286852	chr6	6588420	6589180
peak_98322	15.3364972556056	2.58146368127606	0.6662728076247	3.63885387167412e-06	0.000116393101318179	chr8	124267110	124267377
peak_55168	48.8148130691491	-1.30076212267618	0.317465820234874	3.65997775116161e-06	0.000116995376564718	chr2	196213335	196213704
peak_54651	38.4591595292181	-1.50827078961532	0.37436935863593	3.66408034592877e-06	0.000117053133156344	chr2	181281131	181282030
peak_65891	19.7653863583996	2.49835121247708	0.674720678043588	3.69915587960875e-06	0.000118099662916551	chr3	66469244	66469593
peak_91604	14.8503700405316	-2.84451207362577	0.749135631782501	3.71828456044619e-06	0.000118636080474912	chr7	89607713	89608178
peak_86264	41.8189235546901	1.56013021616429	0.392959536366611	3.72116640138489e-06	0.000118653777449037	chr6	118899857	118900318
peak_33095	19.6566806930797	-2.20099157149489	0.556056954390959	3.73444945346834e-06	0.000118928569540623	chr15	64514479	64514910
peak_81049	121.040408595157	1.04342415187252	0.254663436451828	3.74531268647088e-06	0.000119200070307369	chr5	157159103	157160238
peak_30798	52.1101044987894	1.2727495942807	0.311672892407746	3.75680154076165e-06	0.000119491131227245	chr14	93065950	93066651
peak_6747	22.2346552826267	-2.2791160681542	0.590256360295637	3.78505490329224e-06	0.000120239756572747	chr1	180981660	180982057
peak_18030	48.7615984134573	-1.30900002170058	0.321120361985167	3.78486804405222e-06	0.000120239756572747	chr11	86671554	86672583
peak_98631	42.6572742309237	-1.42257636669291	0.351136405011458	3.80385988266187e-06	0.000120686745474423	chr8	130444616	130445367
peak_46689	23.6446721560955	1.85069819504448	0.461778989447031	3.81123171076235e-06	0.000120845435326448	chr19	38657796	38658164
peak_51349	53.2154528410139	-1.49853569327311	0.384716108756422	3.81522426960471e-06	0.000120896845624652	chr2	88764991	88766132
peak_22157	18.3792674735245	-2.52794332053337	0.680159486332242	3.82433076128149e-06	0.000121110141735837	chr12	54776962	54777643
peak_82428	30.4064081397839	-1.96991076918146	0.517946558390416	3.83668773148127e-06	0.000121426046354627	chr6	8075507	8076426
peak_49535	32.5398258804849	1.82416453178192	0.472312677416674	3.84872664629275e-06	0.000121731499248066	chr2	39099775	39100728
peak_21982	20.0943977783177	-2.33364919860027	0.59214824909093	3.85528503934751e-06	0.000121787833343353	chr12	52603429	52603674
peak_82228	16.3561802755328	2.50888522170581	0.652264263672454	3.8547549649828e-06	0.000121787833343353	chr6	3869880	3870523
peak_21059	22.396336954821	2.00357159976209	0.507687036147838	3.91197615678769e-06	0.000123425752679441	chr12	26298886	26299539
peak_41047	61.4848104722309	-1.17574525982685	0.287064183879709	3.95830366708264e-06	0.00012481018600487	chr17	66673354	66674367
peak_69958	24.1892780409275	2.01477466486618	0.524322090785727	3.96463159473901e-06	0.000124932451476739	chr3	187935619	187936216
peak_22618	37.6717937972486	-1.51215610466824	0.377779557769143	3.9716818717219e-06	0.000125077314337006	chr12	65740836	65742086
peak_101881	70.6130830926872	1.37177720302123	0.341005697707078	4.04475301968567e-06	0.000127142896092289	chr9	98092413	98092922
peak_20588	66.6299444126251	-1.10227327786905	0.267613635591991	4.08304082499233e-06	0.000128188374078238	chr12	12266717	12267477
peak_83527	30.9388512936425	1.69472508243713	0.429302205859272	4.0920800931709e-06	0.00012839310500333	chr6	32439533	32440194
peak_101083	20.7566506168628	-2.09899457719674	0.535191278386181	4.11073561579286e-06	0.000128899118146872	chr9	76018349	76019024
peak_22978	35.6260137943788	1.59874800676647	0.404001085157399	4.17493506629484e-06	0.000130671110675328	chr12	75943933	75944838
peak_12331	20.984936680199	2.4284049553692	0.668919987661699	4.1805417891125e-06	0.000130686145714096	chr10	72370205	72370807
peak_80861	31.0656439889803	1.70447127770844	0.434374808180731	4.24773811990776e-06	0.000132461881211998	chr5	151068405	151069220
peak_14349	59.3139309579201	1.19216131474367	0.293687146769658	4.25079827863868e-06	0.000132476284251022	chr10	124650850	124651800
peak_48426	27.1979668488217	1.84680647779128	0.47062147042809	4.29774236312222e-06	0.000133775758318773	chr2	10810313	10810605
peak_5883	50.2902587951985	1.29750377865001	0.320116509019947	4.31282153409033e-06	0.000134163220705997	chr1	159015506	159015982
peak_55025	31.617415666447	1.65701289084939	0.41686061991839	4.33602382729281e-06	0.000134802750523385	chr2	191629013	191629456
peak_71635	44.4511110947356	-1.36981012774446	0.339416949068501	4.34287906615929e-06	0.000134933596628396	chr4	37453338	37454132
peak_33368	15.7029731568666	2.94527299806825	0.84353098587054	4.37033545404055e-06	0.000135621377638291	chr15	69104018	69104553
peak_18702	20.9087665279676	2.30125671064175	0.614477484647475	4.41715042247033e-06	0.000136907496316153	chr11	110077369	110078155
peak_4981	79.8314274934987	-1.36234069982753	0.351856903021679	4.43826560680571e-06	0.000137478378024663	chr1	117049070	117050188
peak_24727	17.9459438909489	2.22836511328963	0.571352557950705	4.45361619433849e-06	0.000137870112498204	chr12	122412323	122413111
peak_15196	92.0379199002265	-1.02992692532158	0.250594284603238	4.47451174139101e-06	0.000138432922115632	chr11	6404263	6404840
peak_15351	51.1319862127805	3.11650711322855	0.91819549497029	4.50307639896115e-06	0.000139147789865111	chr11	9565888	9566475
peak_68371	15.109010894383	2.73182992217915	0.7249165171308	4.50982763664582e-06	0.00013918769484384	chr3	141379357	141379666
peak_70248	20.9611171937297	2.17835798254676	0.57377159703307	4.50777757212015e-06	0.00013918769484384	chr3	195182512	195183456
peak_41404	17.2705462020771	-2.58051825352076	0.684904348494645	4.56668014890576e-06	0.000140857080503393	chr17	75084062	75084458
peak_56083	26.9971220876923	-1.74146224437713	0.437143260129449	4.58845288127413e-06	0.000141443082590473	chr2	216850068	216851020
peak_44424	37.0295623475718	1.50340491222754	0.37840934228559	4.61188675982458e-06	0.000142079551864904	chr18	76874409	76875592
peak_88106	71.3830576984887	1.1770396489688	0.292591625647517	4.64130978415633e-06	0.000142899650153982	chr6	158763971	158765717
peak_49197	63.8424953275665	-1.1294324603384	0.276875918745675	4.64919446860098e-06	0.000143056022435781	chr2	30257480	30258448
peak_40422	27.6437400560594	1.72356918130789	0.437249078279265	4.65767327444254e-06	0.000143230476218774	chr17	51434827	51435904
peak_21422	29.9904565737605	1.72413083749471	0.4399459234727	4.66184884768531e-06	0.000143272468564245	chr12	42094284	42094650
peak_102430	26.2252417493297	1.81907916750312	0.466029465514589	4.69543448151667e-06	0.000144130898539801	chr9	114691039	114691870
peak_10717	84.9100673552064	2.93507897322025	0.87425216603894	4.70399707154646e-06	0.000144306856010751	chr10	26737862	26739728
peak_60828	46.3987318714268	-1.40430787803195	0.353222273907507	4.70917292883906e-06	0.000144378767859163	chr21	35103005	35103422
peak_63379	58.5239447869326	-1.51091656009212	0.394831984917355	4.71995849551484e-06	0.000144622478276634	chr3	3798555	3800258
peak_94554	24.2653935898976	2.3038460837024	0.650903323740457	4.72396010753761e-06	0.00014465815618193	chr8	1438100	1438878
peak_95550	15.1334670396244	2.92919078968424	0.813398273674308	4.77118034295773e-06	0.000146016447158489	chr8	29028597	29029120
peak_49455	47.5045514878643	1.54400737417307	0.401769457866195	4.78096634043193e-06	0.000146228164267104	chr2	37654092	37655592
peak_59621	71.9869833296671	-1.20832288731698	0.302037721933327	4.79346280943246e-06	0.00014643468831739	chr20	57718488	57719026
peak_80327	45.4910929551398	3.62744893102551	1.14881677905454	4.79187823046253e-06	0.00014643468831739	chr5	139437308	139437754
peak_24542	111.505392718468	-1.0541782466942	0.261702034807012	4.86896583040958e-06	0.000148652150795966	chr12	120006775	120007653
peak_102342	26.8914895172393	-1.9196055796222	0.495846297336148	4.88367663299123e-06	0.000149012050753854	chr9	113228125	113228541
peak_53730	23.197293110884	1.97136333846675	0.506211001605776	4.9220148069374e-06	0.000150092013723989	chr2	159895304	159895822
peak_7935	67.0756520157392	-1.17998762923584	0.293491754428956	5.01066534483794e-06	0.000152703994782969	chr1	207644756	207645852
peak_30356	32.2685390176515	1.60321981398054	0.404958227204661	5.04035425456079e-06	0.00015351702629811	chr14	77119892	77120175
peak_86534	59.4414361567939	-1.18029086186132	0.292139073924083	5.0754422468711e-06	0.000154493431879982	chr6	127918403	127919303
peak_10389	17.4980332162233	2.25474206351478	0.580412001052764	5.08700701564317e-06	0.000154661190073918	chr10	17650986	17651347
peak_39544	33.3858575957991	-1.67352726204484	0.42647862533138	5.09005368030508e-06	0.000154661190073918	chr17	39016725	39017548
peak_81838	98.2322815978879	-1.12081513630939	0.280314205603561	5.08830562252513e-06	0.000154661190073918	chr5	178120851	178121487
peak_18857	23.4935014934284	2.01598494792493	0.529642314987359	5.12882900089957e-06	0.000155746560714631	chr11	113587081	113587908
peak_56524	18.6141937125432	2.39201593540182	0.644129147389503	5.18006917664745e-06	0.000157115411683847	chr2	227848484	227849131
peak_82497	40.2360907101611	1.72013875020023	0.460610489195181	5.22026129544132e-06	0.000158052400480624	chr6	11224290	11225205
peak_14255	25.8793551148133	1.78496002738707	0.459076736052038	5.24549337962235e-06	0.000158722092257226	chr10	122515523	122516256
peak_105047	23.7231922927218	1.8658835432531	0.477278194909949	5.2700920752855e-06	0.000159371835439209	chrX	42531408	42531984
peak_85332	78.5999295494756	-1.03963591803992	0.254750379312744	5.28102374203376e-06	0.000159607751340446	chr6	90350621	90351361
peak_48416	20.9989301387708	2.08961726409525	0.542225829185477	5.29945557763842e-06	0.000159880498273061	chr2	10653922	10654462
peak_80750	20.3663388958316	-1.97512774941509	0.502305898431481	5.29344690583829e-06	0.000159880498273061	chr5	149298170	149298627
peak_101888	34.4853464378479	1.75782712714158	0.466587527860424	5.2973202400585e-06	0.000159880498273061	chr9	98168437	98169554
peak_97413	27.6930885823717	1.94915057654483	0.51878498725223	5.30429395961699e-06	0.000159931834314034	chr8	94963815	94964317
peak_52196	19.7273687983316	2.02800085105316	0.516065385518866	5.3116576445896e-06	0.000160059206067994	chr2	111483025	111483752
peak_96507	63.9391052343757	-1.2532181792401	0.316229757733223	5.32523894659297e-06	0.000160279004091493	chr8	61014011	61014801
peak_24650	84.9676519186201	1.1129395199883	0.277640040309265	5.36480251678485e-06	0.000161374525734981	chr12	121534559	121534953
peak_76842	17.5556884145374	-2.32816470831315	0.60807010546253	5.39950211033177e-06	0.000162226879550604	chr5	31825558	31825928
peak_19486	33.913273348298	1.58463927742434	0.401901570515436	5.41626811510641e-06	0.000162634773920386	chr11	126284921	126285155
peak_49615	47.2796010999015	1.33879292474674	0.337997967258396	5.43442095622e-06	0.00016304762578786	chr2	42123608	42124524
peak_86840	16.3703835932189	-2.4075565395038	0.623159399816313	5.4364132083192e-06	0.00016304762578786	chr6	134523870	134524285
peak_69904	13.4549344882925	2.72049586836257	0.703562520157442	5.44585401574054e-06	0.000163234751820427	chr3	186954123	186954613
peak_20266	28.4330646495392	-1.73868104920356	0.444202214159803	5.45478123871413e-06	0.000163406272759741	chr12	6745734	6746259
peak_11846	29.407592524405	1.77361532355615	0.461362606887831	5.46483182845664e-06	0.00016345160590823	chr10	61961093	61961797
peak_20609	11.4568347517546	3.20559818806233	0.857174125732363	5.4659119772787e-06	0.00016345160590823	chr12	12445278	12445440
peak_72686	23.922990349577	2.13858471540582	0.579854769382952	5.46321281153676e-06	0.00016345160590823	chr4	76090063	76090606
peak_76843	48.6271867745215	-1.61863502941473	0.436038910017448	5.47024625089057e-06	0.000163485331387987	chr5	31853985	31855763
peak_87540	50.7673356789427	1.64406904625585	0.44812864443892	5.51041190885336e-06	0.000164589256933097	chr6	149031085	149032869
peak_9343	32.8052897240654	-1.76436043691335	0.467731006801967	5.57429999964102e-06	0.000166400035000994	chr1	243807331	243808036
peak_21030	22.773914372306	-1.90595642793243	0.487061474759104	5.57874029704418e-06	0.000166435139136977	chr12	25589982	25590513
peak_60465	35.0747206272165	1.81859150446185	0.492675854799334	5.61879759832949e-06	0.000167532172133583	chr21	25567415	25568445
peak_41335	29.8303296687203	1.6040855987129	0.407744718779343	5.64575076275935e-06	0.000168237433308035	chr17	74282789	74283384
peak_96503	38.8960746825257	-1.55806646407375	0.402502275009272	5.66189637537476e-06	0.000168620005020361	chr8	60967179	60967879
peak_100507	66.9838651645408	2.56799747379491	0.727078141663478	5.67413211515779e-06	0.000168885755997335	chr9	37408967	37409690
peak_51099	44.9804462863199	-1.34671217592455	0.338386251244883	5.68596105404408e-06	0.000169139095858513	chr2	84841446	84841985
peak_6925	22.2666895438659	2.03877010223833	0.540727063144062	5.74822670661507e-06	0.000170792008661699	chr1	184843860	184844233
peak_9598	62.4026571317323	-1.19568643141873	0.300326238192333	5.76638162140083e-06	0.00017113197517389	chr10	470240	471129
peak_28108	55.3354171205559	-1.28060869356795	0.324774626034785	5.76333191879497e-06	0.00017113197517389	chr13	111383813	111385207
peak_7911	13.2449265906621	-3.35976284527282	0.912567421885454	5.79200636454908e-06	0.000171792458698603	chr1	207071509	207071721
peak_88453	21.4783364076754	-2.04175901826349	0.529485362133929	5.81661048311543e-06	0.000172421919821002	chr6	166935414	166935725
peak_31687	91.7360369612557	-1.03024957716808	0.255328580011402	5.97993073417262e-06	0.00017674941936958	chr15	22757379	22758231
peak_51982	13.6836805802865	2.72902453560836	0.732063567394777	5.99275403944064e-06	0.000176910968140608	chr2	106147739	106148014
peak_79129	62.0432175665294	-1.30769142243325	0.336088045904989	5.98942146640061e-06	0.000176910968140608	chr5	102295978	102296918
peak_4931	81.194805853342	1.08459076078344	0.271408743159119	6.02073464338151e-06	0.000177543768957461	chr1	116514992	116517488
peak_89503	42.6264063869252	1.40631027548721	0.357187390112429	6.03003043305343e-06	0.000177715105005585	chr7	21355195	21355895
peak_32911	42.7232610116284	1.33161100885342	0.335836505611548	6.04353165798953e-06	0.000177907335516313	chr15	60787744	60788747
peak_48200	27.5118819505952	-1.72683253960416	0.442260478646792	6.0431229361771e-06	0.000177907335516313	chr2	6880473	6880739
peak_10470	17.275827326013	2.38631723454009	0.641763767144807	6.08056358803956e-06	0.000178791012168273	chr10	21055197	21056161
peak_43104	81.0558432034503	-1.0990890637447	0.275722349055721	6.09052384367959e-06	0.000178980662071382	chr18	35026397	35027546
peak_339	36.3584359281456	-1.48870522728687	0.380860270604495	6.28825984318685e-06	0.000183732502214742	chr1	6364992	6365439
peak_36115	74.7648826090078	1.05494293951216	0.262045868889227	6.33672744451443e-06	0.000184830884145316	chr16	47141776	47142314
peak_81688	77.2542187467808	-1.04198992470857	0.25904338372051	6.33173425978609e-06	0.000184830884145316	chr5	175796445	175797528
peak_105033	24.8621265324335	2.02106986759952	0.550985142929956	6.47404599324801e-06	0.000188728249863775	chrX	41932965	41934292
peak_37123	73.4747314118152	1.09059136547506	0.272847479564466	6.50141076694375e-06	0.000189336880441635	chr16	75462937	75463142
peak_83973	62.1589648452331	-1.25351859896802	0.320163281588507	6.50235118764569e-06	0.000189336880441635	chr6	40587356	40588132
peak_37095	37.5180529253301	-1.62201207006744	0.430378875968273	6.5152808580875e-06	0.000189605085519663	chr16	75064476	75065623
peak_7941	41.7652306139344	-1.49208064234099	0.385524980878729	6.53016274897733e-06	0.000189728209689395	chr1	207738379	207738676
peak_54807	39.0917144918566	-1.70937369100098	0.462082883058234	6.53067524428055e-06	0.000189728209689395	chr2	187448109	187448601
peak_77454	35.6180088376258	1.54199594359984	0.398934747372793	6.52847648833044e-06	0.000189728209689395	chr5	54610209	54611289
peak_84302	40.1681477173515	-1.46638501112256	0.378741014002396	6.54895849537116e-06	0.000190151023829723	chr6	46170709	46171258
peak_37318	14.2809537419898	2.52804503041583	0.66889049950378	6.5823680158583e-06	0.000190903649406457	chr16	81716626	81716763
peak_33366	19.4883125514104	2.05585056977469	0.538530388701047	6.60533175714397e-06	0.000191460741881605	chr15	69060811	69061464
peak_97053	16.1966812927575	-2.29509647181406	0.593366407768259	6.6261221013275e-06	0.000191954239464934	chr8	81250059	81250501
peak_54031	24.3167232553137	-2.03297167681862	0.547924002117372	6.73025449536572e-06	0.000194665936390309	chr2	168450224	168450817
peak_86515	27.1585958061612	-2.11256572260203	0.5977417162333	6.73118200792599e-06	0.000194665936390309	chr6	127792662	127793062
peak_95574	17.9889649028557	2.31944102677538	0.629185637026339	6.76399423506712e-06	0.000195453652693288	chr8	29347657	29347825
peak_10648	25.5097462126981	1.86025445975874	0.494119377040333	6.84639062924326e-06	0.000197661422776102	chr10	24825660	24826680
peak_11015	64.2689140980084	1.21053254605243	0.308595643961467	6.88417853320207e-06	0.000198639913239299	chr10	32317577	32318770
peak_103211	32.1432091191913	-1.65826060015775	0.435795717448124	6.90030918652635e-06	0.000198992739923208	chr9	133056623	133057375
peak_29669	17.1513761636048	2.19811595307156	0.576420303867987	6.94823464526032e-06	0.000200059231878301	chr14	63471188	63471777
peak_61381	27.7758860235026	-1.98103420052575	0.546070356965653	6.95135333026138e-06	0.000200059231878301	chr21	46621828	46622576
peak_64508	30.6994908880465	1.72816248918048	0.45681187934933	6.95298628816438e-06	0.000200059231878301	chr3	33044721	33045100
peak_87453	41.4295318395834	1.43341398616025	0.370449414628124	6.97197224188277e-06	0.000200492372659129	chr6	145865876	145867440
peak_13540	15.1901931513959	2.55484412503087	0.698393311535609	6.99375424190219e-06	0.000201005385443983	chr10	101858786	101859214
peak_27013	73.7019854008866	1.09018268274626	0.274420243482575	7.14733569992242e-06	0.000205303694645772	chr13	73943263	73944076
peak_107512	45.9987236430254	-1.42759615365558	0.36897809816988	7.1595547365828e-06	0.000205538883896065	chrX	136064926	136065651
peak_8219	30.9001016654595	-1.57557891894779	0.407289946545889	7.18856291837353e-06	0.00020613952134769	chr1	213987818	213988450
peak_66061	18.8615420307303	2.29168670875063	0.626350084232205	7.19870495618889e-06	0.000206314317535833	chr3	71387284	71387907
peak_27812	35.1771534028713	1.44379165686095	0.370050335564723	7.21292885902578e-06	0.000206511172927568	chr13	100506024	100507291
peak_32665	39.7030601484227	1.45652307559971	0.377270091476523	7.21367432204916e-06	0.000206511172927568	chr15	55279666	55280378
peak_26253	79.3760183642003	1.02691014802045	0.256448285102893	7.23621516170639e-06	0.000207040216742291	chr13	44258978	44260272
peak_51952	44.0896611851265	1.39965239380501	0.363209801747864	7.26753852379884e-06	0.000207819808847116	chr2	105872139	105874020
peak_48827	35.3665311651895	-1.638505422541	0.434668202936635	7.28052273302172e-06	0.000207957833090109	chr2	23452377	23453403
peak_4932	28.2578410660138	1.99217825680377	0.550109468078957	7.29254024757276e-06	0.000208184466440507	chr1	116538539	116539129
peak_36978	16.298132422893	2.76378636775706	0.800717780148755	7.351893722277e-06	0.000209761417640747	chr16	71817934	71818637
peak_83247	39.6069083644646	-1.38498944069782	0.355152111788291	7.36816049481235e-06	0.000210107959165829	chr6	28542742	28544489
peak_31839	28.002598926105	-1.87922256850637	0.511986368822819	7.40680742665392e-06	0.000211091941562536	chr15	28948574	28949269
peak_25169	28.5067802064963	-1.77427157544788	0.470439611794917	7.4265164382239e-06	0.000211535400625298	chr12	132866917	132867382
peak_59380	55.8231387576423	-1.23108383140214	0.315447034656461	7.4584890208294e-06	0.000212327482532668	chr20	50817671	50818802
peak_57612	25.5502596499219	1.74187321493564	0.455214535891954	7.4941778021733e-06	0.000213224413739736	chr20	4665376	4666422
peak_9088	16.8287169920549	-2.39695087352299	0.648823423158696	7.50275492700443e-06	0.000213230469737039	chr1	235102936	235103390
peak_67612	30.9443083043756	1.77905494203917	0.480467555174587	7.50719133938269e-06	0.00021323769227285	chr3	124620077	124620973
peak_32792	22.04979256584	2.23718549935415	0.629129944893155	7.53020759187708e-06	0.000213653402492735	chr15	58608138	58608601
peak_45388	74.490311945274	1.10106537138282	0.278914701304682	7.54225931593309e-06	0.000213813682904206	chr19	10142702	10143230
peak_97236	33.0026203095823	-1.61470938151303	0.423415255568229	7.54424382270952e-06	0.000213813682904206	chr8	89253276	89254330
peak_29225	55.9666258455398	-1.31240154352694	0.339908374727358	7.569542712779e-06	0.000214411502640972	chr14	51419701	51420224
peak_88636	78.4157494415057	-1.05972324937793	0.267404280694115	7.59170708952341e-06	0.000214919920969706	chr6	170271749	170272529
peak_10247	29.2791593540284	-1.94450803227362	0.538378039462219	7.61009467975974e-06	0.000215282572213282	chr10	14381788	14382408
peak_13656	22.2446600601246	1.87630016408455	0.493473895985926	7.64415480622181e-06	0.000216044832012209	chr10	103745209	103746037
peak_88239	27.0523044004825	2.01088091039593	0.566005174444345	7.71235974214774e-06	0.000217851730644401	chr6	161079756	161080820
peak_97599	21.5899919227615	1.87042731705688	0.489369266796522	7.76618969287092e-06	0.000219250801595081	chr8	100385987	100386715
peak_102129	21.4439779213961	-2.11643908351364	0.563401083771365	7.77637077970248e-06	0.000219416735237361	chr9	106921445	106921810
peak_107507	15.5649086619329	2.47234877946668	0.681746083248384	7.83966033263097e-06	0.000220957944565795	chrX	135977654	135978095
peak_23728	22.754410198219	2.02963226549848	0.552660330341227	7.85766522480427e-06	0.000221343049255177	chr12	98753941	98754620
peak_95784	20.7109280958453	2.03366671163264	0.546549405680415	7.86250286624195e-06	0.000221357024372287	chr8	37897721	37898117
peak_42270	53.9940624440603	-1.23792080138915	0.316627528562014	7.8899986281226e-06	0.000222008537557097	chr18	5158150	5159767
peak_53770	45.4303540802952	-1.32886074546614	0.341107140921472	7.89868481450593e-06	0.00022213036070182	chr2	160417628	160418307
peak_86153	53.7532511083603	-1.33351483002653	0.346787687704612	7.94701871850076e-06	0.000223120427522841	chr6	116461891	116462658
peak_64999	19.4054996905534	-2.06417980047233	0.543481436010911	7.97172785730706e-06	0.000223567940887051	chr3	44208093	44208490
peak_70777	22.2465650957359	2.03321247434236	0.553066075055776	7.967813607992e-06	0.000223567940887051	chr4	4762773	4763536
peak_96899	25.7857442027779	2.09943246203724	0.599001896657795	7.99202662265407e-06	0.000224014001859615	chr8	77118478	77119258
peak_87293	24.6208997174228	1.84463384149282	0.487707887898102	8.01022743943144e-06	0.000224400800124644	chr6	142839065	142839817
peak_72937	80.0213349567228	-1.0454986974197	0.263393933195529	8.07944735972299e-06	0.000226215652434287	chr4	81491825	81492465
peak_3907	28.0032741163874	1.8048994163248	0.483172124283919	8.09680288870994e-06	0.000226577163602506	chr1	89636161	89636440
peak_68646	17.2396104656101	2.26549340568423	0.603197283251801	8.12004923324746e-06	0.000227103033574523	chr3	149701662	149702302
peak_34379	25.7796831788481	2.06432239711314	0.584813042157615	8.14838486191729e-06	0.000227770586935151	chr15	92980399	92981818
peak_35388	33.0567411851793	1.7087253752461	0.462013332252265	8.1940982475888e-06	0.000228672300630302	chr16	16033168	16033766
peak_78823	37.2482241806342	1.4752864997709	0.38521812213471	8.18905855830501e-06	0.000228672300630302	chr5	94849976	94850596
peak_96991	37.9990830133083	-1.53912984213396	0.40375596275923	8.19250819982708e-06	0.000228672300630302	chr8	80499497	80499860
peak_52159	23.7151609873693	1.81661502512824	0.480524879387305	8.21884729407908e-06	0.00022923749898026	chr2	110748056	110748809
peak_12136	45.9423518206977	-1.35365859639252	0.351636637168415	8.22348365934338e-06	0.000229241409434271	chr10	69359396	69360225
peak_93671	22.5901287592125	1.99039489996728	0.541421659942535	8.23866199354265e-06	0.000229516331950815	chr7	141557820	141559168
peak_38035	32.8464935576933	1.53607947422652	0.40155540432115	8.25609894947166e-06	0.000229773723273887	chr17	3557605	3558935
peak_78185	25.3461744001747	-2.10608223571565	0.599609118532008	8.40644358192504e-06	0.000233575440037074	chr5	74630513	74631012
peak_14674	32.759435470571	-1.53664756828191	0.400056210775168	8.45479396240968e-06	0.000234455448187583	chr10	131907695	131908120
peak_36306	60.0971028789639	1.2187178391374	0.315599478056886	8.4491127172941e-06	0.000234455448187583	chr16	53098922	53100009
peak_55917	52.0655492962289	2.97777536971232	0.927904954305875	8.45753739489257e-06	0.000234455448187583	chr2	213015545	213016986
peak_82773	15.3539378850856	2.28973689633813	0.608704821795774	8.46110745430418e-06	0.000234455448187583	chr6	16434562	16435220
peak_76594	72.7493160928825	-1.03626053372146	0.261169158383185	8.46764683288132e-06	0.000234509202292932	chr5	16629207	16630182
peak_48346	21.414828492261	1.97749585883248	0.53195110585915	8.50374895112765e-06	0.000235381185679802	chr2	9708854	9709558
peak_79706	44.6261383831354	1.63987147498078	0.452757156085024	8.52557069719903e-06	0.000235857160915567	chr5	123549347	123550031
peak_60893	24.125407753116	-2.24554925701999	0.659163906969238	8.54672467916373e-06	0.000236314156448938	chr21	36602884	36603696
peak_84089	32.2314745568762	1.62916539708146	0.433003047076645	8.5913348783028e-06	0.000237290249244391	chr6	42428161	42429045
peak_93423	18.4477080815157	2.39303941062805	0.680384741487091	8.64134302661192e-06	0.000238413157767768	chr7	135831433	135832005
peak_33439	62.5394765075028	-1.18195890648631	0.303817088977057	8.67133424031992e-06	0.00023911122097185	chr15	70535082	70535973
peak_55122	65.2449477667187	1.25286275067115	0.326733647612201	8.75933057629573e-06	0.00024140715068271	chr2	195564066	195564948
peak_20347	72.9974954488142	-1.04793228963354	0.265944304140887	8.79001840117829e-06	0.000242122030363304	chr12	7917857	7919622
peak_48284	41.1645513800052	1.31935261660523	0.340909164130685	8.95503403698495e-06	0.000246401168596716	chr2	8515052	8516015
peak_85545	32.7057295100456	1.92074857829413	0.554652729032073	8.9937766482503e-06	0.000247333708839099	chr6	100228459	100229430
peak_56521	25.2549722531841	1.81793932894685	0.489232194585877	9.07095055212572e-06	0.0002491872224411	chr2	227812882	227814223
peak_5021	29.0885130033497	1.72128259881997	0.46422873836758	9.090040729476e-06	0.000249577176431375	chr1	117631432	117632423
peak_19906	18.8393495754307	-2.11723423422044	0.565810981361418	9.14123960644823e-06	0.000250847816240242	chr12	726280	726616
peak_49511	24.5899034415532	1.84652182007476	0.496502948734574	9.17451259414827e-06	0.00025162544331643	chr2	38699994	38700753
peak_18004	19.5204948476528	2.15568000785994	0.593885862286606	9.20710892356377e-06	0.000252383685793991	chr11	86116279	86116788
peak_62460	57.7043385743066	1.15156778264555	0.295290803136694	9.25879090976852e-06	0.000253659536693814	chr22	37186072	37186933
peak_83919	17.450776260035	2.14228519446287	0.5759763505189	9.26360289734203e-06	0.000253659536693814	chr6	38937506	38938460
peak_30159	12.9454509449362	2.67668259508217	0.732998004245741	9.29216019134741e-06	0.000254304927276457	chr14	73723354	73723715
peak_78751	77.7339703254023	1.07968689419121	0.276892668156933	9.30709274164929e-06	0.000254440445322108	chr5	91311464	91312320
peak_85690	14.1104244905747	2.61151205895592	0.715835836694996	9.30357691810546e-06	0.000254440445322108	chr6	106094384	106094590
peak_3474	24.803190002374	2.15838052555994	0.644083272999683	9.32694439414129e-06	0.000254573654646514	chr1	77196407	77197912
peak_87815	10.9024583024879	3.16742877249441	0.873077699045298	9.32593152018615e-06	0.000254573654646514	chr6	154298300	154298704
peak_22260	41.6203960952821	-1.35206234652766	0.351705926604876	9.33564171767357e-06	0.000254674707660409	chr12	56569989	56570680
peak_25774	23.892478219825	1.95119382693248	0.534284942626691	9.40692081951489e-06	0.000256481959841597	chr13	30774100	30774877
peak_92200	19.0923911776182	1.93927734780167	0.512719105536724	9.4427621890873e-06	0.000257321578285839	chr7	102873832	102874684
peak_34978	21.544083178889	-2.00921429356744	0.546753566033798	9.4788855841306e-06	0.000258030144363312	chr16	4081364	4081864
peak_6329	17.8172308551076	2.21856592569792	0.612880134192311	9.52115825087508e-06	0.00025904256914574	chr1	169312161	169312643
peak_90650	70.3229523314704	-1.23644993772177	0.327552940476772	9.5320901454646e-06	0.000259201679016884	chr7	50781207	50782993
peak_25473	18.2865515064331	2.12374756978209	0.576814351162909	9.58289268344185e-06	0.000260305469556722	chr13	24598042	24598699
peak_70028	22.4962360462691	2.08738750676104	0.581615924575994	9.61116189559723e-06	0.000260934345265666	chr3	189144421	189144958
peak_53242	43.4727120454591	2.77319069577199	0.837127004771177	9.63475817124786e-06	0.000261296691552789	chr2	144459659	144460378
peak_74212	27.9172221493118	-1.71043170091139	0.453342426318577	9.64666165328092e-06	0.000261480431182446	chr4	121009478	121010233
peak_36886	15.802716193916	2.17872137093257	0.579051224952171	9.6912246974842e-06	0.00026254876855788	chr16	69465103	69465650
peak_29925	31.7426818641248	1.54651491377927	0.408873295347904	9.69913309143384e-06	0.000262623473074799	chr14	68822192	68822831
peak_56149	71.1954479444556	-1.04560937782022	0.265998763342041	9.71235294327406e-06	0.000262841840321535	chr2	218315928	218317253
peak_88102	49.2243057944527	1.2174061987007	0.314037457156971	9.73394827859572e-06	0.000263268916877662	chr6	158720328	158721090
peak_42616	73.8990797719135	1.11583936482323	0.288096810181649	9.77934299643439e-06	0.000264234012727188	chr18	13435694	13437341
peak_94678	32.8844907442745	1.77338712055071	0.491820647809148	9.83347959500966e-06	0.000265556033173285	chr8	6417257	6418190
peak_51785	68.8186124581109	1.11725802921638	0.288104343619437	9.84154695488045e-06	0.000265633199069102	chr2	101716128	101717686
peak_50993	25.1238572600981	-1.82055224430041	0.488912271254146	9.90887798222126e-06	0.000267309022646314	chr2	75416599	75417226
peak_4736	48.2487836878796	1.33748101042568	0.351546338632889	9.91572549284357e-06	0.00026735228978219	chr1	111723193	111723763
peak_93299	22.6616973081531	-2.34117644767497	0.71877699011697	9.9278522414438e-06	0.000267537777157639	chr7	132474176	132474639
peak_48022	35.3729481237152	-1.5272987854223	0.403458106062077	9.93977240774157e-06	0.000267717504480249	chr2	1509237	1510408
peak_16610	14.1268666587705	2.45977018675609	0.665828859174047	9.95989413052916e-06	0.000268117825839049	chr11	48019277	48019533
peak_4997	23.0784151179579	2.16309771491457	0.628091364699479	9.97860416896351e-06	0.000268479742563997	chr1	117346321	117346860
peak_41093	57.8257991961938	-2.99977691121873	0.959003669642204	1.00370687290544e-05	0.000269910330284582	chr17	67398656	67399074
peak_86420	25.7467368342197	-1.89108651329661	0.520102436095183	1.00832304065644e-05	0.000271008743020081	chr6	125066733	125067743
peak_45544	36.0305821505058	-1.4562460089285	0.383434594561182	1.01831932700414e-05	0.000273551260308919	chr19	12194704	12195481
peak_30432	28.6092921594149	1.721366094234	0.467040536084275	1.02187826370295e-05	0.000274362744355759	chr14	80978307	80978991
peak_48547	26.4746800582632	1.8489159734623	0.506602889220463	1.03029446194772e-05	0.000276476807562454	chr2	12554790	12555435
peak_78857	100.028423724547	1.03721857572943	0.26850995385048	1.03830766591445e-05	0.00027848056104321	chr5	95817180	95818860
peak_16620	9.2593865351509	3.41651194565178	0.908373899245161	1.0435649976986e-05	0.000279743454114935	chr11	48093156	48094007
peak_67371	103.29705076172	-1.00019359938055	0.257195453976561	1.04922029850519e-05	0.000281111645504915	chr3	119034289	119035230
peak_4727	69.5769717210728	1.2054047933162	0.315974291646093	1.05064417266971e-05	0.000281345293002824	chr1	111624432	111625254
peak_104685	11.4521450513866	3.06898483294527	0.856673534135198	1.05176759310414e-05	0.000281498280850433	chrX	25067435	25068191
peak_13707	12.16696467319	-3.11553454112891	0.840344286266571	1.06240172097777e-05	0.000284046219956858	chr10	104935692	104935945
peak_43517	54.3913334516748	1.39986580186007	0.381527657768528	1.06780847958009e-05	0.000285192682765169	chr18	48813903	48815334
peak_62411	85.6065670549904	-1.09717575682494	0.287296137734266	1.07470414749577e-05	0.000286884113425233	chr22	36435169	36436398
peak_83609	18.1651085154865	-2.25118685846345	0.62235964963095	1.0812330257514e-05	0.000288475913401155	chr6	33630060	33630378
peak_21981	133.684986055637	-2.00048707372967	0.570255018753415	1.08309509456408e-05	0.000288821582068222	chr12	52585920	52586515
peak_3689	41.6567640061788	-1.31989606769287	0.345122219094958	1.08822979448273e-05	0.000289887587782114	chr1	84862700	84863361
peak_56307	14.7176429621133	2.69459250108409	0.785031148470659	1.09143292600109e-05	0.000290589029582723	chr2	222427530	222427959
peak_18066	24.0874902990215	2.09956827978112	0.613072880326241	1.09351580630235e-05	0.000290991633090458	chr11	88301263	88301918
peak_57072	72.8463324035308	-1.14521425882961	0.300251266933861	1.09474242749129e-05	0.000291166079332659	chr2	237968074	237968846
peak_11043	26.6573882639446	2.0870250452666	0.621025098217266	1.0958492947071e-05	0.000291308509592994	chr10	32947706	32948848
peak_95742	28.8719486263702	2.00536075212814	0.594237422410532	1.09667045184982e-05	0.000291374880969332	chr8	37239384	37240160
peak_64068	18.2074744266138	-2.34377632319068	0.669868446686878	1.10050617803667e-05	0.000292241708298843	chr3	18752494	18753041
peak_59407	23.2756886342592	2.21602539808082	0.671635779066129	1.10392700740152e-05	0.00029299751379164	chr20	51413675	51414914
peak_76845	15.8573827615903	-2.33760799024924	0.640685953533261	1.10585362498268e-05	0.000293356154648111	chr5	31866198	31866453
peak_70277	18.2573268891145	-2.05190098013852	0.548616315816354	1.10723651728777e-05	0.000293570260376672	chr3	195555187	195555442
peak_107461	12.6910845773471	2.93191402186644	0.867724777367649	1.12249978817909e-05	0.000297462443867459	chrX	135158573	135159203
peak_45368	44.7123972333104	-1.31818044864089	0.348873676047069	1.12318566427789e-05	0.000297489580669467	chr19	9863021	9864147
peak_30104	29.0017699289917	1.65731505359485	0.448543215355336	1.12480739185768e-05	0.000297764432405274	chr14	72451167	72451957
peak_35201	14.4320969075055	2.62873186956445	0.743179680045897	1.13263600164751e-05	0.000299681261961597	chr16	11379404	11379924
peak_79437	139.840569823398	1.00216592388066	0.262230877310405	1.13485680004426e-05	0.000300113116219173	chr5	113022359	113023231
peak_53742	30.2653969515613	-1.86128806832832	0.53169581561583	1.15198693690444e-05	0.000304327492046683	chr2	160180660	160181691
peak_44341	25.3481936403561	-1.77398716247689	0.481868814414543	1.16482458977816e-05	0.000307441441142347	chr18	75245988	75246501
peak_94579	51.8100269628372	1.18067960040429	0.307339904182116	1.17371287511003e-05	0.000309585745733884	chr8	1745543	1746541
peak_51087	40.7786693097115	-1.62946808735115	0.456612367068818	1.17587861778622e-05	0.000309981693203238	chr2	84693670	84694546
peak_58200	35.3965090110473	1.39482936560077	0.368272399131098	1.18364315299072e-05	0.000311560298391249	chr20	25310072	25310911
peak_89697	39.5688661873228	-1.70578932189309	0.491302680636007	1.18318553081825e-05	0.000311560298391249	chr7	25603065	25603807
peak_7860	42.1882071569957	1.41283198083465	0.376265168257638	1.18954950767871e-05	0.000312840671598663	chr1	206578206	206578557
peak_80397	19.406298946523	-2.16314396561286	0.609458779872956	1.19004853622993e-05	0.000312840671598663	chr5	140266909	140267482
peak_98546	18.6844786980889	1.96773250749111	0.531197355235365	1.19034814047269e-05	0.000312840671598663	chr8	128574368	128574756
peak_70243	21.3677973106561	1.94555302574449	0.532638595194405	1.20632444513491e-05	0.000316549964794896	chr3	195129530	195130281
peak_10634	46.8960317179154	-1.22783905819294	0.321938208237198	1.20809881618823e-05	0.000316852501245747	chr10	24519431	24520372
peak_29184	37.3992105116771	1.39323376546273	0.370091546929408	1.21016884307787e-05	0.000317232229476445	chr14	50521332	50522369
peak_37074	32.375502154444	-1.4877620861519	0.396332046073134	1.21696324159902e-05	0.000318849372231078	chr16	74609051	74609309
peak_2253	32.8618101146362	1.6451307527611	0.455957715249837	1.2356123289552e-05	0.000323071436944152	chr1	40185876	40186864
peak_26974	18.4591642836147	-2.03362940927567	0.551185874876934	1.23521536682041e-05	0.000323071436944152	chr13	73228682	73228999
peak_19910	82.2409133792107	1.19457088927795	0.320240065138775	1.24167761906314e-05	0.000324490902539995	chr12	754656	755260
peak_54166	53.4779098566713	-1.33655139918337	0.361320929515767	1.24470003372602e-05	0.000325114118440343	chr2	171081602	171082163
peak_70128	74.4120802755074	1.07414023468438	0.280444770395888	1.24901520675909e-05	0.00032607419012708	chr3	192892772	192893723
peak_88781	48.2363187481438	-1.28916623717646	0.342154244219227	1.2547673318772e-05	0.000327240752854685	chr7	1824618	1825880
peak_89816	20.6432593348092	2.15480377238869	0.623840095276327	1.25618513948229e-05	0.000327443024139283	chr7	28135384	28136300
peak_30690	65.5980875074405	1.06010548537812	0.275170735806078	1.25884838931497e-05	0.000327969565547333	chr14	91388310	91388942
peak_82538	52.9433766958847	2.51526058632208	0.765542422330064	1.26500855475981e-05	0.000329406160229744	chr6	11785476	11786672
peak_6498	41.8570751222915	-1.33943635641096	0.354788519104137	1.26933018514911e-05	0.000330362781112877	chr1	173205477	173206187
peak_33299	20.9561310462564	-1.96389204966069	0.538063957491247	1.28688179194009e-05	0.000334418731110383	chr15	67762911	67763341
peak_42634	25.5418842631091	1.7507991476859	0.480664366406002	1.2867297766752e-05	0.000334418731110383	chr18	13567012	13567951
peak_81945	40.5118913996433	-1.42547648860898	0.382560210455882	1.28681346656081e-05	0.000334418731110383	chr5	180085460	180086249
peak_6259	33.0377150659198	-1.63576030618293	0.451238198268355	1.29564966262375e-05	0.000336183174038344	chr1	167762052	167762678
peak_44407	34.0280813362739	-1.58176125358139	0.434249060756655	1.30131335646884e-05	0.000337480990808343	chr18	76496219	76496470
peak_15512	32.8577339338027	1.59432496297893	0.43363862310226	1.30343456682628e-05	0.000337687575326243	chr11	12189473	12190168
peak_49821	19.1828415211847	-2.09816331511892	0.571262090305185	1.30277965948518e-05	0.000337687575326243	chr2	45890997	45891183
peak_11306	24.4726021682587	-1.75732657887833	0.478142448520244	1.30423845521039e-05	0.000337724235029745	chr10	43427202	43427715
peak_70918	22.9883283930542	1.83703285983326	0.504565531932261	1.31671371163255e-05	0.000340608651959904	chr4	7831419	7832079
peak_98593	19.2372708681401	2.08628962704467	0.590265184800575	1.320645778646e-05	0.000341452564249721	chr8	130042332	130042733
peak_63004	23.5906379029739	1.82964926199207	0.505139755842667	1.34263849246523e-05	0.000346787062699252	chr22	44671896	44672141
peak_91400	21.2207414257158	-1.91304351751872	0.525905280088506	1.35633358987138e-05	0.000349792738559342	chr7	80312064	80312580
peak_42264	47.6414396586325	-1.32336505791854	0.356411710911922	1.35980346905778e-05	0.000350510311796663	chr18	5058680	5059390
peak_51928	68.9991600287073	-1.08334704154977	0.283604343277407	1.36096566190798e-05	0.00035063261868641	chr2	105755930	105756559
peak_4508	30.4058578200777	1.49234596820122	0.40078056511278	1.36240436513795e-05	0.00035082600485315	chr1	107934631	107935937
peak_81531	40.4108619189143	-1.33818459991092	0.356165256789404	1.37188733578627e-05	0.000352911441485362	chr5	172180913	172181360
peak_81791	19.4071957110916	1.9019513871495	0.515916311598044	1.37272022372156e-05	0.000352947621415367	chr5	177412513	177413070
peak_102180	45.0918610902734	1.51538528195694	0.421978551421778	1.37779264151008e-05	0.000354073264213876	chr9	109010737	109010960
peak_20111	23.1878316755433	2.09956520015309	0.621781885391058	1.38581910136529e-05	0.000355777304643557	chr12	4148435	4148754
peak_30283	98.0891415652326	1.03920135585117	0.274343833980125	1.38674157494452e-05	0.00035583495692059	chr14	75566354	75566798
peak_90764	47.6909230121593	-1.28128595777811	0.34247386579502	1.39253970564499e-05	0.000357143005191224	chr7	55574123	55574418
peak_82163	23.5601593471163	1.75587069968305	0.479317612857616	1.39368638423843e-05	0.000357257385554453	chr6	2886065	2886600
peak_7895	75.4634387145934	-1.05378982757275	0.276471645664218	1.39460440974991e-05	0.000357313067515121	chr1	206909100	206909974
peak_25112	54.7243435077403	-1.21010636221832	0.322202854871892	1.39635073084562e-05	0.00035758080543895	chr12	132185837	132186099
peak_65151	23.8439552028431	1.68944104095519	0.458114829124538	1.39867486021002e-05	0.000357996166780463	chr3	46959274	46959827
peak_3191	44.7392023367606	1.28314335136098	0.341503013921257	1.40218249239286e-05	0.000358533984739931	chr1	66182162	66183225
peak_67519	18.7148090497596	2.2827720762135	0.667757491092191	1.4045224222115e-05	0.000358952281798875	chr3	122609884	122610411
peak_82673	17.8882083311681	2.23537733628386	0.638950188028868	1.41243044683284e-05	0.000360251019320756	chr6	14754719	14755403
peak_77977	33.2905537835137	-1.57789051314531	0.435641244457392	1.43629810049918e-05	0.00036560706416401	chr5	67515020	67515559
peak_698	22.4646183288486	1.81744499780123	0.499846648430335	1.43858213451978e-05	0.000366005732088948	chr1	12068023	12068812
peak_48999	49.4340123290061	-1.26004584252058	0.336351439327882	1.43930926646658e-05	0.000366008091072643	chr2	26772205	26773010
peak_84464	15.5916645916859	2.51912974775864	0.739757762300742	1.44043735767413e-05	0.000366112358516318	chr6	53284745	53285460
peak_41678	84.7522531715258	-1.04548429260828	0.276699812855427	1.4487261350152e-05	0.000367707845088673	chr17	78258167	78259034
peak_104727	20.7889242986332	1.81249186922103	0.492358652655063	1.44801415412686e-05	0.000367707845088673	chrX	30649925	30650157
peak_37845	79.4815972435303	-1.09374949615185	0.291620896141853	1.47226223739136e-05	0.000373270822653584	chr17	418417	419638
peak_92385	26.0162680573728	1.89056666162797	0.544183238498273	1.49066882757053e-05	0.000377562050881823	chr7	106604251	106605108
peak_26935	96.8293828666493	-1.11415196375815	0.300860585505945	1.495565374101e-05	0.000378297152026787	chr13	71864703	71867441
peak_38025	39.7274401061733	-1.39351666785708	0.378231447595964	1.49653896292714e-05	0.000378297152026787	chr17	3004008	3004770
peak_55439	43.8303781743992	-1.24965255002441	0.331751131329312	1.49590543715787e-05	0.000378297152026787	chr2	201182930	201183672
peak_94564	33.1166547353738	1.51375636894209	0.413549607356036	1.49880087051014e-05	0.000378681175341079	chr8	1501458	1502272
peak_55604	17.9302660824163	2.1260326745091	0.59816615200946	1.50369266649843e-05	0.000379641082883134	chr2	203886600	203887278
peak_73781	22.5006008751711	-1.81010120571524	0.498401679988397	1.50408933319721e-05	0.000379641082883134	chr4	108003998	108004511
peak_61853	64.8663137137382	-1.04346515795339	0.272995717748162	1.52228784354595e-05	0.000383854441103037	chr22	23242715	23243555
peak_82038	35.2286768608958	1.50270939381988	0.410542188348109	1.52430794755416e-05	0.000384173826070175	chr6	389615	390031
peak_50003	40.310691724357	-1.30605270605618	0.34863411942958	1.53177024116381e-05	0.000385863821719259	chr2	49973926	49974463
peak_34336	18.3321958367689	1.92767699898776	0.527212048209949	1.53411758550531e-05	0.000386264292417649	chr15	92097563	92097955
peak_46866	39.4644546239176	-1.41109628857248	0.383897128668666	1.54318567557937e-05	0.000388355700173197	chr19	40875231	40876054
peak_32899	13.1199899719408	2.51493329469244	0.713304387870261	1.55207648925569e-05	0.000390026994144254	chr15	60572724	60573097
peak_96623	19.4546410196256	-1.94254559885319	0.535130774038459	1.55210850384623e-05	0.000390026994144254	chr8	66027789	66028244
peak_97756	34.626871133389	1.63243666734138	0.464856423789787	1.55300899208319e-05	0.000390057716602727	chr8	102782282	102783568
peak_19023	16.498670747884	2.28173065390499	0.656789125704436	1.56764830310544e-05	0.00039354070104448	chr11	117456039	117456834
peak_38535	37.5613047486874	1.38373765451412	0.373346005185285	1.57850741803041e-05	0.000395876926786514	chr17	14118866	14119798
peak_23457	22.8713392608812	-1.92745234581246	0.548038700466026	1.58577036523669e-05	0.000397502890078456	chr12	92977015	92977918
peak_11610	19.0707485496346	2.16629008530275	0.632175715453779	1.59041010102125e-05	0.000398274309482659	chr10	50410073	50410750
peak_79255	22.670550399692	-1.808685281154	0.500274381959428	1.59372818328291e-05	0.000398909303646846	chr5	108760298	108760854
peak_108114	10.5831907618224	-3.07381890382629	0.831106835395135	1.60032379437633e-05	0.000400363635819781	chrX	154693396	154693704
peak_85577	15.6951853726142	-2.19639473528969	0.607290681019133	1.60481891820392e-05	0.000401291306344017	chr6	101011091	101011620
peak_82346	67.0620236863198	-1.03746597616464	0.273084391024896	1.62096513672848e-05	0.000404931545620961	chr6	6546360	6547386
peak_5740	29.274613232176	1.60647533631498	0.446455404751396	1.6223310549129e-05	0.000405074295620907	chr1	156141383	156142130
peak_95854	33.2612792595834	1.43836901680208	0.390693677174787	1.62619517298144e-05	0.00040584036754592	chr8	38943693	38944182
peak_3263	25.0994030687033	1.60843296822055	0.438181920314234	1.62872282815279e-05	0.000406272319550871	chr1	67332855	67333443
peak_31253	16.8265058160213	2.2099974185962	0.632791256346409	1.63096150655981e-05	0.000406433056566269	chr14	102871855	102872523
peak_88318	64.2398920019799	1.12512802860583	0.300759418466202	1.63473718269807e-05	0.000407174938920586	chr6	163460117	163460780
peak_86297	23.0098933819057	1.92097792607542	0.551735691805164	1.64184609621686e-05	0.000408745923152895	chr6	119462788	119463728
peak_38276	27.7896812362096	-1.63752858428185	0.452084393869516	1.64781826911818e-05	0.000410032514735282	chr17	7477620	7477849
peak_29649	42.5747267070928	-1.41527129708008	0.392415046291849	1.67688359684102e-05	0.000417030983129212	chr14	62117014	62117903
peak_82834	37.0405138778989	-1.40249455770717	0.381580873980775	1.67757923037307e-05	0.000417030983129212	chr6	17589293	17590208
peak_58249	67.8540704368055	-1.25426511927869	0.341602568866426	1.68238255669056e-05	0.000417804104447231	chr20	26252327	26252963
peak_99033	59.5537336747864	-1.34885383883202	0.378568964662068	1.68314759058293e-05	0.000417804104447231	chr8	142609016	142609392
peak_24615	31.6225726278468	-1.61657822159534	0.453989043423494	1.70199250286542e-05	0.000422095278252026	chr12	120959696	120960219
peak_91249	35.4120210233143	1.54204577420934	0.432462272262145	1.7068199764423e-05	0.000423062339907083	chr7	76051805	76052268
peak_65947	51.4453582619553	-1.22907424408197	0.33318253074917	1.71468158525236e-05	0.000424804447549449	chr3	68007690	68008243
peak_62594	48.8967569520504	-1.23472805440152	0.333319833921105	1.72657991258637e-05	0.000427336909821013	chr22	38758601	38758966
peak_87595	20.8939649726709	2.29504731284056	0.72763249805332	1.72930567494573e-05	0.00042780387745164	chr6	149500188	149500629
peak_92686	24.1054139258495	1.79842688074994	0.50811140629022	1.74892358500508e-05	0.000432028187524559	chr7	115231003	115231541
peak_9377	19.8941541852454	2.0206495342767	0.573682045118189	1.75427726314194e-05	0.000433140825852567	chr1	244325132	244325774
peak_49723	18.4751972924714	1.96688693085351	0.549335728696349	1.75580663170298e-05	0.000433308600793843	chr2	43559274	43559989
peak_105548	39.2388027528281	-1.45763262688537	0.405100182677122	1.76038550744905e-05	0.000434228425170765	chrX	56780851	56781534
peak_78736	29.1693280423885	-1.64165908612403	0.458143613645842	1.77366245691154e-05	0.000437291847331198	chr5	90872663	90873536
peak_65090	27.6740044723008	1.62117255733225	0.452082731213342	1.8017458338245e-05	0.000443572250523303	chr3	45965406	45966274
peak_38404	15.4064868539935	2.14982081862834	0.599453047677622	1.80783452761668e-05	0.000444084923542033	chr17	8953273	8953497
peak_54516	14.0787780427294	-2.40515980356964	0.678894402736172	1.8090542231138e-05	0.000444084923542033	chr2	177329090	177329366
peak_78498	24.4232660112258	-1.74631073525625	0.487192016220674	1.80563807977875e-05	0.000444084923542033	chr5	80961946	80962122
peak_80206	16.5729990817635	2.48817055208712	0.789892367379093	1.80687993211792e-05	0.000444084923542033	chr5	136563628	136564056
peak_7194	11.9883674679716	2.48544628932188	0.689850557147377	1.81147163327453e-05	0.000444464353677264	chr1	193614834	193615181
peak_62730	45.0931244122881	-1.25267599630425	0.337430931843392	1.81701689389759e-05	0.000445610501934884	chr22	40332306	40332993
peak_97233	20.297937551561	-2.13730622641043	0.621343155119233	1.82468047922907e-05	0.000447274802471026	chr8	89233271	89233785
peak_29372	20.8381985124755	1.95928969409219	0.55944074337306	1.83176874805465e-05	0.000448796546796321	chr14	55074665	55075021
peak_3116	22.6787083290976	-1.90411461003376	0.545653655543362	1.83782551549849e-05	0.00044964699527283	chr1	64550437	64550826
peak_37973	21.2400706426211	1.75189103369504	0.484234712578965	1.86509753119731e-05	0.000455430377038438	chr17	2070366	2070880
peak_9161	56.9326033477625	1.29152816679024	0.360249670205753	1.87334414568761e-05	0.000456956116912431	chr1	236394912	236396486
peak_18562	54.3616838887688	1.40801492446941	0.402281454944535	1.87903655356513e-05	0.000457737972862263	chr11	105099475	105101478
peak_98652	19.6791844666267	-2.00295769462333	0.569882988844469	1.88197627857338e-05	0.000458235160168779	chr8	131900060	131900348
peak_4517	25.2651284343292	-1.69859136874411	0.469516355163426	1.89405951771376e-05	0.000460517494373646	chr1	108051192	108051903
peak_87399	32.9508623329865	1.69754741638856	0.49387215328774	1.89778800992506e-05	0.000461204096635078	chr6	144353790	144354344
peak_30987	16.8977003845295	-2.15026870605076	0.607988934444414	1.89977164864078e-05	0.00046146620904049	chr14	98229600	98230137
peak_50101	17.1131933070528	-2.22572378796272	0.645300994971792	1.91404898993496e-05	0.000464270703143785	chr2	54586027	54586244
peak_95091	44.9681266236856	-1.40283567112107	0.396055257148983	1.91316964008968e-05	0.000464270703143785	chr8	19013462	19014878
peak_30779	15.2551293455821	2.29431634768921	0.663204884326421	1.92063430886774e-05	0.000465646509138995	chr14	92768309	92768790
peak_57247	48.4613947060866	-1.1999820149693	0.323004420012364	1.93873092024688e-05	0.000469810526139294	chr2	240621524	240621937
peak_18705	21.5056577891629	1.9165779473958	0.553472188787088	1.94107911678719e-05	0.000470156103793404	chr11	110148736	110149351
peak_63083	78.3116658448528	-1.12072320733925	0.307211460172637	1.94301836400327e-05	0.000470402347137088	chr22	46070576	46071912
peak_7102	92.9874818015205	1.04287038124326	0.282791948075826	1.95386767358331e-05	0.000472804448055619	chr1	192538672	192539949
peak_67627	61.1056723823598	-2.47108697928453	0.784200202988956	1.96502517317535e-05	0.000475278811572668	chr3	125002011	125002725
peak_20992	27.5715703081423	1.5783704503151	0.438958008319636	1.96694304336319e-05	0.000475517107676223	chr12	24839059	24839849
peak_76332	16.364460251669	2.23641235303287	0.650720869079619	1.96869689437627e-05	0.000475715544344401	chr5	7876848	7877097
peak_43073	17.8872243765369	-2.11496043943059	0.603331382020399	1.98774240482544e-05	0.000479862851574005	chr18	32531139	32531554
peak_58811	67.8183985445149	1.06330569286801	0.286646371536846	1.99963035365257e-05	0.000482048005727328	chr20	38874796	38875803
peak_107908	30.8493204072477	1.69060394250683	0.494076678789873	2.00186340034099e-05	0.0004823582577022	chrX	150478446	150480226
peak_74277	33.3241485009735	1.70507790972602	0.494768384867608	2.02565398470228e-05	0.000487860151459756	chr4	122221340	122221879
peak_101486	24.7462505437363	1.82052357303539	0.516783593177937	2.0324486898808e-05	0.00048926548112494	chr9	89470259	89470703
peak_53615	78.5763785919491	-1.00194307757285	0.267874584973195	2.03764687084902e-05	0.000490083703978469	chr2	157453179	157454033
peak_12605	74.8430297855827	1.02859886004104	0.276801563285531	2.06222510340961e-05	0.000495031116395679	chr10	79316883	79318477
peak_97604	39.3170984120319	1.5713163167796	0.460044600325519	2.06179862763644e-05	0.000495031116395679	chr8	100463015	100464472
peak_25475	45.9586164799389	1.26407328775948	0.347743395759653	2.09003829515336e-05	0.000501193848907576	chr13	24618224	24618975
peak_42200	45.5437152218173	-1.22669123625328	0.334109626263902	2.09084712789082e-05	0.000501193848907576	chr18	3096842	3097685
peak_73238	18.1302756337581	1.95279119052323	0.546080447058792	2.09198268026703e-05	0.000501230399135783	chr4	89290832	89291012
peak_91456	27.1623183478106	-1.73209893483195	0.500537632183103	2.09714586628921e-05	0.000502231466127861	chr7	84194575	84195276
peak_94797	36.2634080976779	3.44530268561888	1.23262408820664	2.09828814022034e-05	0.000502269103836968	chr8	9011756	9012515
peak_17225	193.465179046257	-1.60806357137233	0.469663101431629	2.10352455807163e-05	0.000503050202241275	chr11	66317518	66318569
peak_2880	39.4094281396439	-1.40354985685328	0.391071771627443	2.112471687651e-05	0.000504716407997066	chr1	55217584	55217860
peak_48484	31.0963302034485	1.53991251806959	0.43249138121486	2.11208044653574e-05	0.000504716407997066	chr2	11744066	11744396
peak_76300	39.8915328355005	1.33462745369272	0.368122093010306	2.12131660885792e-05	0.000506592265195456	chr5	6827777	6828174
peak_8667	49.6776734211612	-1.32610271977029	0.371731455706529	2.12309992275273e-05	0.000506780770887035	chr1	226696959	226697616
peak_21848	28.1118355468867	1.74125566767876	0.504284373825794	2.12587834306176e-05	0.000506934627606885	chr12	50224295	50224808
peak_43834	34.3585491241098	1.77604341704365	0.527744443623363	2.12619688036855e-05	0.000506934627606885	chr18	58721788	58722494
peak_16738	55.6561935206714	-1.1269141749299	0.304291111713981	2.13280996096762e-05	0.000507435598086304	chr11	58726460	58727648
peak_33009	19.8040205713012	-1.95703845104143	0.549717873310692	2.13230473881073e-05	0.000507435598086304	chr15	63446222	63446603
peak_95458	61.1020118717258	1.11285248108786	0.302164295104729	2.12987593123582e-05	0.000507435598086304	chr8	27361835	27362545
peak_11368	40.394307560612	-1.48434949744518	0.425388993209252	2.14329988687467e-05	0.000509693507612836	chr10	45418933	45419673
peak_60984	26.6552713313407	-1.85290537521066	0.550356192551401	2.14756188958318e-05	0.00051046895339062	chr21	38323790	38324422
peak_58770	17.1200978872463	2.10319849093397	0.603217656065502	2.17317023090064e-05	0.000516315272100187	chr20	38094236	38094818
peak_5317	26.0911825395854	1.60459095337942	0.448216995777895	2.18978601918806e-05	0.000519773672867925	chr1	148948750	148949093
peak_61647	15.0512399328336	2.18290509971636	0.618114258807542	2.19696486830349e-05	0.000520997445466613	chr22	20031863	20032178
peak_96614	25.4404218618516	-1.78105211670317	0.514322392390855	2.20577127428023e-05	0.000522842650815675	chr8	65948525	65948771
peak_60616	20.7502647424207	1.84221387476931	0.521047963640261	2.21075325204657e-05	0.000523780043256721	chr21	31195078	31196351
peak_427	19.5523302393991	1.84209468930064	0.521785067038425	2.23143998439568e-05	0.000527945239185142	chr1	8113025	8114084
peak_79940	43.9318625286095	1.48894760309349	0.435295637067042	2.235728949512e-05	0.000528714639238491	chr5	132055926	132056931
peak_10557	27.3609483105261	1.74368418572132	0.510117344297911	2.24484323339609e-05	0.000530623908659867	chr10	22616142	22616487
peak_30874	21.4185855727729	2.01542604901685	0.606475118636569	2.24726446103389e-05	0.000530950073263549	chr14	95480125	95480792
peak_103346	11.8349009642225	2.62386757154998	0.765280312032168	2.25075698863522e-05	0.000531528929238329	chr9	135468800	135469288
peak_74239	55.6623782000679	1.20205369634631	0.332332497841429	2.25605473304529e-05	0.00053253336397707	chr4	121256172	121256981
peak_55593	25.4186850069765	1.8451590912117	0.54731056463486	2.26897477884657e-05	0.000535335252541747	chr2	203830005	203830951
peak_104896	32.5730231660249	1.46151623348569	0.407325322562931	2.27629096089274e-05	0.000536813001535971	chrX	39860058	39860801
peak_41425	14.8563079615772	2.15626072427627	0.613164652075635	2.28126199852941e-05	0.000537736589260381	chr17	75297434	75298108
peak_64505	36.4054036098054	1.47769253861529	0.421366547442894	2.30511847385472e-05	0.000543108921016436	chr3	33007845	33008642
peak_15604	37.1876749124073	-1.41704503426695	0.39803677457379	2.31033829415404e-05	0.000543874328547815	chr11	13940439	13941073
peak_20292	22.6059439544236	-1.72494178586207	0.486294237835596	2.31050052099511e-05	0.000543874328547815	chr12	6932856	6933063
peak_18006	20.8868275755179	1.99818050556777	0.600060605348981	2.31225986322165e-05	0.000543944037738595	chr11	86138459	86139438
peak_559	29.7743175734165	-1.5748255963521	0.448485287434515	2.33660970604595e-05	0.000549006370840823	chr1	9715574	9715946
peak_59418	68.7990518871729	1.033200111465	0.279300511583375	2.33554700999303e-05	0.000549006370840823	chr20	51528724	51530202
peak_96018	29.7926894028983	-1.67465039072802	0.484613774411795	2.33925905742006e-05	0.000549375690012065	chr8	43166917	43167444
peak_82791	12.5506802663383	2.58317231987529	0.776350131882453	2.34308146206307e-05	0.000550020034183921	chr6	16657321	16657987
peak_79098	37.3339738767988	1.47046757398864	0.420214603134062	2.3488063326398e-05	0.000550940227272433	chr5	100840347	100841845
peak_104941	20.8376963066617	1.93163415067918	0.570423974618056	2.34916262128873e-05	0.000550940227272433	chrX	40278665	40279354
peak_45196	27.7984601251548	1.50120416471962	0.419271731442185	2.35859218925324e-05	0.000552897385569037	chr19	6674862	6675287
peak_93191	19.6788527306613	1.93617768623858	0.557121888081681	2.3807224094895e-05	0.000557572405926649	chr7	130958079	130958356
peak_84448	22.690274055089	1.87949523050912	0.552360903283916	2.38218170829145e-05	0.000557607539392551	chr6	53048353	53048988
peak_82978	53.7907696327937	-1.30999578617231	0.369637754891582	2.38977735454446e-05	0.000558922881645889	chr6	22062887	22063592
peak_21677	26.5028075577185	1.62116320477882	0.460862477732467	2.39522737488245e-05	0.000559940682878297	chr12	47889023	47889410
peak_14511	66.7291596791394	-1.05270766161802	0.285950390448554	2.39877643379417e-05	0.000560177837082994	chr10	128102906	128104356
peak_89159	13.4884877195967	2.36363358170746	0.689489763933365	2.39953790489401e-05	0.000560177837082994	chr7	7976775	7977150
peak_34724	24.937008829355	-1.66662288571445	0.471656172648288	2.4062466287014e-05	0.000561486913551348	chr16	976379	976553
peak_45411	31.1525915784715	1.45937481903919	0.409577965476297	2.40778038388183e-05	0.000561587788895695	chr19	10412259	10412630
peak_26980	45.4921356467383	-1.37800878053277	0.394555150226237	2.40972247526874e-05	0.000561783768285559	chr13	73520700	73521611
peak_79773	189.750383575193	1.58302798112141	0.46514937264875	2.41836030455665e-05	0.000563282405153612	chr5	126811123	126812523
peak_90149	26.7790238738294	1.65105796541432	0.473568714137062	2.42418451421256e-05	0.000564123558382664	chr7	37336030	37336712
peak_106614	17.7884257891495	-2.25940869627235	0.681724005510435	2.44590808355883e-05	0.000568919112902967	chrX	107549575	107549871
peak_82383	59.922629825761	-1.13239181386831	0.312004123891339	2.44941054346717e-05	0.000569473989827712	chr6	7112633	7113159
peak_56519	20.4598048704556	1.88449156332792	0.547392236373205	2.45491426420555e-05	0.000570493430605215	chr2	227783065	227783750
peak_86246	34.3510392625861	1.43616156182428	0.404419065990875	2.4713204039069e-05	0.000574044383205454	chr6	118787892	118788449
peak_102793	17.7303502513445	2.23095727734384	0.690169248093485	2.47904490692524e-05	0.000575576428162524	chr9	126982340	126982675
peak_96056	46.2725664419665	2.56772734312996	0.849209134376491	2.4806229185642e-05	0.000575680656012356	chr8	47513645	47514572
peak_5075	35.6796273822481	-1.44361874498106	0.411414819673013	2.50016497680497e-05	0.000579530679225347	chr1	119711810	119712812
peak_87058	32.320635057482	1.55446632758313	0.447719479684308	2.5006227087745e-05	0.000579530679225347	chr6	137904506	137905546
peak_75820	45.9150184973538	-1.21493205236884	0.333895583273211	2.50213510184062e-05	0.000579617720592667	chr4	184762070	184762764
peak_31822	83.8908956336311	-1.05635310188983	0.291304904964392	2.50568455032658e-05	0.000580176350967081	chr15	28737500	28739417
peak_73871	52.9277105389192	-1.13457834977975	0.311636612859898	2.50905207728167e-05	0.000580692370459751	chr4	109301777	109303328
peak_75083	15.8350074589352	-2.05584532382832	0.583788298524145	2.55979797889863e-05	0.000591095379312162	chr4	153429332	153429451
peak_40723	31.3942246014605	1.39405987512902	0.388340224576773	2.56503262895848e-05	0.00059203600552321	chr17	60151132	60151752
peak_16606	21.767266939191	1.73413093865805	0.492986637165675	2.57813423981801e-05	0.000594790734621543	chr11	48009040	48009336
peak_13260	21.4457694084139	-1.93190890617821	0.570927167386776	2.58097352310334e-05	0.00059517646336023	chr10	96299339	96299864
peak_18986	29.5578087134933	-1.48963918672804	0.419066474964615	2.58877286754893e-05	0.000596705123982142	chr11	116993600	116994010
peak_104367	17.2769952818377	-2.16631692111154	0.627098249685929	2.63708086007287e-05	0.000606195693109448	chrX	16484298	16484782
peak_6455	38.7584071278194	-1.30324127368113	0.363749001564474	2.65895890604326e-05	0.000610674228754603	chr1	172431429	172432329
peak_21656	44.4921039043735	-1.29305212858451	0.364735940741821	2.6794906417421e-05	0.000614765033582039	chr12	47717533	47718147
peak_696	13.8635519332817	2.28904418348159	0.662184062507889	2.68173795711224e-05	0.000614798073207395	chr1	12052019	12052374
peak_12930	56.3296773011018	-1.16968001189359	0.324653348876329	2.70407773101461e-05	0.000619362566008584	chr10	88194054	88194625
peak_46695	29.7313041587716	1.49933299480249	0.426967576226358	2.70562256923303e-05	0.000619438133430244	chr19	38685919	38686785
peak_1147	29.4209985426909	-1.52434854945432	0.434731249217526	2.71038967933226e-05	0.00062025102419405	chr1	21329584	21329813
peak_32878	51.1092945666555	1.42339598134519	0.424647687181522	2.72572297261578e-05	0.000623480087401471	chr15	60389172	60389963
peak_75636	26.6542803346311	-1.5449996664669	0.440069171980689	2.74091494605093e-05	0.000626393049929864	chr4	177393283	177393664
peak_27227	42.2313093779771	1.43128727326708	0.416899024922414	2.75743799312685e-05	0.000629604717947003	chr13	79401472	79401957
peak_48351	56.7247925622406	1.22881235103836	0.350040071056613	2.75888190284253e-05	0.000629652429267364	chr2	9752614	9754473
peak_79082	24.0922843727606	1.61592899584409	0.45750025844177	2.76650601420721e-05	0.000631109958122456	chr5	100667268	100667868
peak_22004	79.3182431673676	-1.07783781094901	0.301608062650614	2.77925432367053e-05	0.000633451322962296	chr12	52879373	52880153
peak_87235	23.3322682480285	1.87511586418949	0.56467295897412	2.77900359901616e-05	0.000633451322962296	chr6	141848299	141849030
peak_43411	16.1115073972227	1.98268498617067	0.568632649447825	2.80173095317914e-05	0.000638226817093904	chr18	46264351	46264600
peak_15515	61.4340724817275	1.32270552021185	0.390780529657691	2.82488457793105e-05	0.0006427022092387	chr11	12198373	12200065
peak_9771	23.900774012204	1.79842071858121	0.530983014033156	2.82759233783596e-05	0.000643031324428653	chr10	3945818	3946361
peak_86057	29.052754639494	-1.54172726749058	0.443620154266097	2.83584796848006e-05	0.000644536097457632	chr6	111996159	111996542
peak_90732	47.539052034662	3.37507450197141	1.33557770286957	2.83673754107976e-05	0.000644536097457632	chr7	55073831	55074514
peak_20090	19.6695296540536	-2.17340899638809	0.700732146453377	2.84213035254949e-05	0.000645473755701952	chr12	3906915	3907869
peak_21039	46.3336767787832	-3.03018217652962	1.08791235764611	2.85258174386033e-05	0.00064755891715255	chr12	25859825	25860429
peak_20899	26.3213045316462	1.84525025508605	0.570945987801815	2.86132283223022e-05	0.000648974068224539	chr12	21452940	21453973
peak_82917	19.4728665874398	1.8774158075143	0.547200365568478	2.86136136462708e-05	0.000648974068224539	chr6	20454141	20454676
peak_6289	37.2534340475454	1.33485443819386	0.376676434653301	2.87864001421124e-05	0.00065173330268461	chr1	168407634	168409463
peak_67276	8.88614187779685	3.52344297411193	1.14431053801113	2.87755156911427e-05	0.00065173330268461	chr3	114296998	114297234
peak_83185	19.7961439300085	-1.8005679255498	0.516623910987503	2.8769071320348e-05	0.00065173330268461	chr6	27332907	27333399
peak_40905	35.1765429629405	-1.48440036450631	0.430682579736444	2.8802119834824e-05	0.000651799770039209	chr17	64392957	64393730
peak_55571	68.0552578082895	-1.06813287247577	0.294995030514614	2.88888601833866e-05	0.000653182893707383	chr2	203705079	203705607
peak_94132	23.1095238761237	1.81060085092989	0.540790511896264	2.90178212078313e-05	0.000655807904300748	chr7	151795196	151795774
peak_36188	53.5026672114068	-1.13196013256308	0.314619797166267	2.92513727678939e-05	0.000660793306133735	chr16	49441410	49441824
peak_50793	34.6497575819529	-1.42481212348003	0.408775849173624	2.93444999199772e-05	0.000662603486678457	chr2	70789602	70790597
peak_5552	53.7813566786723	-1.35368598748395	0.39600721339044	2.93672721509448e-05	0.0006628241424914	chr1	153649354	153650173
peak_93188	53.7707116910527	2.32928713446447	0.755649076016997	2.93829160205622e-05	0.000662883785939992	chr7	130951453	130952399
peak_51927	52.2016544344302	-1.14678113564932	0.31887789351136	2.94299236756243e-05	0.000663650636234135	chr2	105753993	105754544
peak_79746	45.7832567742324	1.23676919278421	0.347790892531981	2.95762202950505e-05	0.000666654804581541	chr5	126446369	126447027
peak_61719	45.0685417101963	-1.19168195949839	0.331768615068569	2.9834853516271e-05	0.000671890389302382	chr22	20979338	20979929
peak_18982	44.7688157751481	-1.25241226722972	0.353661239037209	3.00522673612523e-05	0.000676487816194619	chr11	116931539	116932543
peak_79105	34.5505495047587	1.50513374863024	0.439517316352266	3.01089559196206e-05	0.000677464795462389	chr5	100889084	100889597
peak_93384	40.7292064712971	-1.33482098312874	0.380466712594633	3.02655053169044e-05	0.000680386708151537	chr7	134995309	134996252
peak_18321	39.5816055733225	-1.39563867637639	0.404604095600677	3.03926210984766e-05	0.000682943225794152	chr11	96306634	96308008
peak_70245	48.7605504376386	1.34989420257164	0.394094374676882	3.04740977130261e-05	0.000684472399117335	chr3	195147534	195148892
peak_40475	13.0849717535889	2.50590986346933	0.77279503153925	3.05222967764177e-05	0.000684951506796845	chr17	55116479	55117217
peak_23938	20.2945106125648	1.93066927522023	0.579179260588679	3.05828215175431e-05	0.000686007803736672	chr12	104740657	104741375
peak_95969	70.8840888104887	2.14598887861098	0.683508772847048	3.10420929365642e-05	0.00069539198175029	chr8	42292159	42293448
peak_80498	24.9592283451397	-1.74578637993463	0.518141153407087	3.12807687970102e-05	0.000700430952079211	chr5	142097770	142098023
peak_53373	23.2411323467509	1.72155868246785	0.506149795574138	3.16138697269552e-05	0.000707578912159148	chr2	148813744	148814309
peak_100871	29.8479754612411	-1.64782618291482	0.49239323397828	3.17771398249792e-05	0.000710921128177442	chr9	69439714	69440624
peak_44705	110.717296408803	-1.05988335265122	0.303154224516402	3.19852884686162e-05	0.000715263999061783	chr19	1082039	1082759
peak_61348	72.9805381340606	1.07649035149801	0.302444449386201	3.21516041648042e-05	0.000718038409963517	chr21	46143621	46144365
peak_47721	46.0007608164437	-1.37786705954325	0.40620292548705	3.23389686188967e-05	0.000721590658207031	chr19	53879358	53879707
peak_4495	20.058955392275	1.80795240052556	0.527456898367423	3.23583673069126e-05	0.000721707662077972	chr1	107795416	107796313
peak_67281	14.731281008125	2.26433611583904	0.685826906442512	3.24411082482266e-05	0.000723236705353775	chr3	114323707	114324124
peak_59412	26.8020438988212	-1.52785025758632	0.438587268405119	3.24732769049124e-05	0.000723511341524568	chr20	51494145	51494773
peak_83812	59.0143080941882	1.34745989674521	0.402972702579713	3.24935537957731e-05	0.000723511341524568	chr6	36755590	36756242
peak_96490	45.0958650747369	-1.23421640825364	0.349773722847932	3.24959983542788e-05	0.000723511341524568	chr8	60865189	60866112
peak_33036	20.9084929438655	1.75048370914853	0.51021950124095	3.26106133038209e-05	0.000725746281060067	chr15	63672603	63673113
peak_41310	58.8239742469855	-1.12446670015017	0.314981739148956	3.26934757405488e-05	0.000727272929366327	chr17	73722260	73722695
peak_17761	75.4156044172299	2.77026478740606	1.00711732138819	3.2732208246928e-05	0.00072749972523011	chr11	76629287	76630223
peak_45564	23.3816639606367	-1.63884208284221	0.471258104193442	3.28880544135618e-05	0.000730326804150637	chr19	12635594	12635911
peak_84470	21.6327074190977	1.86211708902031	0.563903218509034	3.29755594268529e-05	0.000731632668815285	chr6	53312332	53312784
peak_30578	23.6901381079858	-1.66308730648595	0.48302321609994	3.29993642887549e-05	0.000731842360864052	chr14	89586370	89586945
peak_101606	12.4639686912721	2.72968054493944	0.878025555932953	3.31737902004373e-05	0.000735117656620465	chr9	92440592	92441093
peak_23579	23.0486254026234	1.69671326264415	0.495220401652925	3.35577216348672e-05	0.000742932694431324	chr12	95103012	95103632
peak_31248	38.2637414069096	1.2707452655131	0.360103483380445	3.35776781100784e-05	0.000743051864635616	chr14	102795097	102795604
peak_41581	23.6279866693921	1.79728598613878	0.546621381576837	3.36279821132848e-05	0.000743712892876128	chr17	77106724	77107889
peak_45234	15.4170966101348	2.19978193924136	0.663932075574197	3.37567573482138e-05	0.000745720117052006	chr19	7387490	7388125
peak_104946	14.3656087605269	2.27203577661827	0.69508491143381	3.38832083769209e-05	0.000748189373021087	chrX	40477030	40477415
peak_17765	47.4786075685481	1.23931941394834	0.355525476004312	3.40507341087313e-05	0.00075123787506178	chr11	76669924	76671314
peak_64771	23.0274869193979	1.87534795970199	0.580919889138916	3.40751783588748e-05	0.000751452008566432	chr3	39329575	39330023
peak_10069	31.8094615276679	-1.6471344906106	0.492323692403513	3.43674052643609e-05	0.000757568752619413	chr10	11009184	11010002
peak_2769	15.4185669077188	2.12519338680703	0.637471154383606	3.45780270835657e-05	0.000761882147313172	chr1	53296206	53296668
peak_103045	62.5267125787213	1.01991755418263	0.282985426778466	3.46521406030516e-05	0.000763185330793602	chr9	130038018	130038500
peak_48771	34.7278082771244	1.31844937276353	0.375398303027786	3.46947338120293e-05	0.000763793479335115	chr2	20576123	20577091
peak_52190	24.3738242985448	1.61080776454257	0.467486795572757	3.47276693187226e-05	0.000764188583463267	chr2	111454521	111454961
peak_107578	21.4900121007635	1.73234752706761	0.509435342029056	3.4829504413524e-05	0.000766098840391689	chrX	136935428	136936152
peak_30774	10.799620930808	2.56866561083535	0.755857905305908	3.50841365796923e-05	0.000771034391229393	chr14	92726175	92726540
peak_43964	18.4746064167737	2.16617980149581	0.702258926565273	3.50831736365779e-05	0.000771034391229393	chr18	62845166	62845898
peak_98378	13.2391246550247	2.39316110300674	0.727458935936036	3.51244039765424e-05	0.000771586756203357	chr8	125220503	125221085
peak_34021	28.2808650357856	1.58348803086032	0.469348809040567	3.53549518374157e-05	0.000775351701955618	chr15	85031223	85032232
peak_80105	58.7239064961297	1.0905855314007	0.306339147868486	3.53566215637001e-05	0.000775351701955618	chr5	134436416	134437324
peak_11855	24.7477593666992	1.67752639014334	0.497104792231484	3.57007884473298e-05	0.000782562510651572	chr10	62047282	62047599
peak_78681	81.0929522028134	1.09343517664726	0.313818377457287	3.58673840152288e-05	0.000785538849398821	chr5	88140966	88142816
peak_18073	15.9280125770868	-2.04310735819595	0.600584766691214	3.59287886354446e-05	0.000786545821110682	chr11	88367391	88367656
peak_86249	27.3143106630721	1.66934922807086	0.503220249265496	3.60586467718729e-05	0.000789049855927344	chr6	118808849	118809222
peak_47303	16.2372696144178	2.22601309690745	0.703237673716524	3.61592518590239e-05	0.000790911889868809	chr19	47288343	47288660
peak_72668	29.2032432669838	-1.46571379517804	0.424307914850363	3.67110781911778e-05	0.000802637664088934	chr4	75696033	75696476
peak_86659	44.4430054534105	-1.20272016548375	0.341288773631506	3.67594433801425e-05	0.000803350613021837	chr6	130513646	130514236
peak_13812	30.7748765820755	1.49777394166991	0.439587254865207	3.68344280046961e-05	0.000804644449977479	chr10	110353531	110353818
peak_27386	22.2622671700585	-1.92081624983909	0.583779406101178	3.69939073139904e-05	0.000807782166300264	chr13	88622405	88622928
peak_60177	28.1750284666114	-1.48968035662916	0.433899099265204	3.70897568893273e-05	0.000809182004603869	chr21	14241049	14241682
peak_56795	19.396413806591	1.99182318367838	0.626615436563215	3.74092920718375e-05	0.00081545539357619	chr2	233086861	233087142
peak_60536	64.3349320356405	1.15754793858774	0.332907150827892	3.75776767776308e-05	0.000818775824010378	chr21	28831802	28832886
peak_103218	28.1749812306008	1.46601131875631	0.424842124423469	3.77362353165485e-05	0.000821528477305527	chr9	133127487	133127906
peak_87593	23.4914311250018	1.82665857564758	0.5667753407964	3.79446775781858e-05	0.000825713756295937	chr6	149493191	149493574
peak_98509	11.8254466638499	2.47596182045062	0.741493682152682	3.80084584648693e-05	0.000826748832461529	chr8	128064062	128064421
peak_32182	23.6139033884797	1.63958667272443	0.482655454049352	3.82411869859788e-05	0.000831101943592121	chr15	40493321	40493906
peak_96800	82.7626633191655	2.59204093694745	0.918151089098462	3.8283639263304e-05	0.000831670060280706	chr8	71843534	71844659
peak_12653	46.4470169992194	1.22636613470461	0.351687499485799	3.85243620445767e-05	0.000836543067804424	chr10	80196109	80196772
peak_101471	17.152687245363	-1.9979383154665	0.598642628039117	3.85612324777078e-05	0.000836987228228358	chr9	89379580	89379935
peak_10936	34.6657413731234	1.62224196824547	0.508796307137813	3.85952731022114e-05	0.000837369614633766	chr10	30998228	30999413
peak_105863	40.2428590147696	1.33563907207236	0.390820632780221	3.86307959390742e-05	0.000837783820395423	chrX	71622301	71623151
peak_16541	50.720928880674	-1.16520178082587	0.332916880875533	3.87794444382092e-05	0.000840649980495975	chr11	47118819	47119442
peak_3370	78.2098524052992	-1.0843311266507	0.312199635486262	3.8895716834441e-05	0.000842812162567279	chr1	72282045	72283973
peak_11898	48.9325345093881	2.57624476619471	0.907353104523255	3.90463457952688e-05	0.00084571664686388	chr10	62383578	62384670
peak_43619	43.6787610444212	1.3013976580716	0.377345074647433	3.90897024168823e-05	0.000845936998059067	chr18	51191131	51191575
peak_45452	70.0649243522971	1.10926868060483	0.319474488588482	3.90773945126978e-05	0.000845936998059067	chr19	10797141	10798171
peak_37975	21.836662511815	-1.94943066584529	0.601096216283867	3.91174844098724e-05	0.000846179066661754	chr17	2101238	2102066
peak_55955	12.7968152988464	2.39345660322299	0.735712248159097	3.91700370574069e-05	0.000846597502928761	chr2	213238828	213239311
peak_29896	24.1214605839575	-1.65257441019669	0.493037971370718	3.93578849684782e-05	0.000850297086018148	chr14	68495206	68495788
peak_51809	46.8890825225605	1.26532342110308	0.369334452201667	3.94647895442212e-05	0.000852245556841026	chr2	102001826	102003321
peak_84466	18.8679805917977	1.79351020105647	0.531666054794636	3.95145510505292e-05	0.000852958890712228	chr6	53300848	53301300
peak_20618	13.0239816625333	2.36114994786321	0.722148405156839	3.97422665254347e-05	0.00085751129964698	chr12	12500291	12500655
peak_43543	21.8499874713663	1.94345883540397	0.61753478110677	3.98280403399658e-05	0.000858272385787615	chr18	49169026	49169613
peak_94399	48.097253921675	-1.14840148847099	0.326852075271159	3.98150853700267e-05	0.000858272385787615	chr7	157875093	157876013
peak_41883	25.9674404089595	1.52344522480192	0.445573061982622	4.00766991434769e-05	0.000863265983324594	chr17	80856557	80857148
peak_7678	10.8445150264995	2.54421098567804	0.764598721157598	4.03163968730289e-05	0.000867695994499051	chr1	203655722	203656003
peak_56384	69.5796837265626	1.03627963827984	0.29335064146655	4.03135334574057e-05	0.000867695994499051	chr2	224400962	224402283
peak_68239	14.8239765176936	2.13408575678165	0.650960193922704	4.03973998107778e-05	0.000869072500739374	chr3	138571651	138572328
peak_62621	42.4633378334307	1.16949202653486	0.332361002884802	4.06120830764774e-05	0.000873322508535335	chr22	39099336	39100452
peak_38655	12.9564656258063	-2.35954970160473	0.70466471359403	4.09124115061331e-05	0.000879039280679183	chr17	16911667	16911934
peak_38582	18.0981162703478	2.00752697514204	0.620223780024811	4.10103258578185e-05	0.000880701482647183	chr17	15589429	15590576
peak_56732	19.373339991807	1.94264617714052	0.600719109188357	4.12473959511147e-05	0.000884001567870338	chr2	232300853	232301348
peak_67274	18.2130460994793	2.12395445058143	0.687097519416102	4.12742732007297e-05	0.00088420592160185	chr3	114285462	114286131
peak_105056	44.8418525388766	1.30582274993559	0.379895967811017	4.14402586782258e-05	0.000887388924388081	chrX	42778055	42778824
peak_25743	37.8255011766634	-1.28997798649638	0.373431230279633	4.17291163638384e-05	0.000892817161535251	chr13	30388966	30389724
peak_30611	14.7782770891916	2.13907424406805	0.650437373371789	4.19130292816351e-05	0.000896007425976289	chr14	90263814	90264547
peak_103251	20.7649292642502	-1.81219213638411	0.547645305452181	4.19342721823941e-05	0.000896085834656975	chr9	133534619	133534948
peak_10153	34.4984579515953	1.53409389121161	0.467759940746327	4.2000817624814e-05	0.000897090625105558	chr10	12122377	12123075
peak_63695	16.2622310846045	1.9547141604919	0.584916393743325	4.20164832062149e-05	0.000897090625105558	chr3	12606838	12607418
peak_34938	42.4772524715055	-1.30600507972008	0.384285927719075	4.2084187427207e-05	0.000898160058670395	chr16	3509500	3510138
peak_37419	16.6581961825436	-2.04529627513954	0.625106319542257	4.21139436124062e-05	0.000898419049800059	chr16	84652681	84652888
peak_102671	20.1916191075922	1.82198371899151	0.555501893327195	4.21866863229972e-05	0.00089959447464004	chr9	124202511	124203165
peak_64700	17.1927794254058	2.18875948188859	0.706541719467145	4.2214766758095e-05	0.000899816930572004	chr3	38202978	38203331
peak_43735	49.7947255307648	1.22188990871043	0.356917265265428	4.23460533728483e-05	0.000902238143446738	chr18	57017022	57017732
peak_87581	58.9623820653649	1.1600324542509	0.337528386242089	4.24414592207118e-05	0.00090389316617678	chr6	149443768	149445645
peak_38848	38.9573674351108	-1.23175544437345	0.353377058751811	4.25202625995717e-05	0.000904815571327947	chr17	19875839	19877131
peak_62705	89.9029443915868	1.03327470379063	0.297853414942586	4.26021116249114e-05	0.000906179083566013	chr22	40055204	40055939
peak_57259	16.138835226445	-2.12416408165134	0.662059656064465	4.31683092424494e-05	0.000917457030027313	chr2	240704654	240705394
peak_12673	57.7497003145424	1.18519704756724	0.347679689877056	4.32495013907453e-05	0.000918799615795226	chr10	80471247	80472575
peak_35942	31.2640543760952	1.36986607872381	0.397891813829761	4.32991754685614e-05	0.000919088992689456	chr16	30567274	30567478
peak_68911	44.388702606002	1.21165204861706	0.348461846168316	4.33535456543465e-05	0.000919860124316484	chr3	155862482	155863030
peak_43550	12.8566093547818	-2.24577063436925	0.666587380462411	4.3424108774412e-05	0.000920947348812258	chr18	49420892	49421358
peak_4055	32.6409663477938	1.42394119119844	0.419789731028244	4.36567642560641e-05	0.000925138729160301	chr1	92538062	92538574
peak_15508	23.0678958957117	1.74005097236033	0.534852480102266	4.37179969364814e-05	0.000925759174603699	chr11	12175725	12176387
peak_58809	26.3905893186667	1.55868555956471	0.462156203337111	4.37223569694761e-05	0.000925759174603699	chr20	38862841	38863426
peak_98397	35.9892520379504	1.28181073863207	0.370995108463948	4.38513295588449e-05	0.000928104561597038	chr8	125528674	125529753
peak_29394	60.5701482870496	1.20594640341226	0.356446772850562	4.40405395138135e-05	0.000931335938470053	chr14	55332589	55334365
peak_58807	13.5116852158101	2.21769970133946	0.671012808995874	4.41397565015229e-05	0.000933047108203418	chr20	38842639	38842909
peak_67664	56.2746627149248	2.41092897644436	0.832261011747392	4.41847486964591e-05	0.000933611105278766	chr3	125835922	125837061
peak_36267	23.4158635080736	1.59958726981176	0.475714849403243	4.42705227964194e-05	0.000935035988110291	chr16	50698123	50698586
peak_13050	22.9649212637199	-1.64735956312882	0.486131477073443	4.43892919059193e-05	0.000936380818003807	chr10	91033840	91034499
peak_61672	21.5901925658227	-1.9435602010113	0.608620131133413	4.44829234396583e-05	0.000937580130010094	chr22	20322922	20323217
peak_104482	18.2481416467151	2.01215577281922	0.63649064619929	4.44760627889343e-05	0.000937580130010094	chrX	19566179	19566961
peak_63783	31.4828289744111	-1.39550876888256	0.409736952186862	4.4558773092443e-05	0.00093879074582285	chr3	13621646	13622058
peak_59707	25.3363799101362	-1.67918817732123	0.514162007630134	4.46531430949195e-05	0.000940002127926327	chr20	59385196	59385822
peak_60608	47.8589459361871	2.36581261747143	0.806227593418747	4.47599612567365e-05	0.000941085107066378	chr21	31172566	31173212
peak_94552	46.9434628366798	1.29074060740415	0.383965571995518	4.47570441297853e-05	0.000941085107066378	chr8	1372960	1374255
peak_102880	23.3929551176321	-1.56974945868667	0.46137424340912	4.48447263818417e-05	0.000942090325218204	chr9	128093092	128093460
peak_7667	22.875937697371	-1.70126702690012	0.516502537196928	4.49160123314856e-05	0.000943199260598487	chr1	203512989	203513606
peak_57580	53.1928158015247	1.25145062371833	0.371436662113726	4.5241654339469e-05	0.000949255550679904	chr20	3906805	3907773
peak_99711	39.0513202349868	-1.28928847953369	0.376443610163504	4.53601586648518e-05	0.000951305613982077	chr9	15293711	15294292
peak_96435	19.5043427016426	2.08566058712369	0.69361172979507	4.54241393909059e-05	0.000951909235916452	chr8	59972456	59973033
peak_73834	33.7538343041513	-1.35398104034421	0.39459255118717	4.54596707297296e-05	0.000952262437069019	chr4	108359375	108359672
peak_55327	16.2546049228587	2.0810034893696	0.655303265767772	4.56247703131814e-05	0.000955328352849227	chr2	197998537	197998967
peak_60720	21.1688937398942	-1.75644138543812	0.533826317855951	4.56750812157568e-05	0.000955989199863127	chr21	33293446	33294173
peak_10003	24.6077987864286	1.56346113916051	0.465811837528275	4.59164173959358e-05	0.000960646063746075	chr10	8088515	8089027
peak_13544	12.2801362715325	2.56774961521045	0.825559690706544	4.59708830569684e-05	0.000961391076104426	chr10	101908409	101908852
peak_59296	15.4501614599285	1.96774345726934	0.590745375353797	4.61223894163551e-05	0.000964164061821353	chr20	49805271	49805693
peak_15603	25.5669997589763	-1.51494706025708	0.445935274729159	4.62756954573524e-05	0.000966972380569085	chr11	13938738	13939419
peak_104954	31.8048315491617	-1.45623158571123	0.433478345060159	4.64575399785502e-05	0.000969580079143005	chrX	40589696	40590355
peak_49451	20.5118066543286	1.85885215547177	0.585358412764605	4.72078999150312e-05	0.000983892827481694	chr2	37624045	37624681
peak_8974	33.5256804663204	-1.34142720168719	0.391351784727242	4.72799299116129e-05	0.000984326054092894	chr1	232627725	232627907
peak_29242	28.0107343649744	1.49191851120585	0.444293110621503	4.7338895696674e-05	0.00098500147420489	chr14	51869425	51869884
peak_82770	27.9771353617643	1.4269452323812	0.419527234717379	4.73510103415876e-05	0.00098500147420489	chr6	16409785	16410202
peak_85796	17.2348163958771	-2.01897102407088	0.623277840750159	4.7528709196762e-05	0.000987891874075053	chr6	107805573	107805981
peak_33100	42.0706290313161	-1.1940051148247	0.345053666702902	4.78526576424431e-05	0.000993410261627689	chr15	64596773	64598187
peak_29484	118.178913315705	-1.72902892606816	0.553346729848751	4.80198990681532e-05	0.00099647642404919	chr14	58637067	58639050
peak_57169	37.03825961557	1.30687210192535	0.38460604053617	4.8116124793212e-05	0.000997661138148315	chr2	239363937	239364530
peak_72505	17.1439475077227	-1.94749242701078	0.588633623720754	4.81144552894333e-05	0.000997661138148315	chr4	70737073	70737265
peak_63883	20.1125412013372	-1.88648226887027	0.590166421879949	4.83912215735938e-05	0.00100214249518735	chr3	15320430	15320913
peak_214	28.4930426051785	-1.51551864114964	0.453839206868014	4.85575733067362e-05	0.00100477127947129	chr1	3032924	3033570
peak_78304	20.8155598432271	1.65957951555211	0.496458923303069	4.86485365753958e-05	0.00100624514638261	chr5	76790711	76791295
peak_56522	21.3938032646811	2.04716188891579	0.691179689871961	4.87129838603607e-05	0.00100676132756561	chr2	227818092	227818937
peak_9906	15.3376278886356	2.19428786517734	0.699008761969833	4.87915911991702e-05	0.001007977337472	chr10	6492291	6492544
peak_22212	30.5101544416339	1.60049208889499	0.501895746126321	4.96400103177765e-05	0.00102508933416855	chr12	56034241	56035124
peak_50319	15.2672432380533	2.13619083396409	0.673121896066862	4.97161231899991e-05	0.00102624544816409	chr2	60872541	60873048
peak_43825	22.9444980106237	-1.59690031083912	0.474340574265394	4.97608660191933e-05	0.00102645040920835	chr18	58628819	58629534
peak_50403	50.9133965431064	1.18081904506827	0.346297980348176	4.97663164704631e-05	0.00102645040920835	chr2	62304791	62306211
peak_60980	34.2523761328203	-1.44888654452049	0.439952603679999	4.99667627351426e-05	0.0010301265806878	chr21	38244617	38245303
peak_96965	28.2348671972308	-1.45984308972445	0.434499468714702	5.00051639117075e-05	0.0010301265806878	chr8	80055045	80055529
peak_26203	41.2030370594095	1.35188841493525	0.407067992339966	5.03362636820052e-05	0.00103652857031128	chr13	42990549	42991208
peak_36844	33.6311514052662	-1.50896108965199	0.463909941991174	5.03573595989251e-05	0.00103654434255583	chr16	68548744	68549358
peak_7500	32.1764224632466	1.35207423224998	0.39914439993085	5.05970227756102e-05	0.00104105722487379	chr1	200877953	200878574
peak_86837	26.1270944672287	1.60734803817538	0.493407408230959	5.06271189802342e-05	0.00104125626798153	chr6	134436107	134437248
peak_41850	18.5446655955023	1.9496031741544	0.618453745029309	5.06502015991598e-05	0.00104131095916724	chr17	80605347	80606166
peak_88468	33.4131374923163	1.32834181087192	0.391862355064535	5.07950509329452e-05	0.00104386798342086	chr6	167046998	167048469
peak_91837	22.9358561029576	1.71187265236523	0.527223896642545	5.11354192764953e-05	0.00105043935827211	chr7	96685480	96686552
peak_2046	58.8220572376967	-1.06092685073749	0.305383021370729	5.12712656256953e-05	0.00105276199534944	chr1	36350643	36351117
peak_82050	18.5302114702208	1.8051543005502	0.546302156933214	5.12897814389835e-05	0.00105276199534944	chr6	494011	494744
peak_8483	10.9331944917939	-2.69154651713755	0.815826682732829	5.14469223470068e-05	0.00105556248804205	chr1	223331466	223331732
peak_35196	65.4745602252382	-1.03021549355863	0.296198811420709	5.16970565883563e-05	0.00105984162734778	chr16	11354511	11355326
peak_103151	21.1084210669731	1.71194106535991	0.522678997091166	5.17850909839512e-05	0.00106079335030443	chr9	131719598	131720591
peak_11457	29.4893744340764	-1.45974336084146	0.436745779561698	5.19205017003641e-05	0.00106170860033934	chr10	47257647	47258034
peak_67947	34.8433732905972	1.36884422677337	0.410630040872683	5.1933888699767e-05	0.00106170860033934	chr3	130850133	130850732
peak_73977	33.1992579951535	1.56736255043449	0.496193373302162	5.18966821340632e-05	0.00106170860033934	chr4	112287358	112287837
peak_46822	41.4680126962525	-1.19778818123007	0.348871494484461	5.20041452671648e-05	0.00106271877779225	chr19	40398593	40399059
peak_102431	14.1227450541776	2.10842350184612	0.645285775169956	5.20368249788828e-05	0.00106296056024572	chr9	114696811	114697469
peak_81554	25.6314100584166	-1.60570660483735	0.49091842616657	5.20924642490712e-05	0.00106367095803089	chr5	172688596	172689235
peak_93501	67.9367151857815	1.04024187583433	0.299522824274829	5.22527064948532e-05	0.00106523650273754	chr7	138875735	138876458
peak_11865	59.4002172137633	1.09788975459557	0.319780410918899	5.30042105200004e-05	0.00108012497105225	chr10	62082480	62083447
peak_98379	12.014130954617	2.30546638880852	0.704497802188239	5.30273763228523e-05	0.00108016532528843	chr8	125227160	125227534
peak_40473	17.6683623205433	2.14907351628608	0.726233418057755	5.31777746629153e-05	0.00108242580743076	chr17	55072684	55073572
peak_89033	56.6320944858354	-1.19412662117677	0.357520392823982	5.3230569249833e-05	0.0010830063063735	chr7	5701247	5701936
peak_17649	34.1613457131344	-1.42290092755164	0.432437133131451	5.33362583971451e-05	0.00108472376172192	chr11	74232238	74232817
peak_62860	13.7720169682485	2.28055276849675	0.72597188071082	5.33657289994439e-05	0.00108489037430847	chr22	42031160	42031617
peak_10579	33.7437641654015	-1.31839673948196	0.38952162886987	5.35407226725111e-05	0.0010871807115033	chr10	22927677	22928201
peak_51724	63.3587096032385	-1.06349776498886	0.310229675277107	5.3542359992641e-05	0.0010871807115033	chr2	100818867	100820778
peak_15871	30.7019814284624	2.86233674757583	1.08704931309241	5.36191307243477e-05	0.00108787305973402	chr11	20367492	20367910
peak_47738	36.8184092536585	-1.30729378216936	0.38880612477547	5.36062069790408e-05	0.00108787305973402	chr19	54154928	54155107
peak_19277	65.5725670112822	-1.03159084865881	0.297354469719525	5.36673776532473e-05	0.00108841882141148	chr11	121468047	121468472
peak_69549	29.2204758555002	-1.43502511470711	0.428927168700717	5.38069049017215e-05	0.00109081465340723	chr3	177944097	177944914
peak_107069	23.4175983533906	1.63102864484156	0.498312983948688	5.39089481237395e-05	0.0010920149499551	chrX	124063792	124064589
peak_91605	31.4189679996292	-1.39917484511266	0.417678460469242	5.43209585069066e-05	0.001099923904064	chr7	89622239	89623279
peak_93208	72.5600721478556	1.06649797246841	0.314022901079624	5.44906755589629e-05	0.00110235900929007	chr7	131020518	131022412
peak_83672	30.1067234690369	1.33916838381322	0.394996040083306	5.45319651345581e-05	0.00110244519205019	chr6	34656287	34657052
peak_25999	13.3593310128319	2.49813643725273	0.845435170080995	5.4560058472509e-05	0.00110257595770089	chr13	39688485	39689272
peak_95896	32.8705971537772	-1.39567348139713	0.420006184776253	5.45827013064946e-05	0.00110259651696233	chr8	41542616	41543131
peak_77021	27.5415914840408	1.57862273199798	0.487250588749779	5.49647011778022e-05	0.00110909798001969	chr5	36168652	36169192
peak_8512	64.9747274455625	1.00913835220478	0.289785094720214	5.49963828927984e-05	0.00110919524453015	chr1	223716244	223716984
peak_65656	21.196107526949	1.7710088664007	0.551659431431777	5.52090985450265e-05	0.00111282545578282	chr3	58111582	58112087
peak_81600	33.1562853434454	-1.34898578245422	0.40247321894272	5.52470930639483e-05	0.00111293097074613	chr5	173283666	173284255
peak_68373	14.3770267431399	2.33117908413955	0.783192716420108	5.55656566843646e-05	0.00111890622895301	chr3	141388598	141389157
peak_6251	24.8238866413656	1.57163321951836	0.47640363649983	5.56097589914069e-05	0.00111900082114245	chr1	167642073	167642596
peak_97708	31.9498536718217	1.56857976223327	0.494095196225055	5.57924344949409e-05	0.00112214322097004	chr8	102097573	102098369
peak_38727	19.4502990374448	-1.94447521458006	0.62287232263696	5.59425083555786e-05	0.00112471795387127	chr17	17785007	17785194
peak_18888	66.8122873012677	1.01616882018938	0.292975330351453	5.59655061137437e-05	0.00112473681305295	chr11	114182980	114183873
peak_27646	29.5237651024689	1.5267341209734	0.473665181985507	5.60569138277485e-05	0.00112591581619541	chr13	98484469	98485422
peak_85278	27.9689093657199	1.41183304246453	0.420738572327921	5.60683375303054e-05	0.00112591581619541	chr6	89834979	89835607
peak_61937	30.2024290529643	1.42703482453378	0.431376001688391	5.64238523107213e-05	0.00113216313810092	chr22	24607333	24608329
peak_6473	40.8483302033932	-1.18582305257165	0.346823712601266	5.65632298898964e-05	0.00113451331202449	chr1	172670200	172671122
peak_81452	25.0149914260369	1.56816811609106	0.479086847711511	5.67049415592086e-05	0.00113690843505223	chr5	170269335	170269861
peak_45037	41.948422394268	-1.15781322566214	0.3374545240483	5.67566827222731e-05	0.00113749851622556	chr19	4301634	4303141
peak_25162	49.0971572468312	-1.13942106550544	0.334654845778372	5.68266016075186e-05	0.00113755834690261	chr12	132771459	132771920
peak_55111	19.8502006375377	2.01185666460686	0.671936987516466	5.67917702328157e-05	0.00113755834690261	chr2	195477395	195478132
peak_2131	25.3483832886283	1.54168856510412	0.469705526494772	5.69044884986409e-05	0.00113867042801872	chr1	38030105	38030473
peak_98553	68.8660654784592	1.08980474219523	0.322012340503621	5.70130496939948e-05	0.00114039519485995	chr8	128657101	128657894
peak_75042	26.1995785940333	1.57525742660282	0.487067285148575	5.73006469903891e-05	0.00114524923067502	chr4	152584796	152585595
peak_94391	27.8066410674048	-1.41149408977737	0.421537121872434	5.79485491367877e-05	0.00115774479870229	chr7	157826834	157827819
peak_82165	48.8178989748922	1.2950186842018	0.400130745237526	5.80825945731721e-05	0.00115996833799755	chr6	2899634	2901221
peak_24782	23.7207546839872	-1.63187942277883	0.499641511266965	5.81087262983938e-05	0.0011600358336139	chr12	123242057	123242425
peak_30444	17.1204023080456	2.00532582702159	0.64497505074304	5.85187632719955e-05	0.00116731502307521	chr14	81200167	81200610
peak_76416	29.7818446350725	1.50285106992754	0.465537261004517	5.8519146412353e-05	0.00116731502307521	chr5	10635238	10635886
peak_64498	25.3377715483996	1.4963773952099	0.45094541748143	5.86074368693995e-05	0.00116861899734971	chr3	32973942	32974384
peak_36266	16.29184074212	2.00269677782172	0.635615620610904	5.88121697987396e-05	0.00117224288090639	chr16	50696636	50696949
peak_53836	25.9958989744604	1.56589797796482	0.483524912395616	5.88530058482433e-05	0.00117259841976496	chr2	161384841	161385387
peak_85300	16.88006664046	1.83392468394337	0.559309636926833	5.91541543262306e-05	0.00117767813841359	chr6	90103096	90103850
peak_98702	54.1039760407251	2.19372917815085	0.7597576818123	5.92328526427526e-05	0.00117878463108641	chr8	133046430	133047693
peak_11859	35.9012126490634	1.42318796761956	0.438961495850819	5.94762725898499e-05	0.00118257665082349	chr10	62054659	62055263
peak_31123	48.721715862888	-1.14055672454154	0.333339384109803	5.94929806096235e-05	0.00118257665082349	chr14	100547885	100548385
peak_56631	38.1042498403101	1.2185248978699	0.359969972759038	5.97317813274375e-05	0.00118686071814526	chr2	230781296	230782143
peak_38609	11.8199927475482	2.4819914849041	0.807894872597451	6.04019080794012e-05	0.00119970848669122	chr17	16194185	16194909
peak_71320	61.629937574609	-2.00432561841371	0.681032935099322	6.0489564872049e-05	0.00120051419017761	chr4	22515193	22516294
peak_78910	114.266207288886	1.62315588560683	0.52062582395402	6.06145848120892e-05	0.00120252732343548	chr5	96714453	96716541
peak_20837	14.7130254096576	2.19139875642895	0.717910958555754	6.06620265809529e-05	0.00120300042289244	chr12	18165443	18166130
peak_29380	20.9553004763213	1.70414799763982	0.530956689008775	6.1546929700241e-05	0.00122007455586955	chr14	55131588	55132090
peak_64397	30.0207993286251	1.39980314291513	0.423014215642672	6.15883109774947e-05	0.00122042037446504	chr3	31522068	31522571
peak_104368	25.8251558539546	-1.55312425030441	0.476085274185558	6.16977762759298e-05	0.00122211453815251	chrX	16528509	16528958
peak_66096	33.6709739256448	1.5373566329103	0.488297136618052	6.1765558987486e-05	0.0012227931632859	chr3	71718013	71718727
peak_77606	49.661583558637	1.2101791478504	0.366130105466634	6.17800021304765e-05	0.0012227931632859	chr5	56686003	56687131
peak_46322	29.7404498326305	-1.46861391305162	0.453222746589502	6.23070223227007e-05	0.00123226758733329	chr19	29724149	29724627
peak_8962	19.3810788517174	-1.76798856040065	0.544752329268815	6.23718884120437e-05	0.00123307216075086	chr1	232335352	232335747
peak_105989	65.0096733367865	-1.02343743071544	0.298615172270538	6.27305061759164e-05	0.00123920092517833	chrX	75522864	75523643
peak_62672	22.7699023109769	-1.59845703453285	0.488699491237329	6.30728048872157e-05	0.00124548025948086	chr22	39658475	39658750
peak_41891	25.6793655554572	-1.55632903311225	0.482689822350959	6.34822872402123e-05	0.00125259593546032	chr17	80937993	80938981
peak_74877	36.0177904300905	1.44513746911549	0.456379295368443	6.39568592199388e-05	0.0012609839227331	chr4	147799974	147800495
peak_87870	27.956247113568	1.74922475213035	0.593559198700298	6.43012012250276e-05	0.00126728297087718	chr6	155223873	155224754
peak_48126	48.0827580131396	-1.13811829479761	0.334382406927332	6.49847883670765e-05	0.00127927197671188	chr2	3483220	3483694
peak_74213	23.0172057526615	-1.58701122128143	0.486383110972533	6.49796914627391e-05	0.00127927197671188	chr4	121041788	121042172
peak_33443	20.1696559527735	-1.71802471049523	0.532388425348229	6.54360339552243e-05	0.00128666472319362	chr15	70585142	70585745
peak_82239	22.0739114216307	1.95451266792595	0.686103862812962	6.56228496506737e-05	0.00128934358855077	chr6	4030553	4031079
peak_78458	46.1370789164217	-1.11096296599106	0.326807141950993	6.58213938490028e-05	0.00129224858944369	chr5	80204882	80205776
peak_42217	20.7971395940039	1.90183916027023	0.639869002556291	6.61620980510187e-05	0.00129818795450266	chr18	3458465	3459230
peak_87943	22.6375748303915	1.72532169176776	0.552341294290998	6.6174841990986e-05	0.00129818795450266	chr6	156866228	156866766
peak_24821	46.1468502205571	-1.20446136776705	0.364725861339854	6.64488843329118e-05	0.0013030626217684	chr12	123931586	123932260
peak_10480	30.644872068982	-1.59749308030391	0.519428264038756	6.68160591213753e-05	0.0013094301739466	chr10	21372866	21373387
peak_81246	12.6620904012275	2.33611264912236	0.764491725555761	6.68249580788658e-05	0.0013094301739466	chr5	160475067	160475325
peak_45551	73.5040652241694	-1.0531429498227	0.315296552361349	6.70154675299412e-05	0.00131265871205593	chr19	12365275	12366036
peak_70104	62.231103865392	1.22741673112248	0.382958123657905	6.70782558132295e-05	0.0013133840057194	chr3	191328476	191330025
peak_97408	23.9108229298018	1.51407585787936	0.462466165218518	6.71507456756554e-05	0.00131429862534317	chr8	94928666	94929494
peak_40990	19.8720920096783	-1.71913118813917	0.52709415798547	6.73351410360864e-05	0.00131740195735453	chr17	65547340	65547728
peak_84075	18.4991450726769	1.82833250017569	0.580177860248493	6.75806668025058e-05	0.00132169845707425	chr6	42339953	42340931
peak_99704	18.9249865413272	-1.84847588675404	0.590627022034669	6.76601853540558e-05	0.00132251002101796	chr9	15121467	15122167
peak_106906	82.2641543620223	2.13405046070688	0.74735264557631	6.76740408119066e-05	0.00132251002101796	chrX	119647634	119648668
peak_50407	11.2872178938353	2.6521771844225	0.906562536402035	6.78246047711334e-05	0.00132443711178131	chr2	62313956	62314338
peak_6324	24.7145512070315	1.64063168290549	0.519728587827896	6.81692043436812e-05	0.00132963850522836	chr1	169109005	169109390
peak_5608	40.7114448253059	-1.35332164539252	0.425729839747098	6.82904698035259e-05	0.00133098543325786	chr1	154441267	154442524
peak_79216	19.1123342477718	1.9755234207694	0.657633316055433	6.88132009163231e-05	0.0013401489159357	chr5	107486391	107487192
peak_42840	64.6634845985886	1.00479815416231	0.293640170891691	6.89404726059965e-05	0.00134160264743868	chr18	23828432	23829098
peak_9764	25.2311568329616	1.58716373427216	0.495676906738137	6.93872979966391e-05	0.00134817812393635	chr10	3867273	3868135
peak_25434	10.8795577742437	2.4969575816788	0.80322910085421	6.94105749682839e-05	0.00134817812393635	chr13	24060939	24061351
peak_29825	15.9482376191934	1.92162799405313	0.604265956053849	6.9322093709662e-05	0.00134817812393635	chr14	66649467	66650171
peak_57552	22.7536454886276	1.72773628614162	0.559522451283016	6.93349508922989e-05	0.00134817812393635	chr20	3420054	3420598
peak_61954	99.4080711370003	-1.01845454799653	0.306721187610129	6.9376273200971e-05	0.00134817812393635	chr22	25062370	25063176
peak_78634	64.0120955841686	1.06981718608424	0.31945222815691	7.06214304130118e-05	0.00136960983303074	chr5	87120448	87121797
peak_35032	28.8272876915496	-1.38110431276736	0.419361130080002	7.0653244604909e-05	0.00136970582867905	chr16	4646877	4647730
peak_11847	60.1337051670916	1.03513434917142	0.304378294586986	7.07395693895063e-05	0.00137085810904347	chr10	61987605	61988488
peak_77417	44.8884300005462	1.22590973481962	0.374060322793966	7.14823349754784e-05	0.00138419989785786	chr5	53041015	53041663
peak_13658	57.8352717952733	1.2100077315667	0.375367136896286	7.17764655007494e-05	0.0013886804875035	chr10	103758972	103759557
peak_33034	30.0086403386268	1.31189525604301	0.395421478623089	7.17954294327703e-05	0.0013886804875035	chr15	63668359	63669238
peak_96799	9.52458414564879	2.73935799452241	0.870204679150499	7.20391284656543e-05	0.00139286575803938	chr8	71842201	71842376
peak_13804	13.8326232253385	-2.06645537292273	0.64249979368339	7.21344803695051e-05	0.00139418067328263	chr10	110273569	110273790
peak_12521	48.5262570682304	1.07233819070419	0.31565364741813	7.24134423703573e-05	0.0013990419752539	chr10	77837524	77837995
peak_80547	26.7743891959575	1.45676196091801	0.449197047397397	7.25683481009301e-05	0.00140150371070986	chr5	142783584	142784609
peak_51518	11.002736670886	2.48732894936238	0.818574129942077	7.29522795833908e-05	0.00140731930640892	chr2	96524109	96524569
peak_87291	45.7552334607472	1.23943391993342	0.381687022051124	7.31487195997133e-05	0.00141057512008736	chr6	142822069	142823071
peak_62434	17.5559271951442	1.88967557468008	0.614246515065013	7.35011370572971e-05	0.00141629968783195	chr22	36860818	36861387
peak_66077	53.4576476673715	-1.06246645230464	0.314118212545186	7.3716192696235e-05	0.0014199069893503	chr3	71478611	71479099
peak_80949	43.988423442113	1.16997261459029	0.349538659789611	7.38126207089865e-05	0.00142122744692915	chr5	154075214	154075868
peak_91256	41.8432355344624	-3.14072859181896	1.27965970343882	7.38969582514574e-05	0.00142231419909732	chr7	76153498	76154047
peak_14097	18.7779372053476	-1.82079898222857	0.574741101976754	7.40705325875776e-05	0.00142457946982657	chr10	118621390	118621901
peak_2695	14.9817271956675	2.11705312738455	0.704992863599566	7.48078794753168e-05	0.00143767604332021	chr1	51501301	51501876
peak_41875	32.9684850553893	-1.32724030772681	0.405235303655143	7.49773378843301e-05	0.00144038980760002	chr17	80782608	80783262
peak_31838	20.3319617071611	-1.72298308795154	0.548677511472167	7.56077814141132e-05	0.00145195417822221	chr15	28942171	28942403
peak_78814	14.4079999391217	2.26731065054084	0.790482610978096	7.61528138110835e-05	0.00146022089694317	chr5	94574774	94575610
peak_22722	20.9216598252364	1.68991626322643	0.536792290792402	7.6579371177637e-05	0.00146784805220414	chr12	68119375	68120003
peak_21505	9.77162831048394	2.69723410396218	0.870843031998899	7.67964768122482e-05	0.00147102368239925	chr12	45192489	45192788
peak_13820	23.7540334328509	1.52453562940316	0.472967141680916	7.72965417383758e-05	0.00147936992382614	chr10	110441665	110442221
peak_93704	13.8131358052022	-2.05873636289952	0.64323114875185	7.76438584171623e-05	0.00148545957420542	chr7	142362457	142362790
peak_47078	14.3413908022236	1.97505751423161	0.620082865058047	7.76744945875536e-05	0.00148548828996287	chr19	44741436	44741754
peak_20620	12.7701505705233	2.12224495822249	0.673711723850029	7.82722337016374e-05	0.00149579764149613	chr12	12505925	12506193
peak_7914	20.7276563678429	-1.79268967407913	0.576934590058939	7.83142500752256e-05	0.00149603984800879	chr1	207089332	207089824
peak_45835	38.544648024631	-1.42521917850819	0.461328418004758	7.87523690425273e-05	0.00150215798279173	chr19	16283542	16284135
peak_20223	41.8631114341569	1.20546396086695	0.367533752451334	7.94295043597356e-05	0.00151394119973289	chr12	6340066	6340516
peak_99248	21.4254742919144	1.9046860762268	0.672751928918746	7.99766543758698e-05	0.00152323111692495	chr9	304034	305010
peak_8940	16.5013131114243	1.88312321886346	0.606282156647712	8.03128360765734e-05	0.00152906283054525	chr1	231558263	231559091
peak_11620	40.5638211445487	2.99026142110507	1.25820297240544	8.03802607949482e-05	0.0015292861498542	chr10	50511528	50512229
peak_67277	19.9615189592496	1.83445703428963	0.620495625095406	8.03845542229091e-05	0.0015292861498542	chr3	114298166	114298761
peak_24092	26.5155896343174	1.46948239371468	0.459504904787095	8.06090516500682e-05	0.0015325640204528	chr12	108838191	108838727
peak_49463	25.3703176904079	1.53279697739492	0.482947425440246	8.06347388483161e-05	0.0015325640204528	chr2	37851470	37852285
peak_103057	47.8927828014554	1.05526967736624	0.313369112779477	8.06470259850717e-05	0.0015325640204528	chr9	130242972	130243572
peak_9060	46.7963430424405	-1.07778036533071	0.321133862914091	8.07942737756463e-05	0.00153479017985287	chr1	234768380	234769122
peak_48736	47.2113937412451	1.14334824999311	0.346215436114761	8.10191598399939e-05	0.00153848896968415	chr2	19971434	19972227
peak_8425	23.1303216258485	-1.72401094259394	0.561404867679623	8.10749076721234e-05	0.00153897440155282	chr1	222263850	222264424
peak_103257	49.7783744064091	-1.11411361840455	0.336416497421042	8.11361578004819e-05	0.00153922654586871	chr9	133656438	133657634
peak_102960	16.7980985829585	-1.9442733112676	0.63079441713744	8.1760743475911e-05	0.00154910935223441	chr9	129207010	129207199
peak_45716	23.7885199627405	-1.5386291652263	0.479552566670723	8.36858101716348e-05	0.00158050271689382	chr19	14393623	14394136
peak_76891	12.8859788647351	2.17290602973228	0.713753569286247	8.36574397186556e-05	0.00158050271689382	chr5	32542573	32542953
peak_80075	52.7837286009242	-1.1272456772253	0.343043271037163	8.36966487979702e-05	0.00158050271689382	chr5	134103256	134103844
peak_60752	41.7135491193863	-1.23142193772504	0.381392093600461	8.37342622261165e-05	0.00158062758010395	chr21	33894798	33895227
peak_39530	51.4638260049713	-1.07801355749976	0.324811666355195	8.38132361321818e-05	0.00158094770900312	chr17	38877096	38877820
peak_89927	20.628965777467	1.83724211257887	0.61986486475448	8.41833341357386e-05	0.00158734152154022	chr7	31023797	31024479
peak_18719	29.3137986688269	1.40077858863444	0.438004147302721	8.42160475350289e-05	0.00158737131224436	chr11	110348798	110350039
peak_9850	27.138960871725	1.47555719047954	0.461232818351846	8.44479933702207e-05	0.0015905671924544	chr10	5809694	5809852
peak_46311	15.9783118020614	-1.98005296328712	0.636073975140373	8.4720261533707e-05	0.0015945172589729	chr19	29661080	29661260
peak_61737	34.1100394504252	1.32334692555951	0.413377848267379	8.50602493425047e-05	0.00159973510622536	chr22	21632597	21632802
peak_12109	10.8895386418769	2.4182691718606	0.795531483058862	8.52444513003427e-05	0.00160201754294113	chr10	69054984	69055660
peak_9176	22.1050255928035	1.76608124785498	0.598878625079586	8.57829041660364e-05	0.00160976339779519	chr1	236545607	236546383
peak_100854	37.8782244206162	1.24654835716217	0.383779921847851	8.58788382805748e-05	0.00161097073163112	chr9	69168613	69169317
peak_52076	23.8670620223356	-1.56914717134231	0.499090235452292	8.61563806100366e-05	0.00161439515684797	chr2	108957975	108958357
peak_5966	41.8082272257678	1.43359546197579	0.480815693732201	8.64875257435052e-05	0.00161940983751684	chr1	160623129	160624109
peak_96749	24.1646535983614	1.61703261609487	0.523224847160027	8.66554875677521e-05	0.00162195913697849	chr8	70213037	70213774
peak_5016	29.4207319438112	1.36052191385306	0.421795766571815	8.70917301744248e-05	0.00162832233108133	chr1	117615474	117615924
peak_9879	12.4878019444334	2.11701783111211	0.677177153083225	8.7123196940138e-05	0.00162832233108133	chr10	6135111	6135422
peak_23511	22.3322095056472	1.65937361906941	0.539894816684168	8.77741386280391e-05	0.00163988722319135	chr12	93847524	93848948
peak_75790	69.9936829396481	1.00543783039249	0.303528789978362	8.78515052356304e-05	0.00164073144540068	chr4	184417093	184418217
peak_21881	52.0064413626486	-1.15528928235535	0.357065135619512	8.79349845000959e-05	0.00164111042921414	chr12	51009104	51009434
peak_20096	24.4295726484159	-1.48312560176657	0.461908274895244	8.87100779860245e-05	0.00165373749038225	chr12	3950889	3951750
peak_53295	29.2285290115922	1.38777914113606	0.430700497496251	8.88187132136674e-05	0.00165455276284693	chr2	147297650	147298418
peak_28412	41.2823304389251	1.1935381461874	0.365689395422531	8.88595541307302e-05	0.00165470899448846	chr14	21265692	21265976
peak_18557	63.5627826391329	1.18558697768389	0.377958077570061	8.89388430684744e-05	0.00165558081514759	chr11	105069899	105071700
peak_39685	39.2798884842074	-1.32197361268446	0.419807240696935	8.96100099797863e-05	0.00166564198644892	chr17	40605383	40605711
peak_31091	20.624720750716	-1.85541480511183	0.628451253567198	9.00354154190211e-05	0.0016723299419141	chr14	100093374	100093602
peak_5835	20.9463638153877	1.68389704532582	0.54841416737249	9.02556821856969e-05	0.00167581071082299	chr1	157697125	157698013
peak_67789	18.0940217687193	1.89236428331291	0.638124449398749	9.03982366611227e-05	0.00167723598777438	chr3	128113929	128114698
peak_22580	19.3220431011074	-1.643795913991	0.517337222464568	9.09364605567248e-05	0.00168660835865594	chr12	64688403	64688948
peak_80852	32.5095311703243	-1.43530320688381	0.454916242635489	9.11652713075573e-05	0.00168881340779279	chr5	150790222	150790581
peak_100326	19.3408044659841	-1.6755882541671	0.533115838891262	9.11508879012806e-05	0.00168881340779279	chr9	34363861	34364812
peak_42039	26.8729639674075	1.42472303749341	0.44178784880585	9.14062255229148e-05	0.00169162897078451	chr17	82583698	82584222
peak_64061	25.4870936121558	-1.44077610041185	0.451187750083444	9.14483552915232e-05	0.00169179457289318	chr3	18712867	18713535
peak_13261	13.0470537212967	-2.07094909761048	0.657068929895619	9.16598021017123e-05	0.00169447667511164	chr10	96306470	96306855
peak_58414	19.5936857099706	1.73978181912067	0.567688060156971	9.17069756048958e-05	0.00169473427263183	chr20	32333792	32334706
peak_104308	48.1355073198078	1.1952156800379	0.371508005309217	9.1858305347413e-05	0.00169630117944339	chrX	13742446	13743281
peak_97581	47.0993304357101	-1.23187536748219	0.388760997620032	9.24876825128399e-05	0.0017073052065893	chr8	100218686	100219148
peak_104110	44.9174179226923	-1.09820825816406	0.331644184113053	9.267950094293e-05	0.00171022693994796	chrX	7088954	7089744
peak_14350	32.9691035921232	1.34137207413228	0.42284317930788	9.27260430027571e-05	0.00171046672523103	chr10	124657874	124659033
peak_36255	44.2904132101828	-1.23185728620869	0.388440067801302	9.33907092642376e-05	0.00172210441321751	chr16	50602562	50603550
peak_103430	24.3069947584204	1.62003770936993	0.532113493007795	9.36838979892302e-05	0.00172688619771471	chr9	136766565	136767191
peak_28530	48.2264921082417	-2.46568920117733	0.954122988980918	9.38745410556541e-05	0.00172918650368294	chr14	23020243	23021536
peak_27851	19.783371355897	1.65794168411331	0.528653580308371	9.44231305876876e-05	0.00173799918272341	chr13	101519938	101521012
peak_59285	25.9028323984368	1.60671136702333	0.537447280675022	9.46517786570208e-05	0.00174157906409486	chr20	49675889	49677311
peak_11614	46.5574659760615	2.72386094172208	1.07349421252682	9.53128868037382e-05	0.0017524784877661	chr10	50431511	50433342
peak_57631	23.799935795888	1.50045994437159	0.473925295945132	9.59180604622501e-05	0.00176233449755974	chr20	4949635	4950468
peak_36855	15.4782343722842	1.95907860887567	0.651748651050123	9.66705154500515e-05	0.0017748804107801	chr16	68752613	68752924
peak_69309	35.7970417906936	1.28376477117873	0.402228689584143	9.68787846246366e-05	0.0017780639715161	chr3	171225069	171225765
peak_64541	28.6277901109996	-1.48444334379052	0.483710715403709	9.69684475662025e-05	0.00177906918589795	chr3	33658901	33659799
peak_8408	13.5653236742114	2.14597035283917	0.729733631895565	9.72381398418637e-05	0.0017833754668983	chr1	221800970	221801526
peak_73013	72.0889659412133	-1.00736188287582	0.306280992329113	9.72845321531694e-05	0.00178358473799407	chr4	83114649	83114992
peak_94374	49.6629601362953	-1.05939459209504	0.320643946055433	9.74027013180767e-05	0.00178446788695776	chr7	157622059	157623004
peak_20621	20.5676709063324	1.6065790275565	0.513418280237399	9.75454097944324e-05	0.0017864404683114	chr12	12512030	12512610
peak_18228	69.2518257997594	1.06162047933586	0.327999907984198	9.76257712881728e-05	0.00178727022438017	chr11	95152988	95153647
peak_29377	17.804453685119	1.67312827722112	0.529223083793863	9.79695887409112e-05	0.00179292083687871	chr14	55108002	55108526
peak_7931	22.5596810683388	-1.57640134670955	0.508261391467969	9.84754683220592e-05	0.00180088602147364	chr1	207495941	207496653
peak_57690	14.2784931904046	-2.04807514335668	0.657173149766755	9.88753545675685e-05	0.00180690280572833	chr20	6030606	6031126
peak_98209	56.4895061222373	-1.06431641072939	0.325956927531276	9.92074019514166e-05	0.00181167213320019	chr8	120861304	120861968
peak_80864	26.7281623279061	1.49885038089433	0.484858375696462	9.93849848900216e-05	0.00181426524869411	chr5	151083474	151083625
peak_39197	46.7357572101361	1.07818423807967	0.328140351643726	9.95890169512174e-05	0.00181733916187358	chr17	31318328	31318771
peak_11276	11.4725341397228	2.48560118176221	0.884891308459919	9.9804253956173e-05	0.00182061527449354	chr10	43166577	43167089
peak_106196	41.2158487446503	-1.11759940891206	0.340303550536541	9.99035085954405e-05	0.00182177406625434	chrX	85243387	85245091
peak_27853	19.4963922102372	1.69380439568329	0.552267462669345	9.99681157843622e-05	0.00182230044740132	chr13	101618551	101619138
peak_26319	27.9206196261628	1.4172260225592	0.450900953608784	0.000100155520680177	0.00182506410914921	chr13	45700758	45702302
peak_98688	14.3479313831387	-2.03252860273899	0.653355370651229	0.000100327014377668	0.00182753596107888	chr8	132787034	132787436
peak_80047	22.2896275520013	-1.70671293049184	0.567055338503641	0.000100473197647796	0.00182954516259661	chr5	133825696	133826235
peak_40701	23.9839252012698	1.5263058889146	0.489547561486015	0.000100596924969687	0.00183114416869135	chr17	59783084	59783439
peak_25699	22.7854578679392	1.55587713394737	0.499687045476576	0.000100829460651833	0.00183472194175387	chr13	29758515	29759179
peak_55749	47.9205913370061	-1.0954451691726	0.336744091719138	0.000101294640536557	0.00184252891273525	chr2	206858863	206860022
peak_10763	17.3646902387324	-1.7371456918533	0.55520823488917	0.000101433836507048	0.00184437855135534	chr10	27464976	27465658
peak_77999	84.0929804309932	1.05560223562782	0.331330173189301	0.00010211503616036	0.0018541443139858	chr5	68255478	68256523
peak_32602	40.3467697312201	1.23401200439873	0.39060259944861	0.000102291592908793	0.00185668891279735	chr15	52463706	52464858
peak_60625	74.4301565931979	-1.05618857883105	0.327183505127535	0.000102720589867503	0.00186381209785925	chr21	31354545	31355124
peak_5983	40.8146134646287	-1.18642193103338	0.369003896728695	0.000102977402663076	0.00186780713346837	chr1	160714238	160714696
peak_98009	30.2439159128974	1.38597692053521	0.44376422984307	0.000103079636782304	0.00186899657218441	chr8	115451591	115452595
peak_20456	20.4834168099743	-1.63734061701121	0.529811117765366	0.000103316483033648	0.0018719595607511	chr12	9632599	9633257
peak_29936	23.5673842184758	-1.62836832133244	0.539551392790427	0.000103301078505549	0.0018719595607511	chr14	68945292	68946103
peak_89557	17.9500211430283	-1.79768671227546	0.593643380817452	0.000103709865661553	0.00187775256058947	chr7	22675805	22676534
peak_98347	18.829801250822	-1.93886595399132	0.674646637957346	0.000104325763932607	0.00188756330726328	chr8	124673342	124673741
peak_52446	20.1204372626223	-1.66068593020932	0.539980869542038	0.000106622825917882	0.00192502528408255	chr2	119697729	119697936
peak_10259	29.6357592868426	1.35672736193413	0.431328626847225	0.000106751402752934	0.00192666443212782	chr10	14556378	14556889
peak_10220	27.4884475370518	-1.44964052891429	0.469020383440991	0.000106822622846386	0.00192726760383787	chr10	13718016	13718719
peak_12353	14.0720103552577	2.16708916913431	0.769254877413504	0.000107644367538787	0.0019400338364555	chr10	73478548	73479455
peak_57426	40.3635977933737	-1.16580828113382	0.362697102150814	0.000107618851902562	0.0019400338364555	chr20	1286467	1287599
peak_99473	36.3573691276558	-1.40207256718933	0.461568968563799	0.000107945876270843	0.00194409341135472	chr9	5582913	5583382
peak_83170	13.2378091147988	1.96601674764184	0.633453051280105	0.000108037884561947	0.00194506341182042	chr6	27120852	27121291
peak_79781	15.2064456631073	1.8590267633112	0.605119894169523	0.00010921407085945	0.00196485131151726	chr5	126961714	126962146
peak_7173	37.9809083469031	1.20063896812082	0.375341330065106	0.000109711938361287	0.00197311213026053	chr1	193448797	193449546
peak_1986	21.8154873292553	-1.60058269757186	0.523319563273211	0.000109799934560642	0.00197399840039101	chr1	35286010	35286737
peak_24547	14.6395638091522	-2.052636407255	0.671293294520158	0.000110189189886507	0.00197971717905243	chr12	120074954	120075500
peak_9800	20.4811688811818	-1.60327423364341	0.516340168197668	0.000110309618323066	0.00198079038965371	chr10	4835060	4835916
peak_20942	202.943612546577	1.56611409141887	0.534887485126735	0.000110333124909123	0.00198079038965371	chr12	22333936	22336114
peak_30112	30.1004299780894	1.35203848716843	0.433608200727646	0.000111214022750123	0.00199590220483555	chr14	72593921	72594881
peak_86531	41.4058043359518	-1.1958401966628	0.377929598686991	0.00011203611248702	0.00200994835723547	chr6	127900833	127901446
peak_57028	33.2474873360643	-1.32593009322952	0.426567151845932	0.000112387355925667	0.00201483183165474	chr2	237441064	237441958
peak_7920	41.3045983748696	-1.13696489589953	0.352074031536462	0.000112746794503607	0.00202056522480173	chr1	207328048	207329364
peak_10561	44.0604681124791	1.15047161771609	0.360639784528696	0.00011284884116393	0.00202168342079556	chr10	22646018	22647054
peak_78258	32.1570554193381	1.24271083957524	0.38907370555614	0.00011342945992822	0.00202994539975438	chr5	76174997	76176384
peak_63679	13.0979944815483	2.06861669024675	0.69258510143622	0.000113709942676845	0.002034250925376	chr3	12395036	12395908
peak_21939	56.2178004673915	-1.10671503730086	0.349730615199922	0.000113913199937741	0.0020364580687327	chr12	52014340	52015834
peak_39759	29.9234780216838	-1.38439658878508	0.446040488986117	0.000114148635269852	0.00203876622719893	chr17	42063785	42064374
peak_62875	26.125272721715	1.36619951706822	0.432074512102489	0.000114202258362691	0.00203876622719893	chr22	42202122	42202923
peak_96184	75.8033674713996	-1.00811746391396	0.3141807884824	0.000114111935528282	0.00203876622719893	chr8	52939958	52941927
peak_19368	24.7940247860192	1.5002739412601	0.486939208381173	0.000114403383852705	0.00204164190728527	chr11	123454161	123454779
peak_21142	48.9812578522242	1.06495158893243	0.328150350417705	0.000114709988575535	0.0020449662508784	chr12	28253007	28253804
peak_53291	17.2722196312373	1.81784988370422	0.603731065807887	0.00011468096815621	0.0020449662508784	chr2	147182145	147182553
peak_59181	42.8118221377062	1.13740376217144	0.354718681760826	0.000114704143264826	0.0020449662508784	chr20	47610395	47611164
peak_7927	40.9095590334043	-1.13988065683012	0.354339626803692	0.000114754311565575	0.00204504135948354	chr1	207454006	207455085
peak_67394	37.9438818353999	1.14332959104347	0.354165307956863	0.000115515670051598	0.00205573541125682	chr3	119559572	119560269
peak_22002	43.1343305848632	-1.09313793618602	0.337521460370591	0.000115698886714049	0.00205684220292973	chr12	52870339	52870765
peak_59409	29.9596329610292	1.4018958640335	0.458599730971716	0.000115681984734942	0.00205684220292973	chr20	51423475	51425682
peak_23287	18.94413643951	1.84579166527507	0.646502967908246	0.000116234725358675	0.00206492812095379	chr12	89494380	89495143
peak_66341	57.3217467635855	-1.00023066887467	0.306574828811832	0.000116352139204507	0.00206557457154631	chr3	84958345	84959974
peak_98953	31.3513595044497	-1.29660105556005	0.410503207857387	0.000116661571005086	0.00206945449202183	chr8	141035984	141036489
peak_37777	46.9941605999537	-1.09438798198033	0.340867743932083	0.000117411820814552	0.00208004138153257	chr16	89737198	89738243
peak_25476	31.1726867854645	1.33873912372452	0.43070106185466	0.000117620003395531	0.00208300572876851	chr13	24625523	24626728
peak_960	17.3535929886834	-2.01938179585657	0.721628516009161	0.000118041445741989	0.00208847017666785	chr1	17212742	17213345
peak_97835	308.226019709215	-1.3522875959389	0.450677768597156	0.000118051446458964	0.00208847017666785	chr8	106269789	106271591
peak_10550	27.6312868177844	1.40406970918046	0.454401420082123	0.000118231927338258	0.00209093758143199	chr10	22570395	22571288
peak_105313	29.1310880676083	1.43373597339235	0.471145812976229	0.000118359516937198	0.00209174292220449	chrX	49250509	49251235
peak_9328	25.8468469726928	1.51253299379767	0.502543813845529	0.000118458207361592	0.00209218752712241	chr1	243415702	243416785
peak_31513	40.0196822645604	-1.16043429817537	0.362489997382222	0.000118507778180864	0.00209218752712241	chr14	106209758	106210236
peak_81247	25.0628637391457	1.4185315874202	0.45432130857707	0.000118550471720875	0.00209221680552459	chr5	160477302	160478016
peak_21356	22.5843833392811	1.48128713033491	0.475358035399626	0.000118778021069992	0.00209550732950679	chr12	39467038	39468083
peak_104935	15.2341266501654	1.79277295485641	0.582863722895657	0.000118981080856426	0.0020976381011569	chrX	40201234	40201797
peak_65087	38.625030259107	1.16713877908226	0.365477685045855	0.000119608036924194	0.00210501954088636	chr3	45943054	45943766
peak_108090	56.5546535365093	1.24467162980002	0.416672552888069	0.000119647484201323	0.00210501954088636	chrX	154350763	154351906
peak_55008	46.2398925941159	-1.13010468843933	0.355454467899741	0.000120422802255419	0.0021164691471199	chr2	191193572	191194507
peak_11885	12.9413918031733	2.14348804534142	0.743596695787368	0.000120754216427941	0.00212156253576671	chr10	62240044	62240321
peak_57949	19.6477377794766	-1.6760030010571	0.552768824999439	0.000120878286704339	0.00212301079087408	chr20	18805457	18806302
peak_54411	34.5068642900807	-1.24834157235445	0.394580817644727	0.00012164533634132	0.00213354286848936	chr2	174902550	174902898
peak_83083	21.4538054943882	-1.56804475876714	0.510081942857892	0.00012160914483088	0.00213354286848936	chr6	25369500	25369952
peak_99450	26.4970180666077	-1.47625503726679	0.485282422413039	0.000121746685718898	0.00213458614788987	chr9	5178189	5178786
peak_17763	21.7140114989663	1.52886156274654	0.497222557800123	0.000121931355665868	0.00213635467353262	chr11	76664866	76665351
peak_56397	19.8687640253306	1.69639218432333	0.566627624371122	0.000121900854848847	0.00213635467353262	chr2	224520148	224520464
peak_36079	62.0995747609809	1.02073889247138	0.317750074908631	0.000122018330737636	0.00213641023729021	chr16	46620838	46621988
peak_31995	44.3116430342656	-1.07944250150887	0.33296202615409	0.000122177674388146	0.00213712119614128	chr15	33125887	33126958
peak_55401	43.7275069502801	1.33495729406692	0.453770416989557	0.000122169001323338	0.00213712119614128	chr2	200702728	200704368
peak_64459	22.661335447337	1.62264372732228	0.545213711251375	0.000122184683771071	0.00213712119614128	chr3	32438963	32439646
peak_32075	24.3345555363649	1.45779802972163	0.471410877328346	0.000122398432703678	0.0021401256823833	chr15	38072374	38073076
peak_3919	15.2519701454862	1.82321088839698	0.594695448768071	0.000122563468423974	0.00214154249522437	chr1	89721429	89721844
peak_37214	28.4485982000925	1.29412906143507	0.408885669127479	0.000122799724131421	0.00214493550344797	chr16	79278396	79279240
peak_837	60.6746820879929	-1.03596516191633	0.323257990685218	0.000122906776331149	0.00214533546662785	chr1	15696915	15697860
peak_14920	20.5664115484194	1.81820367924305	0.669937422822724	0.000123204596126901	0.00214906244889708	chr11	1325852	1327384
peak_34438	32.4357914060917	1.29067864434026	0.412693477730919	0.000123367995435154	0.00215117668100437	chr15	95839217	95839914
peak_20123	35.0111040733619	-1.29266712877378	0.415930447031762	0.00012379956341694	0.00215739134636091	chr12	4250810	4251535
peak_77918	14.5824670050441	2.13759960233026	0.77005396542894	0.00012380902756545	0.00215739134636091	chr5	66012410	66013129
peak_97560	22.8950478583761	-1.61271805614364	0.534377795166181	0.000123856124773999	0.00215747467636731	chr8	99699515	99699999
peak_90918	46.3122638413217	1.19669837481932	0.385952134742458	0.00012396475802018	0.0021578925067999	chr7	65980652	65981101
peak_10339	24.7235250212894	1.5341148749479	0.509097451709919	0.000124871813345027	0.0021707174480769	chr10	16779379	16779917
peak_42736	24.7617436734658	1.44588110815365	0.468462048840606	0.000124942697210306	0.00217120939330765	chr18	21735579	21735847
peak_91132	19.0608088513126	1.93565790209877	0.713573723734212	0.000125538354510156	0.00218028730914408	chr7	73823757	73824327
peak_7184	11.9789649207057	2.29297765755052	0.807012209211997	0.00012610270924182	0.00218689548755219	chr1	193525714	193526307
peak_67377	30.8933885171251	-1.43088389906797	0.479741158502463	0.000126480779492041	0.00219196091882433	chr3	119206698	119207829
peak_79941	13.6858419909083	2.23563761628312	0.837665563670086	0.000127276075672413	0.00220499422162204	chr5	132059101	132059345
peak_87804	29.7272210050172	1.35192601834127	0.435665029514141	0.000127853454935912	0.00221364047977912	chr6	154229701	154230205
peak_65706	43.7697788875365	1.19627095227053	0.386348907165183	0.000128136375649709	0.00221763789846437	chr3	59424416	59425168
peak_69619	51.4362311665272	2.14835086842337	0.823274263565846	0.000128940073082185	0.00222927723505198	chr3	179608953	179609517
peak_49684	18.0989654859112	-1.75972227369493	0.591793318479573	0.00012927995047067	0.00223405026522357	chr2	43051382	43051621
peak_53006	21.9462965053265	1.58925043495745	0.529548048448962	0.000129303776187086	0.00223405026522357	chr2	134665639	134666126
peak_101560	13.9440295966334	-2.03883106339495	0.685216915371489	0.000129532591349628	0.00223724549544449	chr9	91047600	91048159
peak_27604	18.2915631133394	1.74010878134793	0.592484701854133	0.000129860761314441	0.00224139498184769	chr13	97339507	97340698
peak_97234	30.3356986911782	-1.30028483820571	0.415138246718832	0.000129849096048096	0.00224139498184769	chr8	89241309	89241855
peak_10921	27.4340871037547	1.62692442997021	0.588912897048623	0.000130135186896338	0.00224461185355098	chr10	30746282	30747846
peak_63651	17.2629271926075	-1.84679883754063	0.639004114893655	0.000130127116457843	0.00224461185355098	chr3	11582321	11583054
peak_73197	51.1831336967251	-1.0339282571822	0.321643683737587	0.000131091222689332	0.00226033719311407	chr4	88737496	88738342
peak_47568	52.1928497766958	-1.02111979005785	0.316787369495899	0.000131325443425521	0.00226361022937579	chr19	50147555	50148470
peak_37761	26.0777505851719	-1.43980658790917	0.470929338153483	0.000131575876048239	0.00226639446493092	chr16	89548588	89549390
peak_17756	12.2040618859717	2.37235591267217	0.905849063149172	0.000131695698272438	0.00226769229048245	chr11	76592495	76592751
peak_26158	15.6841817670752	-1.86209798874684	0.625615058560766	0.000132013170936448	0.00227066350871105	chr13	41587599	41587829
peak_94558	14.0657709081833	2.03598720645202	0.710593108674983	0.000131930888659168	0.00227066350871105	chr8	1466424	1466911
peak_105974	51.2413015877721	-1.12187056680892	0.358398345794865	0.000132107610046879	0.00227067876243084	chrX	74924100	74925440
peak_103164	27.0948880853637	1.56356608117156	0.547478067840359	0.000132209063144337	0.00227076071781101	chr9	131839271	131840356
peak_62688	32.1422925343603	1.23404051255708	0.391436711365653	0.000132364619793423	0.00227153904570429	chr22	39910149	39910512
peak_19899	50.0983776048422	1.07299266311191	0.337991964668935	0.000132972706430984	0.00227954090968487	chr12	661603	664041
peak_75781	38.2852490871468	1.26661901221401	0.414535042514774	0.00013305296744312	0.00227954090968487	chr4	184282325	184283458
peak_29375	23.6770816478512	1.49697144493432	0.493294745122276	0.000133138508166431	0.00228021497392463	chr14	55097958	55098555
peak_21488	28.3212474945801	-1.63767290123498	0.599322100207955	0.000133201792988472	0.00228053277948632	chr12	44835542	44836241
peak_44548	58.8132139935517	-1.03399185920571	0.325844760520599	0.000133935099140027	0.00229154864589041	chr18	79506440	79507799
peak_9674	19.7296473151482	-1.66250906436889	0.560389624128988	0.00013399190897416	0.00229175158368216	chr10	1897063	1897792
peak_70423	23.4407163727347	-1.62153729148719	0.558682677630625	0.000134064124164114	0.00229221778492002	chr3	197458277	197458580
peak_55919	16.6167269863812	2.00067971153355	0.750231487988616	0.000134129576711175	0.00229256808521488	chr2	213037497	213038191
peak_37528	12.8944068473626	-2.03040358697484	0.673916151007157	0.000134911830862442	0.00230516575346932	chr16	86045399	86045750
peak_75305	28.3590902102422	1.44970334154883	0.48820650439633	0.000135320964678135	0.00230829513433171	chr4	163496001	163496218
peak_75995	16.5272223665088	1.76598973174354	0.59448003984779	0.000135366619300432	0.00230829513433171	chr5	251987	252813
peak_76995	28.923040063094	-1.33727580111055	0.432123658585709	0.000135344928667956	0.00230829513433171	chr5	35822170	35822897
peak_45144	47.6524469437886	1.19952285505408	0.392461943337866	0.000135671800497125	0.0023123224118988	chr19	5974772	5975212
peak_64496	35.0288482091722	1.39133227382888	0.476468437479384	0.000135751984736181	0.00231254617232172	chr3	32960625	32961493
peak_11628	41.8796408781424	1.27508972578014	0.425294938875992	0.000135962509316747	0.00231535888444345	chr10	50604094	50605646
peak_96730	63.610606217008	1.02542149243451	0.323685390497083	0.000136221668074825	0.00231822362098231	chr8	69832492	69835064
peak_97420	27.3718203196169	1.35800404667438	0.440933336768742	0.000136205993559255	0.00231822362098231	chr8	95100334	95100988
peak_25659	20.2238236012457	-1.66646651999805	0.565741188757027	0.00013673478506578	0.0023254035194676	chr13	28505626	28506015
peak_65211	12.7734057637412	1.94006104371634	0.640696110536989	0.000138893705556365	0.00235847473629389	chr3	48013448	48013955
peak_91654	43.5409530281325	-1.20365472690027	0.393123305430745	0.000138910674167233	0.00235847473629389	chr7	91084972	91085624
peak_695	41.4727110397236	1.13940461158278	0.363724175486466	0.000139312213429531	0.00236371797468156	chr1	12046770	12048023
peak_722	48.3630089629975	1.07334319040549	0.339668399916637	0.000139302244969273	0.00236371797468156	chr1	12210370	12211215
peak_4696	46.4095133981979	-1.07906617099094	0.336768172200054	0.000139627541741043	0.00236828005429435	chr1	111225677	111226355
peak_21487	38.3677517846884	-1.17157783118477	0.373481581992101	0.000140348800886432	0.00237594768102115	chr12	44827797	44828483
peak_69967	16.0780770806107	1.84049987826206	0.633913602076141	0.000140359204786327	0.00237594768102115	chr3	187994012	187994598
peak_98754	50.004549453131	-1.01546374823597	0.315709172691589	0.000140279899386276	0.00237594768102115	chr8	133519711	133520845
peak_85310	15.9972813322578	-1.75691855701423	0.577538831907347	0.000140634071894768	0.00237902083265648	chr6	90173522	90173826
peak_94035	50.9776556479991	-1.00285625224178	0.311644949529936	0.000140945215337727	0.00238349344915734	chr7	150676553	150677684
peak_30057	14.6860290348144	1.81846602767022	0.606204658846118	0.000141264244980941	0.00238809641730712	chr14	71143317	71143643
peak_100468	49.1864350852952	-1.03637942415507	0.324907858983718	0.000141574622754388	0.00239175736108524	chr9	36492935	36494038
peak_12181	29.8514786342119	1.24016307161651	0.395227696787919	0.000141661780671734	0.00239243708159292	chr10	70272717	70273339
peak_61958	54.6930220903178	-1.12570655206364	0.364382198160728	0.000142568683844363	0.0024069559319499	chr22	25110855	25111708
peak_2238	22.2929226106373	1.54568421898106	0.51863983882201	0.000142912424429593	0.00241196056668892	chr1	40014070	40014749
peak_102223	27.806484992372	1.33178894688671	0.434012754627776	0.000143291100855447	0.00241755131310914	chr9	109974123	109974774
peak_96575	22.8746624857849	1.589962975392	0.548895475683214	0.00014342652383138	0.00241903564143788	chr8	64798323	64799463
peak_67788	32.2516731568297	1.25198234439224	0.404248687702086	0.000143491248625639	0.0024193269849295	chr3	128112462	128113094
peak_10194	26.1519234792085	1.44386323927865	0.480170094858298	0.000143935942500412	0.00242441954553222	chr10	13116012	13116928
peak_83039	42.4016960501344	-1.20555034628701	0.394113663179007	0.000143921324501509	0.00242441954553222	chr6	24899415	24900584
peak_46696	24.8567967919339	1.62426678309819	0.583563123244087	0.000144717904622176	0.00243678569520022	chr19	38693452	38694248
peak_55936	73.5923792006575	1.80753186756668	0.662268173326111	0.000144870465451475	0.00243854920815744	chr2	213118919	213120197
peak_41304	35.8323430647185	-1.28977895090106	0.42731006719342	0.000145116232865443	0.0024410743150371	chr17	73644724	73645498
peak_3325	30.2243390034524	-1.37477853587633	0.459345045123596	0.000145712067498407	0.00245028874454941	chr1	69566939	69568216
peak_95617	44.9708081254449	2.19706409289148	0.868735279320852	0.00014608338737083	0.00245491350971956	chr8	29990276	29991502
peak_98739	46.6416119487853	1.14410373993808	0.370848484538806	0.000146055165636494	0.00245491350971956	chr8	133302968	133303843
peak_42863	37.0965835033634	1.15772655857683	0.368004390101664	0.000146402942848016	0.00245830537855037	chr18	24009754	24010314
peak_79141	30.3246502273878	1.33554621811715	0.439070064715044	0.000146653406817595	0.00246043784139582	chr5	102762150	102763068
peak_71250	18.9386571064642	-1.66926218397174	0.562280872968459	0.000146851132045459	0.00246294467712821	chr4	17651604	17651987
peak_39097	47.421997170221	1.02143453380654	0.319209595711222	0.000147137817452577	0.00246572400857863	chr17	29154751	29155767
peak_11369	34.921739624107	-1.3450338737012	0.456123444511108	0.000149681612019694	0.00250476346247341	chr10	45420563	45421677
peak_75032	28.3269965166428	1.51950167034652	0.538276154818224	0.000149737556066743	0.00250476346247341	chr4	152458872	152459656
peak_14081	34.7163985620296	-1.25146526954002	0.408942454648079	0.000150369776324493	0.00251368964448545	chr10	118035086	118036209
peak_6582	21.6141786534888	-1.49078316467439	0.488351155649543	0.000150728150344791	0.00251885462913128	chr1	175297031	175297903
peak_66554	13.7270484806146	2.05231416554144	0.738065401587449	0.000151051451108786	0.0025226037622773	chr3	98540282	98540852
peak_57455	23.9271440075362	1.43339905252758	0.468640082238619	0.000151119649006389	0.00252291631442034	chr20	1660242	1660588
peak_78471	17.7226808809126	-1.67660977568336	0.562131224147246	0.000151412602659431	0.00252697969204378	chr5	80270141	80270769
peak_87681	31.6846487494016	1.38971607367004	0.474954606641959	0.000151974109412693	0.00253552092359802	chr6	150632478	150633796
peak_65894	36.5662964248689	1.30128063964725	0.436649948029005	0.000153292669677073	0.0025557993469224	chr3	66480815	66482070
peak_37520	36.1342678599136	-1.41574588949313	0.497580896675363	0.000153677731912736	0.0025589199344555	chr16	85898692	85899342
peak_55918	34.7759696028639	2.36783077066745	0.980735449157518	0.000154077082241654	0.00256473199972999	chr2	213021988	213023250
peak_46539	26.1199672996153	-1.45598578024152	0.492277684447768	0.000154500078760121	0.00257093375184841	chr19	35346706	35347705
peak_69585	20.2421256095988	-1.68359889324484	0.585309852797226	0.000154691275333082	0.00257096036673422	chr3	179038644	179039152
peak_75567	29.3903609924409	1.41488104475148	0.48004745909319	0.00015470337749854	0.00257096036673422	chr4	174591227	174592071
peak_105016	19.0665454170203	1.8288188198684	0.677275407956431	0.000155310880322252	0.00257986275270192	chrX	41560855	41561437
peak_76533	19.3032789442598	1.63485955130942	0.557838941963398	0.000155934074334296	0.00258888137870675	chr5	14678780	14679351
peak_1524	18.874849793484	1.68488852878968	0.581075937336019	0.000156263515695077	0.00259266241823273	chr1	26838794	26839254
peak_76428	41.166403211016	1.07126110718865	0.338972530079429	0.000157025136975308	0.0026036044337636	chr5	10961961	10962809
peak_2844	25.5516827272348	-1.35038519312281	0.440896715070162	0.00015712330444786	0.00260438517574077	chr1	54604580	54605097
peak_34038	30.4960845155426	2.67379011149658	1.17002427400278	0.000157563422359624	0.00260998331787778	chr15	85318107	85318896
peak_26185	22.8044738341957	1.43749022396747	0.474484945611904	0.00015860190147235	0.00262600604171656	chr13	42377594	42378115
peak_11590	15.4803593141472	1.96925572789456	0.697845492310315	0.000159247295789215	0.00263359799646737	chr10	50260796	50261266
peak_30725	34.6036300812848	1.17919920049324	0.379654029516846	0.000159539295743113	0.0026375715086765	chr14	91968314	91969122
peak_83950	35.0264228065316	-1.15724545871209	0.371002600044879	0.000160665113103311	0.00265360267466324	chr6	39933843	39934624
peak_66833	17.8575468349932	1.71218495955595	0.582590837708638	0.000161214767173231	0.00266181869141656	chr3	105806245	105806663
peak_43340	29.7772919822423	1.30920692297602	0.433211138625691	0.000161390923967433	0.00266300247553512	chr18	44759288	44760435
peak_89727	27.4909853076284	1.36901876032906	0.456655728160129	0.000161469768120704	0.0026634414744103	chr7	26166633	26167748
peak_57764	45.052089567848	1.10707525590855	0.357244685895383	0.000161639597099403	0.00266538049731894	chr20	10501335	10502617
peak_11908	47.4482956513427	1.1026328233487	0.35614000295479	0.000162536040944669	0.00267929601797765	chr10	62632142	62632681
peak_57109	19.034499732529	1.55227991485537	0.518505474641149	0.000162617226521932	0.00267976790932361	chr2	238439207	238439822
peak_69102	23.7562608756215	-1.46986394756702	0.491374725617977	0.000162862409251933	0.00268294113024848	chr3	161395039	161395611
peak_72164	26.8191389267252	-1.41647883602797	0.474997822258984	0.000163008427147134	0.00268447922045341	chr4	54958121	54958643
peak_27804	24.2948251340478	1.49285993911425	0.510455428177882	0.000163761039322194	0.00269513245670799	chr13	100203557	100204237
peak_61283	55.4686367966207	-1.12816713061983	0.373978645862871	0.000164721091367828	0.00270918373047745	chr21	45152143	45152600
peak_26449	14.1412140726632	1.84092176299594	0.625491082741098	0.000165533695394933	0.00272079335699743	chr13	48749602	48750263
peak_36817	23.1466778214725	-1.51237667351079	0.509633535434724	0.00016702588504885	0.00274090176218239	chr16	68281608	68282011
peak_12107	25.219342726424	1.48236737591429	0.507748769557045	0.000167188582257512	0.00274268888512919	chr10	69043896	69044650
peak_79820	20.6646357656441	-1.54925753544763	0.524280950991524	0.000167731498688621	0.00274894188111154	chr5	128197984	128198283
peak_80915	39.9337793437062	1.12425526232061	0.362228676705639	0.000167945451479479	0.00275156387825601	chr5	152026386	152027219
peak_35310	32.0821493201575	-1.34864428467232	0.456860888548064	0.00016853960753561	0.0027586389822827	chr16	14309137	14309672
peak_16693	31.5843947495693	-1.22731847696656	0.399632225281675	0.000168884061115932	0.00276338983955613	chr11	57482830	57483391
peak_90153	20.8667641550674	-1.55039818646983	0.525057292055947	0.000169578510277118	0.00277208397723281	chr7	37363310	37364074
peak_25168	11.0856900260694	-2.21401309477126	0.759612802090973	0.000170872012242461	0.00278875813578557	chr12	132847424	132847701
peak_25814	37.3411459885419	1.25009919070437	0.418553214336446	0.000171173793910724	0.0027927894580263	chr13	31846208	31847078
peak_77752	30.1437023617554	1.35333422954397	0.458223104738347	0.000171355844820331	0.00279397157147726	chr5	60688155	60689180
peak_97014	34.4280481668768	-1.30957072402196	0.443752403131546	0.000171301325597763	0.00279397157147726	chr8	80893688	80894211
peak_65983	15.3621182202087	1.97309425426087	0.742993980492793	0.000171645548679992	0.00279695740481056	chr3	69204247	69204838
peak_55013	50.4561305325087	-1.19467074942887	0.407456095399846	0.000173216737397672	0.00282070538899958	chr2	191245100	191246156
peak_100745	24.4520059465033	1.56297169269239	0.544181664969324	0.000173291490928819	0.00282102169747661	chr9	63337934	63338631
peak_85663	41.5028482710646	2.32736883658875	0.991548036269175	0.000173483421612804	0.00282324472848721	chr6	105458676	105459976
peak_39665	27.7551268472141	-1.29548695413511	0.425002025757863	0.000173778259470646	0.00282714050330898	chr17	40515345	40515891
peak_66063	44.6461690491941	1.07420565906202	0.345645750174976	0.000174259892988243	0.00283316801782479	chr3	71392265	71393488
peak_98118	38.8047463504859	1.24620121531088	0.421477268725938	0.000174562634383193	0.00283718536074641	chr8	118099147	118100055
peak_29725	16.9608958506753	1.80172787761227	0.641337288395566	0.000174736474629266	0.00283910576655441	chr14	64445203	64445855
peak_79496	22.5714360168834	1.50213769554086	0.514741207239264	0.000175133570825408	0.00284374530003321	chr5	115209274	115209802
peak_21533	16.2748982857718	1.87524983910922	0.693135742637577	0.000175568136160267	0.00284898694788905	chr12	45878591	45879580
peak_67503	18.5644018195736	-1.80787926615784	0.664763974386325	0.000176022362798926	0.0028554489944849	chr3	122322435	122322758
peak_59234	15.5474889058945	1.79216673551183	0.625937516137166	0.000177127164043875	0.00287063114619866	chr20	48789273	48790119
peak_3284	50.372214173889	1.00038101905498	0.317694036665454	0.000177683557605864	0.00287809581854277	chr1	67736072	67736746
peak_55906	9.69888682551086	2.28031235613193	0.785347496015485	0.000177700655803018	0.00287809581854277	chr2	212727866	212728053
peak_82029	15.9358573192602	1.70231731125637	0.579854329111775	0.000177898892536485	0.00288039153218966	chr6	255603	256193
peak_81817	40.0257191376328	-1.13602571835774	0.3680763712884	0.000178150512831963	0.00288263473413217	chr5	177826056	177826440
peak_48451	53.7085875130114	1.01455622988741	0.325416344374759	0.000178279462260265	0.00288380604784324	chr2	11103517	11105124
peak_50345	16.2044596371829	1.77880719319576	0.625780647098707	0.000178385911495686	0.00288461277625088	chr2	61327082	61327748
peak_1756	32.4703481999537	1.19333655042083	0.387836336473009	0.00017903326819604	0.00289324570911039	chr1	31010001	31010761
peak_98526	13.3428757716713	2.03032838552032	0.722124395132127	0.000179530878535604	0.00290036798891518	chr8	128273670	128274398
peak_58410	46.6869993951556	1.01273289322691	0.322014069695882	0.000179955801511012	0.00290263413345159	chr20	32284009	32286330
peak_83243	29.5140536307008	-1.31640555444153	0.439677360544568	0.000179924892915756	0.00290263413345159	chr6	28489227	28490418
peak_87969	13.1191614076498	1.94503099023428	0.67207507966961	0.000179861215966777	0.00290263413345159	chr6	157107805	157108371
peak_5113	50.2663489865513	1.01735071198004	0.324683385738876	0.000180048237804848	0.00290285142759244	chr1	120561810	120562199
peak_82796	15.1288713010387	1.81842300952164	0.636843373234241	0.000180083141754107	0.00290285142759244	chr6	16691395	16691887
peak_96925	14.7464042280449	1.96707114331138	0.728338555123546	0.000180285657176734	0.00290465215549669	chr8	78560589	78561247
peak_43345	30.2507364820983	1.37457411606758	0.473380214237542	0.000180955170216584	0.00291414412781514	chr18	44839181	44839778
peak_36482	42.2602133503025	-1.13451033655714	0.372299266942323	0.000181307061207902	0.00291796774707895	chr16	57284253	57285047
peak_77705	24.061937370381	1.37387920820313	0.455644096274564	0.000181707926707555	0.00292301447520878	chr5	59098981	59099676
peak_48050	31.6690719941755	-1.24997791537227	0.413758287404981	0.000183371951516927	0.00294469364410773	chr2	2057051	2057842
peak_40974	22.9211924922427	1.6451032055817	0.605104581270251	0.000183583391708173	0.00294623317898423	chr17	65181266	65182339
peak_29902	18.7362710658946	1.56092434487977	0.52910315346358	0.000184682034912832	0.00296200007299958	chr14	68663046	68664166
peak_73979	30.8061516179997	-1.29211880113784	0.432217263038779	0.000185451105174697	0.00297339938630098	chr4	112296893	112297434
peak_48878	21.5608634681412	1.48079153347336	0.498879925540467	0.000185788901954044	0.00297694310340317	chr2	24613194	24613837
peak_65475	29.4880246160819	-1.3847892296818	0.479665707384913	0.000186370836913406	0.00298532940335121	chr3	52720891	52721498
peak_94966	54.3851650255199	1.04084964839553	0.338448754020484	0.000186506867368081	0.00298657008154176	chr8	12521905	12523292
peak_6965	44.0372828047641	1.15294937576723	0.38261214737288	0.000186662073185721	0.00298811694299753	chr1	185559739	185560501
peak_78302	48.5282977343391	1.27307110705505	0.44893911227324	0.000186999112419055	0.00299257273879408	chr5	76738761	76739435
peak_44964	44.0034350449223	-1.04488945796436	0.334612030022145	0.000187333846499605	0.00299698886025381	chr19	3554325	3554606
peak_77707	36.1794514565032	-1.22471004929422	0.405640320755755	0.000188105127430222	0.0030081431426855	chr5	59123659	59123931
peak_6293	20.9970469967507	-1.47006815712003	0.492567089562245	0.000188702308517981	0.00301509743093005	chr1	168443864	168444363
peak_77596	26.4676949789568	-1.3386592545126	0.446356519063347	0.000189125397438392	0.0030209108752487	chr5	56587527	56588076
peak_25658	34.5414613061267	-1.23348923419033	0.413021077936798	0.000189194939104178	0.00302107521614958	chr13	28494617	28495500
peak_87273	25.2414951367238	-1.47628862257551	0.516031095373055	0.00018941935994089	0.00302264659175483	chr6	142680093	142681022
peak_84140	30.9010081839688	-1.30722476656554	0.440883713575975	0.000189817586280751	0.00302627875363051	chr6	43141958	43142425
peak_79682	18.6918633361715	1.68337521395894	0.596364179371826	0.000189948588926231	0.00302742067989773	chr5	122864271	122864945
peak_20416	31.723394486665	-1.27978714399494	0.430208397212179	0.000190722064828959	0.00303784917131187	chr12	8960124	8960534
peak_100310	17.4014995502619	-1.69743871598827	0.591981720301579	0.000190924749198224	0.00304012781468477	chr9	34171738	34172090
peak_208	25.1214368800833	-1.39881714627467	0.475744394989194	0.000191180008563861	0.00304324193463534	chr1	2894511	2894976
peak_13688	38.3048225528475	-1.20940549300416	0.407457189618591	0.00019242258317036	0.00306111008596691	chr10	104300175	104301287
peak_73237	29.1450980548166	1.22053903614032	0.400395000409058	0.000192368287695001	0.00306111008596691	chr4	89289397	89290275
peak_85202	32.2462010340907	1.44664689512549	0.531869121296051	0.0001926350085137	0.00306353354462867	chr6	87718173	87719363
peak_87373	20.5986729479274	1.62838034165107	0.581645359199181	0.000192862950216666	0.00306620217641001	chr6	144046538	144047158
peak_87886	14.0166246032522	1.96848730683961	0.721520322555667	0.000193516011589495	0.00307466730037457	chr6	155420367	155420897
peak_69582	14.5173843919158	-1.89291033767116	0.674476200486413	0.000193846190611925	0.00307799497805655	chr3	179027466	179027975
peak_91314	16.8089619743076	1.83557501572728	0.674846472372746	0.000194097584937628	0.00308102723089349	chr7	77154959	77156051
peak_82156	28.3518811705406	1.25819169810687	0.415054718868255	0.000194184624508719	0.00308144950675429	chr6	2853794	2854180
peak_83425	30.7524071780331	1.22276655566471	0.402968744066105	0.000194665199930861	0.00308811446287334	chr6	31332726	31333423
peak_50374	13.0036669017272	2.13040515241848	0.796614188264798	0.000194807887133822	0.00308909939729546	chr2	61762443	61762610
peak_76305	20.0310493881846	1.53441203924662	0.526234518834607	0.000194909048780048	0.00308909939729546	chr5	6847929	6848440
peak_56142	25.1610111240089	1.33943364046215	0.449467478423922	0.00019628438361977	0.00310993026203779	chr2	218284435	218284644
peak_68204	17.1133063629816	-1.66514328236327	0.571158867771891	0.000196739320182082	0.00311616992196447	chr3	137130872	137131557
peak_37982	17.1113742079445	-1.82134984751138	0.657860398035191	0.000197244497078243	0.00312320121988549	chr17	2250522	2250986
peak_48336	16.0023094243529	1.71717403974635	0.596434137257837	0.00019749244785922	0.00312615645655082	chr2	9596440	9597147
peak_2511	21.6473121348653	-1.49403685471083	0.510985773112385	0.000198615314012377	0.00314100508692154	chr1	45162710	45163632
peak_19632	35.9516945537967	-1.13985909209872	0.371804146334142	0.000199165533954136	0.0031487298958715	chr11	128866901	128867665
peak_78460	22.1796709896041	-1.42024580069033	0.477604079070576	0.000199958356351372	0.00316028417759798	chr5	80218564	80219181
peak_106725	22.1840668278079	1.68101183442973	0.638214521440501	0.000201347987888698	0.00317732234927056	chrX	111122911	111124090
peak_31516	57.8542713824587	-1.0859644960816	0.361518790660624	0.000201714240701192	0.00318113277958274	chr14	106228569	106229077
peak_87590	51.0742272872664	1.01261749010302	0.326482439033344	0.00020166152494136	0.00318113277958274	chr6	149480888	149481414
peak_72466	73.608313059062	-1.75898331614552	0.669763537193066	0.000201997860355318	0.00318462056526786	chr4	69661003	69661779
peak_39670	49.000405505387	-1.02013875669653	0.330218932453931	0.000202937403644654	0.00319745564345683	chr17	40547299	40548242
peak_19983	33.7915677475311	2.26758592259366	0.970198755729116	0.000203586552416221	0.00320372344490538	chr12	1993528	1994644
peak_40849	36.5144325215232	-1.14851191685856	0.377469920770395	0.000203577465974351	0.00320372344490538	chr17	63706951	63707612
peak_9749	15.6069704449431	1.71620222733631	0.590183330057859	0.000204849981468516	0.00322062323624846	chr10	3739970	3740614
peak_70194	16.2114191214912	1.68696673537694	0.584088649340013	0.000205325109915601	0.00322610356060303	chr3	194497804	194498768
peak_107040	28.4913382173805	-1.30716571665018	0.438414120007335	0.000206772896603818	0.00324485161780309	chrX	123803475	123804031
peak_67398	24.3408335058402	1.42759651360757	0.496071233212842	0.000207219253943647	0.00325085565586793	chr3	119600667	119601205
peak_90762	37.8671024231801	1.16774294050589	0.390197603404034	0.000208244923959304	0.00326393350537628	chr7	55569836	55570433
peak_17810	19.0366248530178	1.57540264639562	0.547979125969726	0.000208477690632064	0.00326657760742669	chr11	77631000	77631466
peak_22211	21.5313328461014	1.47298325039137	0.507759005772103	0.000208748792470219	0.0032698205630988	chr12	56031921	56032416
peak_14357	42.9852742640652	1.02611489304322	0.331363037536624	0.000209473281907186	0.00328016116441025	chr10	124696528	124697282
peak_53231	22.3350102985268	1.61909674162698	0.605566041921894	0.000209639696801554	0.00328175915908015	chr2	144233947	144234919
peak_43521	23.2463221044197	1.39034258440333	0.473372541320924	0.000210384764225401	0.00329241178293318	chr18	48868369	48869255
peak_15335	27.8174332638499	-1.32029621199902	0.448396296322714	0.000211963288350239	0.00331176692117084	chr11	9280453	9281092
peak_23725	13.8150184471079	1.81127660419682	0.627417208948778	0.0002119953873107	0.00331176692117084	chr12	98725986	98726230
peak_30714	18.7071181650885	-1.74929151263001	0.644609924321958	0.000212011282130421	0.00331176692117084	chr14	91714753	91715103
peak_43352	23.7317773895707	1.38826815068607	0.475910512158019	0.000214791319105335	0.00334801290000141	chr18	45212397	45213105
peak_2520	17.0065271837205	1.6637196068212	0.583423905399468	0.000214889723103118	0.00334852305077494	chr1	45393685	45394646
peak_2283	19.9818192436759	1.61184749506281	0.586060517151616	0.000216984873893489	0.00337601183409625	chr1	40698920	40700130
peak_9013	9.70401765274045	2.25798947882088	0.794404427706762	0.000217088265728428	0.00337659009043003	chr1	233598984	233599381
peak_22661	21.6697116303415	-1.42952930612621	0.486607288138085	0.000217629917309045	0.00338295090363384	chr12	66776935	66777619
peak_14140	23.2790823663819	1.40724247362571	0.480973753132269	0.000217885079337094	0.00338588499088115	chr10	119271068	119271279
peak_47514	15.7519184682237	-1.73635337310348	0.610971107900667	0.000218263146392586	0.00339072662461072	chr19	49554080	49554255
peak_82024	18.9379086233827	1.62975575288405	0.580131087899156	0.000218588660299446	0.00339450519136173	chr6	215701	216031
peak_33173	12.8012729567403	2.09494313356785	0.781247660068041	0.000219479961011409	0.00340444335020617	chr15	65630940	65631830
peak_93579	14.1671485272573	1.79381158073001	0.63109532987507	0.00022057230099119	0.00341826727609022	chr7	139830728	139831421
peak_12125	49.47403176569	1.03241204821213	0.339263314235063	0.000221148561857327	0.00342511560597134	chr10	69221988	69223003
peak_98506	27.5792580024228	-1.39440811799566	0.492845531273329	0.000221098289002027	0.00342511560597134	chr8	128030996	128031540
peak_85005	21.9344711449505	-1.53536379620197	0.543340965479793	0.000222700132759005	0.00344705190311191	chr6	79666280	79666952
peak_91452	18.4234074357361	-1.61017229224137	0.569503982937251	0.000223280102537058	0.00345288423049878	chr7	84091482	84092486
peak_70124	18.6666887287069	1.64023742577312	0.583476245643728	0.000223511813960112	0.00345441615089843	chr3	192850483	192851169
peak_107468	16.3528036495785	1.7062726414036	0.608977941830148	0.000225049970621728	0.00347507212741392	chrX	135213359	135214156
peak_51198	32.2461310248688	-1.22954734107204	0.414945623356154	0.000225384323218035	0.00347909327992574	chr2	86039462	86039803
peak_77813	49.410359418002	1.0854506262562	0.363330629564679	0.000225484974002919	0.00347959348804867	chr5	62291789	62292316
peak_73879	15.5961533864708	1.81537999398262	0.640376138637904	0.000226030546805004	0.00348695717379726	chr4	109439168	109439451
peak_36812	22.8183760295954	-1.46360299453402	0.512836554234108	0.000226505439091694	0.00349217003856339	chr16	68257360	68257776
peak_55558	13.2093344362677	1.90252008046044	0.691286867385219	0.000226453687128967	0.00349217003856339	chr2	203492751	203493425
peak_106379	34.6804243224327	1.16401187390138	0.388790434199049	0.000228013976554789	0.0035133032966523	chrX	100829252	100830868
peak_1417	47.0272074464025	-1.06431780178047	0.352517962392638	0.000228743530724088	0.00352241548097201	chr1	25622588	25622850
peak_81074	16.3468809072308	-1.68147137145633	0.593279808373807	0.000229345612514927	0.00353062059169265	chr5	157288627	157288965
peak_8398	41.2067866306905	1.13822863432086	0.384558782887966	0.000229590759597261	0.00353332763924719	chr1	221726235	221727694
peak_102437	19.6310467778378	-1.59944762673239	0.567174620504848	0.000229671800093293	0.00353350826782035	chr9	114777930	114778144
peak_53783	24.5382685244098	-1.33205844579106	0.451375935047405	0.000229763742337826	0.00353385646058413	chr2	160485008	160485425
peak_25907	15.9819163722116	1.68187941006781	0.590919508750801	0.000229868887383894	0.00353440744636768	chr13	34156868	34157331
peak_82311	32.0449018214561	-1.26803359780667	0.437465562877471	0.000230203565871649	0.00353848628565929	chr6	5706058	5706971
peak_68617	22.8401695826546	1.50597593705648	0.542937420790846	0.000230941572858955	0.00354769118221955	chr3	149009457	149010164
peak_18944	26.6080588910633	1.56424024008436	0.600301762709405	0.000231855327171722	0.00355958317108624	chr11	115869248	115870247
peak_79425	23.9627821079488	1.45775495051367	0.517976135330559	0.000232032960610962	0.00356123796800436	chr5	112915921	112916472
peak_39029	16.6341417927636	1.59455508769115	0.552340274940898	0.000233574305132691	0.00358381568507234	chr17	28057905	28058303
peak_54483	21.90214627012	-1.60340494548905	0.596024549899104	0.00023445966247643	0.00359523619579646	chr2	176817025	176817527
peak_40195	22.3005315074968	-1.45530847788261	0.509094839443341	0.000234697182668027	0.00359779631855443	chr17	48444500	48444778
peak_39462	12.8158439886652	1.88629024428822	0.674302309067922	0.000235389501564974	0.00360407481285037	chr17	37273557	37273978
peak_64258	16.959697999009	1.79545211938659	0.684418363881098	0.000235388279798631	0.00360407481285037	chr3	27345296	27345804
peak_15837	38.7686383060592	1.15459388658074	0.390628785110019	0.000235654428290995	0.00360704793780987	chr11	19723519	19724414
peak_17904	48.4184424543282	-1.11043954868162	0.379123789058988	0.000236203454439152	0.00361436654502839	chr11	82732716	82733958
peak_81696	19.4185228519239	-1.63764006658039	0.588019592403132	0.000238077474716326	0.00363758409526119	chr5	176017342	176017654
peak_85206	18.4939379260634	1.78372309740134	0.700793685889724	0.000238784541702403	0.00364620204948748	chr6	87737067	87738096
peak_61091	20.538224974908	-1.51682722429108	0.532630581956112	0.000239643378460971	0.00365797643035652	chr21	42200945	42201440
peak_71200	24.952474917345	-1.4439783943978	0.515410547532998	0.000239699118460384	0.00365797643035652	chr4	15963167	15963844
peak_10518	26.123101093925	-1.34129167118914	0.459642286885974	0.000240469267656892	0.00366761409077587	chr10	22029314	22029945
peak_48528	19.8143271073381	-1.6347144209654	0.602531015694641	0.000240474520563758	0.00366761409077587	chr2	12334477	12335312
peak_68690	18.9076899408679	1.59192338249206	0.567241694995248	0.000241058964550813	0.00367542833929059	chr3	150680977	150681572
peak_55937	17.2640532700763	1.909535914424	0.826759772181882	0.000241966451424521	0.00368816188111529	chr2	213125860	213126240
peak_12108	51.0292399406606	1.0116951818081	0.33400366797548	0.000242376110461618	0.00369130185464041	chr10	69045395	69046123
peak_78968	12.4300175598625	1.89402195872151	0.667874498999484	0.000242261961384811	0.00369130185464041	chr5	97533900	97534426
peak_61754	12.0320992487913	1.97632295617604	0.717483445746949	0.000242981334761245	0.00369810338332443	chr22	21876639	21877117
peak_12973	13.3392575402499	1.85218715130736	0.665298351246353	0.000243503163132494	0.00370446683015559	chr10	88983122	88983472
peak_45362	28.0188379856484	-1.3133454891587	0.453765830439746	0.000243713256897972	0.00370592428159857	chr19	9808925	9809391
peak_35624	26.3409277536349	1.38907321286901	0.495118530037677	0.000244653862082301	0.00371911801196427	chr16	23504745	23505240
peak_70713	21.0626551233868	-1.47027094970086	0.514081847484547	0.000244836616793048	0.00372078680888535	chr4	3369908	3370500
peak_35068	18.7375734749975	-1.77050352603629	0.669689321545072	0.00024493690743544	0.00372120177666965	chr16	5117269	5117766
peak_95097	41.0817734262136	-1.16432702112426	0.402214385410379	0.000245683915854478	0.00373032761577023	chr8	19313312	19314625
peak_43705	42.7316013940057	-1.07293651594581	0.357595542863511	0.000246297584426311	0.00373741923796425	chr18	55589712	55590367
peak_4308	21.6575521346439	1.52504504141965	0.55157253824982	0.000246655421809983	0.00373951035872845	chr1	100405646	100406327
peak_77570	23.2007249269759	-1.37140098916306	0.472600098671863	0.000247160647099456	0.00374605610969467	chr5	56160282	56161022
peak_640	14.0439949295807	1.98305212994035	0.795030829481675	0.000247468057357042	0.00374960070502412	chr1	11246152	11246512
peak_61084	17.3834201755237	-1.70523770662762	0.632455983836018	0.000249519368968938	0.0037784361586725	chr21	42160045	42160577
peak_47856	68.4779275157698	-1.07026167274497	0.372342293227111	0.000250383910940971	0.00378702879953614	chr19	56507454	56508289
peak_38584	33.439280134359	1.19951671126013	0.411415377710717	0.000251945651365206	0.00380726170139489	chr17	15650934	15651995
peak_57837	15.6944035622906	1.76137902486467	0.649958622667585	0.00025233748858639	0.00380979543768602	chr20	13777197	13778076
peak_82802	39.2072564591652	2.11974121993608	0.88743583077646	0.000252315512627336	0.00380979543768602	chr6	16731142	16732297
peak_75780	40.6888857771767	1.17216176250879	0.407276514794642	0.000252629845023418	0.00381308030739017	chr4	184280328	184281623
peak_51722	12.5661918215386	-2.04774446237344	0.771828041751102	0.000252958281441859	0.00381580727430924	chr2	100812271	100812530
peak_7923	34.2846151369719	-1.23199649494125	0.424755758493409	0.000255856886106445	0.00385266367248175	chr1	207363249	207363919
peak_3653	27.5269530827029	-1.25664927784135	0.428751406805908	0.000257738317571221	0.00387532911987942	chr1	84301324	84301792
peak_105223	39.5575544492693	-1.1000428652334	0.371308614536465	0.000257916466796217	0.00387680689153064	chrX	47623611	47624119
peak_60464	20.5460994681957	1.50515587575745	0.53635369226999	0.000258349786949187	0.00388217572572687	chr21	25563383	25563653
peak_26600	27.2987126921603	1.32252505670657	0.46584948776783	0.000262165808284684	0.00393372157186666	chr13	51646448	51647112
peak_57659	22.3520633535754	-1.42039452086555	0.497447280684547	0.000263703112707549	0.00395329811952576	chr20	5570160	5570717
peak_92486	29.5461061713458	-1.28026612494703	0.445924704505753	0.000264919940877678	0.00396920602573885	chr7	108463417	108464033
peak_59342	22.6868165514885	-1.5140887418353	0.554494554817218	0.000265466659045662	0.00397622887135785	chr20	50385953	50386773
peak_34249	14.8674994953236	-1.73872483331492	0.61742213423852	0.00026647434092059	0.00398663754289238	chr15	90510830	90511532
peak_94562	38.926672483898	1.31360140948592	0.49216429025222	0.000267108555916001	0.00399495360279649	chr8	1481994	1483486
peak_54652	29.3105244395703	-1.29726614895878	0.457448650726919	0.000268332620887783	0.00400855757649706	chr2	181300594	181301238
peak_85583	12.7350758853089	-1.90957096493251	0.685459989456985	0.000268640118184783	0.00401197570760672	chr6	101266009	101266359
peak_21647	42.3571178713988	1.22679851934912	0.434560440327196	0.000270062490160999	0.00402967694566833	chr12	47426648	47427668
peak_68947	21.1384453634733	1.74742341381854	0.70705055330111	0.000270851554471301	0.00403908667922601	chr3	156664428	156665192
peak_2768	19.8480439468635	1.48086293153688	0.526352248558974	0.000271622080622078	0.00404820912089953	chr1	53294431	53294886
peak_85319	38.4267656016312	-1.20032599920271	0.422891138555173	0.000272319619341481	0.00405623374576241	chr6	90216313	90216861
peak_95935	48.5281780976782	-1.00147108018105	0.332616154103382	0.000272399244669326	0.00405623478058127	chr8	41971390	41971951
peak_6691	14.8747256473807	1.69063956408224	0.604016613372582	0.000274465916773595	0.00408224014953866	chr1	179317466	179318114
peak_28161	41.9328479791598	-1.01836405343424	0.337530512195234	0.000276489133086491	0.00410873650234562	chr13	112872813	112873664
peak_49284	34.3253476293556	2.48015296131364	1.21300220589598	0.000276654153832362	0.00410999087625198	chr2	32189315	32190422
peak_17900	18.7266589545655	-1.57037535347705	0.570820693235183	0.00027690484849138	0.00411140070530047	chr11	82695561	82696018
peak_20867	42.0843580526589	1.18274855758787	0.420132730824449	0.000279982205050369	0.00415459042686209	chr12	19482313	19483316
peak_10599	30.7764875627578	1.29749669407759	0.458287295485871	0.000280380545058607	0.00415690973492734	chr10	23340900	23341332
peak_23573	43.7938172436837	-1.0091072051052	0.336414712827954	0.000281546862164525	0.00416689356003497	chr12	94987477	94988982
peak_70953	12.1448763019357	2.11072955286789	0.865457905376947	0.000281719050073114	0.00416823200436093	chr4	8391641	8392145
peak_89390	41.2005290287086	1.18237212765718	0.416224887540415	0.000283097208840313	0.0041861932395395	chr7	17305057	17305932
peak_51227	25.6538575975068	-1.4142184737253	0.516092205682351	0.000283627093095968	0.00419281269022646	chr2	86552930	86553446
peak_25163	27.1145022431037	-1.31754841617027	0.464891923274932	0.000283865191742652	0.00419511613512778	chr12	132773456	132773986
peak_22754	25.1309167816583	-1.3995095896527	0.500645937783746	0.000284318445002372	0.00420059699707068	chr12	68587341	68587788
peak_73835	20.1640247797643	-1.51741979972524	0.549654388005889	0.000285186854900387	0.00421098667360299	chr4	108370061	108370901
peak_93093	16.4701521653197	1.72124772270487	0.645866333036349	0.000287296795842312	0.00424091326948933	chr7	129494074	129494534
peak_100746	32.4838128370978	1.1416588746287	0.387589271903672	0.000292204268504905	0.00430711963977771	chr9	63346347	63347080
peak_9332	32.0075991343627	-1.32859199839967	0.484324437800023	0.000292395111292321	0.00430868703593939	chr1	243507866	243508611
peak_77595	20.6397527452065	-1.48820740932392	0.531157715228026	0.000292493362600556	0.00430888950752729	chr5	56586158	56586557
peak_19140	21.6865451810835	1.46297665369166	0.532556467659891	0.000292814802355072	0.00431237883098662	chr11	118883603	118884191
peak_27650	33.6515891664921	1.24473525419131	0.443915542016152	0.000293313426272079	0.0043150978251859	chr13	98509307	98510100
peak_46561	17.1615203136478	1.85176936041686	0.820695657544912	0.000293422589728936	0.0043150978251859	chr19	35711033	35711453
peak_69719	17.0309917752101	1.61263617348173	0.587590534998388	0.000293290375558847	0.0043150978251859	chr3	183370903	183371524
peak_70985	18.7562709003379	1.66961350217064	0.636221926936233	0.000293420776648494	0.0043150978251859	chr4	9072560	9073794
peak_5972	21.8193288247616	-1.40413808490414	0.492210625495049	0.000295348254804315	0.00434216439430589	chr1	160652241	160652779
peak_9767	25.9602259293797	1.47649130433803	0.564920281325473	0.00029844900331637	0.00438260564435408	chr10	3887750	3888398
peak_19750	14.7061953039096	1.82675572155345	0.698413281552819	0.000298440787644388	0.00438260564435408	chr11	132402179	132402519
peak_21825	14.6367924032258	1.86947014122909	0.74291297273032	0.000298905311838382	0.00438686995664702	chr12	50013772	50014285
peak_10084	31.8954557070251	1.28671244664148	0.465584348038201	0.000300099311013046	0.00440185945664878	chr10	11175786	11176124
peak_6527	38.9429000211648	1.15065080831371	0.402867606212426	0.000300496361912355	0.00440641573438693	chr1	173870369	173870626
peak_28903	10.6631218131965	2.16945075157359	0.838412431774817	0.00030095073844143	0.00441054163557768	chr14	36317735	36317882
peak_23706	21.1793924389517	1.70201610125149	0.692345581129864	0.000301222442176227	0.00441198719816061	chr12	98399509	98400127
peak_65312	30.0076491190135	-1.18729839090133	0.408243783769941	0.000301309826188346	0.0044119996548073	chr3	49790281	49790415
peak_9633	38.719596596672	-1.15180597769574	0.405576799145449	0.000303142927669235	0.00443374793750535	chr10	1117717	1118634
peak_54550	26.6193334255846	-1.28739841066193	0.451870912927787	0.000303239075318564	0.00443388227536344	chr2	178191245	178191859
peak_80193	20.8992659041596	1.52669096893955	0.564351414145896	0.000303507666170285	0.00443653723261416	chr5	136080410	136081022
peak_88016	25.6945763444917	-1.29039975043228	0.452620988811959	0.000303789044398665	0.00443937753445409	chr6	157814645	157815688
peak_78301	18.5970277661208	1.72523232869353	0.691947335974281	0.000303907297552503	0.0044398330868229	chr5	76732693	76733376
peak_77095	14.3305934996813	-1.92891490631793	0.774227663411552	0.000306982535394592	0.00448347509299016	chr5	38376488	38376926
peak_10395	20.281367368687	1.64618687334072	0.653195765708336	0.000307337343993007	0.00448737165544888	chr10	17673687	17674510
peak_67613	17.2083943200874	1.70680977097201	0.649986304558791	0.000308181296999856	0.00449583164773524	chr3	124639619	124640343
peak_77400	26.3771279191457	-1.29075592365584	0.452863470786015	0.000308171608947298	0.00449583164773524	chr5	52743705	52744273
peak_41303	44.7286035523277	-1.05936578665883	0.364487498066319	0.000308547947728293	0.00449860613751065	chr17	73642988	73643900
peak_63889	41.7822475216641	1.01146280491914	0.34001949488978	0.000309462511204688	0.00450936141648535	chr3	15361592	15362959
peak_101211	13.1554170607925	-1.92228820641246	0.723846687710775	0.000309697097435828	0.00451149034567518	chr9	79439108	79439632
peak_69589	18.3546541626853	1.74404344564504	0.723707550653799	0.0003110071740882	0.00452928071352784	chr3	179090715	179091794
peak_98369	28.0988006752689	1.19317484721481	0.411701998836246	0.000313416466241254	0.00455915890093483	chr8	125118159	125118834
peak_30048	35.253341870316	1.15172661409565	0.401458394692606	0.000315426329257583	0.0045844717284855	chr14	70980649	70982536
peak_26878	220.886051286935	-1.1504786168396	0.4127312475014	0.00031583895482239	0.00458916071546719	chr13	67229598	67231235
peak_108115	29.0289740240589	1.24193893615356	0.43633973378796	0.0003163729192731	0.00459560959032999	chrX	154712637	154713317
peak_29272	39.9374812693875	1.07789745716452	0.371491347934233	0.000317843058209758	0.00461302196580778	chr14	52351688	52352856
peak_54681	22.2002538588297	1.47039414284152	0.550353448117078	0.000318065999647508	0.00461494395504492	chr2	181790759	181791594
peak_49501	15.7172825102707	1.91502989721301	0.879405759088895	0.000318685516790566	0.00461912543865328	chr2	38594730	38595216
peak_58074	26.7805647556054	1.305392050418	0.469068016739166	0.000318716575004555	0.00461912543865328	chr20	23142171	23143278
peak_31103	15.5236946647844	-1.77140803440362	0.690578564259069	0.000319233238863541	0.00462115479984325	chr14	100234676	100234785
peak_77541	30.4755539901048	-1.22466984692507	0.433671634035462	0.000319310850746982	0.00462115479984325	chr5	55983029	55983415
peak_87143	17.6724139829208	1.61850230275867	0.609846472150578	0.00032005058470573	0.00462873928461821	chr6	139257164	139258200
peak_88815	56.526400445142	-1.0098685863523	0.348074713064124	0.000320745879572235	0.00463667406177204	chr7	2099191	2100488
peak_2818	11.8287118169578	-1.99638945166316	0.741035893798641	0.000320968891488527	0.00463858273850172	chr1	54280630	54280820
peak_13681	23.176036366668	-1.39138049648827	0.49898450356196	0.000321231222924088	0.00463974366345824	chr10	104170610	104171203
peak_25098	17.7227569170868	-1.57745992914114	0.576551542188223	0.000321179075988339	0.00463974366345824	chr12	131958188	131958404
peak_1185	25.1323281357183	-1.28846173364896	0.4549860041875	0.000322116353407205	0.00464857752471547	chr1	22031333	22031969
peak_88040	53.765467811634	-1.03162067371108	0.358778167519722	0.000322289669669451	0.00464976261962836	chr6	157989861	157990991
peak_24191	38.2761849605627	-1.05327208787781	0.357988485492916	0.000322587553124333	0.00465274370115906	chr12	110590877	110591322
peak_12660	32.6633646018595	-1.17789487400008	0.413643776212733	0.000325666177410507	0.00469316442098703	chr10	80356557	80357372
peak_3251	28.6966205626156	-1.22578516069075	0.429565386022136	0.000326005242805397	0.00469407040657328	chr1	67148939	67149434
peak_4509	15.2849014268008	1.79757517471526	0.714057182003579	0.000325928385242866	0.00469407040657328	chr1	107936551	107937160
peak_18554	26.681240045783	2.4706914956804	1.32516518586915	0.000326291649581275	0.00469555093590841	chr11	105046841	105047374
peak_81946	43.374225852802	-1.1300036727049	0.401998846401735	0.000326309860741792	0.00469555093590841	chr5	180090190	180090710
peak_18019	16.3362132763035	1.65057030775408	0.617037732412303	0.000326832869971867	0.00470067720969976	chr11	86293046	86293549
peak_26530	16.2937750164401	1.56463561243556	0.564315507992385	0.000327317899292975	0.00470632555368066	chr13	50235435	50236131
peak_29839	36.87526928819	-1.16735361401149	0.414784609485779	0.000328325433588413	0.00471815122799854	chr14	67463734	67464815
peak_60823	14.0933136001705	1.71129188145663	0.625580138688446	0.000328533487744452	0.00471981076532505	chr21	35043693	35043835
peak_47852	45.6550242765705	-1.0697327604033	0.370249068290309	0.000328829936304831	0.00472273891054594	chr19	56367797	56368733
peak_6930	31.2730018132153	2.87854331073734	1.77123721617066	0.000328979120138015	0.00472355094884732	chr1	184892210	184892620
peak_3127	33.1994497622165	1.28250129500751	0.4767212799834	0.000331274167198673	0.00474714578099819	chr1	64826760	64827608
peak_7001	34.8747702947506	1.1355409777089	0.396164000014871	0.000330916854938597	0.00474714578099819	chr1	186404586	186405202
peak_8208	15.5255468352702	-1.70879915276216	0.638355258048865	0.000331217061841292	0.00474714578099819	chr1	213783969	213784677
peak_30962	13.0882582848843	-1.90958567234888	0.723901448861001	0.000330832100880688	0.00474714578099819	chr14	97878809	97879207
peak_40180	12.2615668026251	-2.0446125797816	0.763287525852966	0.000331034206246563	0.00474714578099819	chr17	48194049	48194561
peak_48506	30.5067630294262	-1.29998626309934	0.479887514430813	0.000331217130105839	0.00474714578099819	chr2	12044458	12045280
peak_37222	19.3972501886311	1.46502257283397	0.531424101529555	0.000331883556240045	0.00475320646024015	chr16	79381038	79381698
peak_31898	21.9490132129639	1.49892120244326	0.568612777857889	0.000332860674847711	0.00476318674369503	chr15	30696462	30697599
peak_58892	13.5390127547381	-1.84661551420744	0.697174214813316	0.000333703541341722	0.00477390606546286	chr20	41480221	41480614
peak_96400	16.273825178222	1.72560418067962	0.678423353544621	0.000334058162009635	0.00477630102305756	chr8	59060848	59061851
peak_29906	32.1745108317976	1.31231623233028	0.493372491693087	0.00033474849343127	0.00478482946063547	chr14	68711462	68712351
peak_37949	10.7468294393788	2.00355621521717	0.738461100314962	0.000335159729975634	0.00478936490822244	chr17	1834528	1834719
peak_41720	28.6872574916337	-1.19449692672559	0.416609612209259	0.000335762617022938	0.0047942453938964	chr17	78753925	78754247
peak_92313	22.6719884116336	1.48393477815391	0.56942345261987	0.000336151531517212	0.00479815845071013	chr7	105447925	105448905
peak_96367	16.2885652485047	1.76079438050288	0.723899742929182	0.000338257522812358	0.00482686763451186	chr8	58649727	58650213
peak_78971	27.0652697292666	1.39798471282222	0.532510973468142	0.000338667038196347	0.00483135915206462	chr5	97547379	97548576
peak_104432	26.6075642898864	-1.24735684357214	0.43680579614326	0.000339175130808298	0.00483725404738235	chrX	17987728	17988181
peak_462	11.9177377627121	2.05339270040116	0.818329124101273	0.00033929274467823	0.00483757826626516	chr1	8544785	8545329
peak_31841	13.9756971741188	-1.79258870025328	0.675511997729184	0.000340074303820437	0.00484736607620598	chr15	28974084	28974465
peak_11042	19.7344932547037	1.47710204781583	0.545597748240032	0.000340278550683224	0.00484892179573361	chr10	32939865	32940767
peak_3933	14.792015352354	1.6343694983704	0.596777174459038	0.000340852536944629	0.00485570405668589	chr1	89865549	89866172
peak_48917	20.3629431857349	1.54769377349368	0.603639505863224	0.00034094497554104	0.00485570405668589	chr2	25322783	25323389
peak_43385	47.8090836380457	1.00872135336579	0.343901542015444	0.000341436811871601	0.00485999365999035	chr18	45962420	45963276
peak_18070	19.7968246680092	1.6848342551552	0.711944997911838	0.000342008892934792	0.00486677795567215	chr11	88353543	88354547
peak_78939	35.8808605267977	-1.14842221126872	0.40474384476303	0.000342141543016461	0.00486730711836977	chr5	96924007	96924511
peak_72876	36.8567187995853	-1.05550087360283	0.360623909572034	0.000342642174213172	0.00487171051155403	chr4	80335521	80336591
peak_5691	22.5122763012883	-1.37314198064374	0.490501707215332	0.000343152802408235	0.00487761047772128	chr1	155466022	155466895
peak_47439	48.8097379059925	-1.08730149402935	0.388542633610229	0.000344280951734623	0.00489091908752897	chr19	48837065	48837515
peak_71704	17.5502520231942	-1.71945198956442	0.664015399476924	0.000344875574852631	0.00489685507790821	chr4	38625606	38626000
peak_82787	11.3655244319626	1.91535088147732	0.710558362422412	0.000344890883473275	0.00489685507790821	chr6	16619759	16620152
peak_13980	30.9925763115961	-1.19853622444704	0.424642615537672	0.000345816030478554	0.00490725748120778	chr10	114513348	114514272
peak_87588	26.8910523719627	1.30380402868849	0.474826469937483	0.000346532249936746	0.00491605266980381	chr6	149471901	149472671
peak_39688	21.9683929210353	-1.43610632256189	0.532977349930792	0.000347339588363545	0.00492613525794262	chr17	40615448	40615748
peak_106069	39.40415591311	-1.04084436743582	0.355806026303525	0.000348056216860295	0.00493218295520817	chrX	78333554	78334040
peak_21371	12.5324113072978	1.90114811490983	0.734286190543877	0.000349044347004175	0.00494481107984297	chr12	39723829	39724277
peak_41248	29.1313875555905	1.3151292529147	0.489594666292369	0.000349325626621278	0.00494742122192014	chr17	72422421	72423707
peak_65878	19.3774464213729	1.48579085271881	0.545757451833808	0.000349923868209261	0.00495314223889988	chr3	66312011	66312810
peak_68372	17.3784915250523	1.58947718844707	0.601235150927651	0.00035087311956538	0.00496244573485728	chr3	141385989	141387079
peak_39786	24.8958169415159	-1.34140219804669	0.48973534212552	0.00035216707606442	0.00497936509712161	chr17	42305750	42306231
peak_4788	16.1711949543872	1.69151918182913	0.660153530107316	0.000353218315301543	0.00498869502048877	chr1	112903799	112904353
peak_19360	24.2270318446922	1.42980730623628	0.546263694750752	0.000353623296259785	0.00499303167629504	chr11	123302824	123303862
peak_41606	35.2832572989538	-1.14859896142092	0.407135691917985	0.000354420098955855	0.00500151208562503	chr17	77421028	77421953
peak_71666	33.0352616458029	1.15292824615394	0.403845451332566	0.000355079980109136	0.00500943770499292	chr4	37954524	37954944
peak_55578	32.6043322360197	1.16004995353232	0.407029132077595	0.000355974565815056	0.00501789306404381	chr2	203730028	203730669
peak_2854	23.5522754580928	1.32160899578837	0.474665653729582	0.000356192185013994	0.00501883243325304	chr1	54799053	54799498
peak_63042	13.5091417700424	1.83768122044433	0.728506847283577	0.000356238076647369	0.00501883243325304	chr22	45315948	45316082
peak_75352	30.3060109719682	1.18117302068729	0.415798683102234	0.000356532391145495	0.00502159129694591	chr4	165215231	165216415
peak_3207	16.7872906904264	1.76352874932872	0.713036170967353	0.000357694049319885	0.0050365613915006	chr1	66346939	66347173
peak_14418	11.2076211998945	1.9663962500953	0.747039506352187	0.000358041825071408	0.00504006639787157	chr10	126013741	126014193
peak_90018	49.3790446376513	2.86781561207045	1.82701870064549	0.000358830913399756	0.00504978000292574	chr7	34991497	34992765
peak_56350	30.9852818011359	1.29433501024551	0.485516024174735	0.000360351638478451	0.00506838307295512	chr2	223760914	223761826
peak_28959	21.0820401462237	-1.46643074509601	0.53522758541473	0.000360532611704436	0.00506948731781047	chr14	39097157	39097420
peak_30050	28.5461343778935	1.18188594475776	0.414933450692527	0.000361349211544322	0.00507681204182938	chr14	70999078	70999840
peak_68561	43.1235764753313	-1.02606649801102	0.354254877393023	0.000361252318903386	0.00507681204182938	chr3	146497151	146498741
peak_92978	14.5879721737419	-1.68120980894431	0.62488222017685	0.000361575077801336	0.0050785859274873	chr7	127477865	127478428
peak_104732	23.7654667512696	1.3862011968811	0.509318473854493	0.000361789602034102	0.00508019957293052	chrX	30712937	30713572
peak_33007	45.2406486291356	-1.02629776698936	0.355310743779678	0.000362293464840397	0.00508353996835583	chr15	63436759	63437240
peak_71785	37.258257670116	-1.21634623996273	0.451686797956908	0.000362416773256558	0.00508353996835583	chr4	40190873	40191083
peak_92315	11.2029105564465	1.90421708715092	0.710131828858733	0.000362426308888194	0.00508353996835583	chr7	105487905	105488184
peak_63669	23.218064149922	1.62152717930671	0.719885538556919	0.000362569998615463	0.00508415675176237	chr3	11909161	11909841
peak_18247	18.0560052408769	1.72747649822014	0.729418406846437	0.000364230694069981	0.00510043014772096	chr11	95443404	95443815
peak_4536	13.9711949055156	1.82711559041075	0.737135007826298	0.000365151017335792	0.00511058961994393	chr1	108585180	108585911
peak_98415	40.7442451441301	1.02324502215903	0.351523365415731	0.000365995487957109	0.00512092369620779	chr8	125930118	125931034
peak_93151	12.7510362572625	-1.81523122368485	0.673754008931478	0.000366284925111118	0.00512356740513456	chr7	130426579	130426833
peak_16466	25.9438568281747	1.29814051104769	0.474177156578504	0.000367570946162187	0.00513732792243017	chr11	45385443	45386379
peak_48424	59.7704587556178	2.05882077665778	0.977505461384748	0.00036793172944374	0.00514096112836901	chr2	10790299	10792507
peak_51285	29.4520852653698	1.24155597556738	0.450720650651924	0.000370206171557263	0.00516761321759225	chr2	87499709	87500567
peak_90217	27.6099261280056	-1.23600125085637	0.440211993770091	0.000370244598200771	0.00516761321759225	chr7	38433770	38434289
peak_1018	17.4636926785926	-1.59246411798042	0.605617380015534	0.000370430765359485	0.00516782846428324	chr1	18651653	18652074
peak_71433	16.9507589680378	1.69842061841485	0.683853741720191	0.000370462735593207	0.00516782846428324	chr4	26179035	26179792
peak_4024	12.4896162123147	1.80625133794595	0.680952632539569	0.000371787591394004	0.00518205635178095	chr1	91890158	91890327
peak_101009	24.2456171216729	-1.31653814936815	0.473226732336596	0.00037221011916866	0.00518652777697002	chr9	73151702	73151999
peak_57814	23.8256576585827	-1.40769481578068	0.529296945139189	0.000372778665679161	0.0051930308875185	chr20	13009264	13010373
peak_43539	30.2087090082247	-1.17779330567982	0.415835074139953	0.000373067591897961	0.00519421743323578	chr18	49031611	49032189
peak_42600	24.3925116735522	-1.32294626267874	0.482391733319306	0.00037513699265363	0.00521733079853737	chr18	13313227	13313828
peak_43961	19.7627171473338	1.45909740835661	0.545063404645923	0.000377225886530716	0.00524495201817701	chr18	62771458	62772116
peak_93315	46.2096703466921	-1.00708154399871	0.349688679810694	0.000378583227568266	0.00526095514875868	chr7	132655106	132655803
peak_31007	18.5218737797793	1.51475225009763	0.564885936452081	0.000378925448516738	0.0052633475491441	chr14	99055298	99056194
peak_22166	12.1523591242929	-1.88652455854186	0.703897254208171	0.000379981322657374	0.00527463319276038	chr12	54967542	54967845
peak_47581	26.2318082012672	-1.4990942027692	0.613152088083022	0.000382040956322609	0.00530178013039318	chr19	50427991	50428320
peak_86255	25.1454656042055	1.41056019241596	0.546987463208241	0.000383207428581615	0.00531507452493531	chr6	118843989	118845476
peak_83274	23.101759662124	-1.35760446624106	0.498649076829153	0.000383625933590982	0.00531943210499587	chr6	28988515	28989310
peak_10650	29.2800297204225	-1.32022595295485	0.498674480220438	0.000383943715951403	0.0053223910553285	chr10	24851551	24852095
peak_79608	22.2321790022433	1.54947690042093	0.620543668829205	0.000385141514666211	0.00533609382249224	chr5	119357700	119358177
peak_34073	30.9926241582264	1.15816574735417	0.41032648579755	0.00038573530618168	0.00534141779494273	chr15	85723758	85724633
peak_55957	13.8275357343335	1.70771823328936	0.643318303370367	0.000385977518392831	0.00534332059537792	chr2	213243404	213243898
peak_6167	16.0504914113619	1.82474192188898	0.797244131701824	0.000388921425293982	0.00538115272456959	chr1	165897206	165897736
peak_93174	83.3089549588835	1.692044125617	0.722509600557435	0.00038992070712773	0.00539351523972177	chr7	130893540	130895331
peak_32761	15.5862101555777	1.69732414759894	0.669766869149799	0.000390525152415921	0.0053989466976893	chr15	58209177	58209725
peak_24826	30.7903727608554	-1.18039874883892	0.424002392837207	0.000391175566188668	0.00540647259899578	chr12	124005874	124007024
peak_467	15.8038887855911	1.57182730835533	0.584596331538576	0.000392264881758255	0.0054171227685066	chr1	8604071	8604605
peak_55929	14.8734150697837	1.71173258485733	0.66991713036904	0.000393694281533937	0.00542873968934878	chr2	213083229	213083702
peak_104843	17.7051731874559	-1.57015221994705	0.59314627350052	0.000393707617837844	0.00542873968934878	chrX	38879602	38880059
peak_157	36.8282309809604	-1.053753347266	0.365820805371759	0.000394166676577923	0.00543161680324378	chr1	2259123	2259256
peak_33408	37.7981061854491	1.08585431579388	0.38320500184276	0.000394080132829483	0.00543161680324378	chr15	70023075	70023621
peak_83736	12.1851803355603	1.93749946048727	0.753567322686401	0.000395830458887128	0.00545012470343481	chr6	35606240	35606428
peak_87257	14.7015002092053	-1.70358549794031	0.653724770947869	0.000396174053854872	0.00545338291302497	chr6	142355572	142356262
peak_51944	10.4781315207677	1.94364419112053	0.730572821687995	0.000397062430730939	0.0054626619247835	chr2	105827773	105827994
peak_41084	25.6672954722277	1.33317489699489	0.500270347616136	0.000399882486596672	0.00548954154316907	chr17	67246747	67247418
peak_96201	32.3790328204365	1.14314346305726	0.406409062203249	0.000399944032850854	0.00548954154316907	chr8	53657478	53658135
peak_59450	19.2465862167357	-1.54232709613009	0.592840996696329	0.000400606378845738	0.00549658687616491	chr20	52493458	52494514
peak_23912	46.093140044875	1.07762256890573	0.390432120733222	0.000402490558313867	0.0055194684255489	chr12	104477949	104478818
peak_34092	15.7402944179232	1.64758175321258	0.629050930135475	0.000402837663027908	0.00552274296508226	chr15	86624537	86625077
peak_60791	17.89682716645	-1.64128316561452	0.648763410841364	0.000403241754901136	0.00552679680521218	chr21	34707868	34708258
peak_20730	30.1820689515471	-1.17836570133804	0.421634102813418	0.0004036427093909	0.00552931950053854	chr12	14644239	14644583
peak_48268	25.7353995652423	1.26773986389664	0.462473049233237	0.000403554582291404	0.00552931950053854	chr2	8301943	8302494
peak_42291	37.269488228887	-1.09395892041828	0.388818955191686	0.000403876195769014	0.005531031887585	chr18	5629896	5630817
peak_24604	29.3258925612459	-1.15213588879462	0.407863131819805	0.000404123678978555	0.00553293498829231	chr12	120760121	120761143
peak_61113	49.187890770108	-1.00411669007509	0.352446844251602	0.000405086739255618	0.00554463154031864	chr21	42460493	42461148
peak_24938	14.6947548730111	1.82308366442111	0.760134193342382	0.000405522370369882	0.00554910455600612	chr12	127559516	127560126
peak_6232	40.9212959561725	-1.00005783669986	0.344611479159863	0.000406510687716638	0.00555815337192827	chr1	167482240	167482831
peak_37093	19.2656670073085	1.4049819454869	0.514153903587045	0.00040663042461628	0.0055582999542857	chr16	75011939	75012944
peak_85738	20.6825866376183	1.49882170706637	0.58364119340388	0.000406922702848124	0.00556080432254474	chr6	106612718	106613750
peak_97602	33.2915997184788	1.20997481043236	0.447505795829043	0.000407936935372047	0.00557167762841661	chr8	100442945	100443724
peak_6369	14.5165856657524	1.69366750872415	0.652616943659635	0.000409623450996271	0.00559021982668519	chr1	169908713	169909267
peak_57311	18.1736802243468	-1.58069789356383	0.615538445607645	0.000410126804718346	0.00559409450651942	chr2	241299946	241300504
peak_35748	44.3991140372002	1.02898957266569	0.363400826759859	0.000411383491012584	0.00560973486835186	chr16	27449611	27450332
peak_7187	47.154099643235	1.0541707807127	0.378520973790181	0.000412087988929153	0.00561722966227954	chr1	193539832	193540829
peak_37425	25.9401119244759	-1.2099333755562	0.433101710310592	0.000412738876314989	0.00562220260427358	chr16	84735904	84736393
peak_19053	14.9530731900227	1.74575903306061	0.709314371155647	0.000413476275402968	0.00563074288934181	chr11	117998191	117998531
peak_91992	12.563411522384	1.77430060993261	0.677667345515767	0.000414130940005422	0.00563236016965311	chr7	100243297	100243683
peak_92298	27.9989284299303	1.362078141107	0.523832763022337	0.000414147379202713	0.00563236016965311	chr7	105300374	105300951
peak_476	14.5617960592185	1.62213661446127	0.609368635684679	0.000415498151741691	0.00564621235732992	chr1	8680719	8681582
peak_20207	18.7414268855729	-1.47025468962539	0.547115011297179	0.000415458221173195	0.00564621235732992	chr12	6138794	6139131
peak_17767	22.068156376512	1.32264643227852	0.481600316609211	0.000417213613173298	0.00566499421604627	chr11	76680771	76681424
peak_5997	14.231814787008	1.75536854841431	0.705344040089886	0.000419465429784742	0.005687995851863	chr1	160813193	160813517
peak_89706	36.9427067702131	1.04690565569719	0.367785897843345	0.000420877691731527	0.00570259633022154	chr7	25862205	25862858
peak_69009	14.8949308665479	1.83874229776895	0.785637879974587	0.000421404019356358	0.00570821076804018	chr3	158642034	158642250
peak_39362	42.3904542457743	-1.04541075219822	0.371652339749946	0.000421844720808715	0.00571114576079478	chr17	35286076	35286642
peak_59239	18.1225861272967	1.59704053202248	0.607922092077207	0.000424150809251303	0.00573931877932244	chr20	48823977	48824163
peak_44768	39.6089131865027	1.00656071089894	0.350535196386417	0.000424557699860599	0.00574177689259748	chr19	1668712	1669507
peak_5188	23.1164279938552	-1.34602629765086	0.497312225502469	0.000426593081964082	0.00576624466516986	chr1	145189103	145189621
peak_18016	15.2667034413166	1.71215338447662	0.691807265811875	0.000427572344296366	0.00577335899001444	chr11	86287047	86287567
peak_18882	22.6149863549132	1.2879037241579	0.46817825760694	0.00042844610372899	0.00578209450628012	chr11	114130842	114132011
peak_5465	30.7192393303696	1.21538915177837	0.448248957474585	0.000430034626578852	0.00579892765690276	chr1	151568681	151569247
peak_11287	24.7352915449633	1.31966458144425	0.491908493758245	0.000431848448046745	0.00582184689902468	chr10	43299542	43300199
peak_27821	14.6316520132464	1.71099783779788	0.676637977768664	0.000434202072558648	0.00585202930781794	chr13	100608885	100609513
peak_12963	24.5583319519663	1.30137548878333	0.481879419507261	0.000434442945037715	0.0058537283286715	chr10	88897153	88898151
peak_30443	16.0814490896332	1.5709522462927	0.601056662433089	0.000435055102335946	0.00586042785936606	chr14	81193828	81194446
peak_77730	14.5539164617265	1.68821367564736	0.653645931757608	0.000438737423520291	0.00590690949976382	chr5	59790058	59790979
peak_93362	22.05923034465	-1.37814953774957	0.515756264433105	0.000441878232615531	0.00594291837724492	chr7	134562067	134562587
peak_75805	31.7175887045063	1.11417826644901	0.396446371955071	0.000443071256491989	0.00595582153532838	chr4	184583157	184584805
peak_89756	24.1553865791149	-1.3502545790589	0.512897637653332	0.000444661862275864	0.00597562722983585	chr7	26664906	26665434
peak_86157	17.7294819818847	-1.64352926031614	0.679649139533296	0.000445263595387253	0.00598056103119454	chr6	116501103	116501516
peak_107399	21.2625430638719	-1.49852567955477	0.589759102504746	0.000445547122502386	0.00598279314930384	chrX	133762937	133763993
peak_21984	21.3033688981256	-1.41678349823989	0.537722222190679	0.000446888131917755	0.00599606270893649	chr12	52615329	52616025
peak_25617	19.4923618942895	1.53307796813919	0.613787929398399	0.0004467192745814	0.00599606270893649	chr13	27477174	27477817
peak_33542	22.9033818763383	1.40786602338111	0.537545046389135	0.000446815941632483	0.00599606270893649	chr15	73920504	73920845
peak_36250	34.8433665921797	-1.13735422625914	0.416205788076584	0.000447100929361255	0.00599733964336042	chr16	50549872	50550378
peak_9772	35.0875138368475	1.05224326368409	0.370952507408619	0.000449008237124907	0.00601659237268082	chr10	3948884	3949345
peak_5879	21.9569356007584	1.51244531496466	0.623070454195626	0.000451204625484632	0.00604126025077716	chr1	158996211	158996895
peak_55613	24.2471010741773	1.3087667945015	0.490085262941698	0.000451721371056237	0.00604659118526471	chr2	203949134	203949513
peak_33746	34.5463278703948	1.1023890702117	0.396131207141963	0.00045214623374864	0.00604910203986045	chr15	78047201	78048011
peak_73789	24.2501575761774	-1.2668174582914	0.465188385181078	0.000452125665123067	0.00604910203986045	chr4	108045545	108046001
peak_50659	39.6196222149447	1.01747767688594	0.358527812893796	0.000452316769429548	0.00604979611913298	chr2	68716694	68717587
peak_2960	20.716296977182	-1.41877680915143	0.542576853911462	0.000452694701099186	0.00605167593871083	chr1	58885486	58886280
peak_31259	49.4669117306527	-1.83260555079324	0.825875377605162	0.000452672261380398	0.00605167593871083	chr14	102948882	102949697
peak_105889	39.8887923059292	1.05663753348822	0.37692157189129	0.000453357298890293	0.00605735724350641	chrX	72105339	72105936
peak_51900	16.1158202327204	1.52126318981834	0.57440612359915	0.000453579566878633	0.00605873927086035	chr2	105373925	105374248
peak_64118	18.8943005079553	1.55193045342419	0.621983919214148	0.000453987932450784	0.00606101825711853	chr3	20080989	20081541
peak_85008	11.5338466049561	-1.87114904089053	0.719147472634481	0.000455485170216801	0.00607941541588319	chr6	79702698	79703043
peak_76981	24.9155590129483	-1.25905466525211	0.458732339013567	0.000456985875687986	0.00609465913100383	chr5	35671519	35671839
peak_19137	26.692213025335	1.3890420293191	0.543740885345456	0.000457441277793059	0.00609754274236781	chr11	118872423	118872677
peak_44144	30.9530533585374	1.31808215478091	0.526443517759939	0.000457415790434585	0.00609754274236781	chr18	69885712	69886488
peak_29373	22.3019068360699	1.55900761484704	0.657787732097609	0.000458487710336615	0.00610829746517446	chr14	55077162	55077470
peak_20571	39.8699172649842	-1.03854444257882	0.37038853032243	0.000459252340251695	0.00611688605540046	chr12	11812635	11813562
peak_1435	25.2506397219711	-1.42579217727418	0.581272965572914	0.000461378283360452	0.00613501432965187	chr1	25766080	25767065
peak_27153	26.3489404731077	1.25400461426269	0.467622827804462	0.000461228182000543	0.00613501432965187	chr13	77290604	77292074
peak_40675	27.9568059245529	1.21926945375446	0.450057584191883	0.000461455692821851	0.00613501432965187	chr17	59360672	59361574
peak_87337	19.5111276924015	1.6208108491778	0.674670175970712	0.000465220737210222	0.00617862581594176	chr6	143542989	143543237
peak_31829	16.7886257500671	-1.54742509080302	0.592580678527703	0.000467229389768417	0.00620207176952162	chr15	28876275	28876868
peak_53813	15.092641843426	1.67908896349135	0.679271959710025	0.000468593286019691	0.00621532187330904	chr2	161104079	161105008
peak_25167	19.204792863604	-1.45864683618709	0.55680306783189	0.000469132777422659	0.00622085924308757	chr12	132835670	132836573
peak_34628	21.3149444215206	-1.41580160682592	0.546505588324228	0.000470183928067647	0.00623317674374858	chr15	101697413	101698147
peak_2948	31.6859900079416	1.23514848147993	0.471458018969468	0.000475320551489788	0.00628819243338307	chr1	58718055	58718730
peak_59516	17.9092191530431	1.42245852206661	0.529558097480554	0.000478108069502597	0.00631687432797601	chr20	53892894	53893523
peak_70765	35.1302504364748	2.2193786491788	1.15213811712928	0.000479514811528718	0.00633053914567666	chr4	4461734	4462803
peak_63117	35.0729448750823	1.12971305812109	0.41805115271553	0.000479804653251889	0.00633108696964307	chr22	46660696	46661754
peak_107871	39.3786473168781	1.10920816839767	0.41040652431178	0.000479790067467388	0.00633108696964307	chrX	149521098	149521787
peak_99976	40.6350030726957	1.07420245476194	0.390324728935873	0.000481663117841379	0.00635067900860113	chr9	21919513	21920322
peak_54486	17.9618427992569	-1.51517209982686	0.594274332484592	0.000482732568334757	0.00636313410783762	chr2	176852696	176853033
peak_78845	30.1198736524864	-1.1944063714853	0.443065352167377	0.000483642237148137	0.0063723813316573	chr5	95622215	95622741
peak_84083	14.5780106014357	1.62125802045081	0.631673912907011	0.000483684065302509	0.0063723813316573	chr6	42402257	42402723
peak_73244	32.5921668511087	-1.24953663798881	0.485074313686352	0.000484114508168311	0.00637475782889192	chr4	89337238	89338726
peak_10560	20.319428563125	1.53511508415396	0.641790220461915	0.000485456933493289	0.00639078420115901	chr10	22631884	22632338
peak_63685	14.3763240056056	1.69152129237051	0.686185797466949	0.000485709306656836	0.00639245604264466	chr3	12471006	12471567
peak_69313	44.2273988776503	1.02650286818623	0.37018389204129	0.000486403660906058	0.00639716944481104	chr3	171257011	171257662
peak_28860	28.1691914394991	1.15485336963115	0.41962290990397	0.000488315345753342	0.00641028181122005	chr14	35285519	35286575
peak_32613	19.8326998974618	1.54174020561669	0.646331315662943	0.000488321000956707	0.00641028181122005	chr15	52559147	52559836
peak_5483	11.9206379935579	1.75462962013511	0.676494172159601	0.000488767787640744	0.00641449534637091	chr1	151846359	151846995
peak_4499	19.007560848454	1.56123824131791	0.64748127809096	0.000489401676352831	0.00641950961423346	chr1	107829062	107829943
peak_22452	16.7232433988115	-1.58541960569192	0.613913956185363	0.00049021107161292	0.00642847265875935	chr12	62158868	62159270
peak_29646	15.9396880639814	-1.72482477914321	0.708052777290454	0.000491043849136692	0.00643651175783701	chr14	61911583	61911918
peak_63563	19.2500738728333	1.66570051052902	0.775098589710952	0.000491078332397443	0.00643651175783701	chr3	9912404	9912806
peak_15782	12.9267253178613	1.91355301533241	0.876845489002996	0.000492888539777448	0.00645031188118403	chr11	18280427	18281066
peak_65806	45.2917800810813	1.01506122498973	0.366145506343286	0.000492688057561608	0.00645031188118403	chr3	62318618	62319571
peak_65694	18.728079134461	1.53614352361131	0.610899167907944	0.000497316283866295	0.00650324905083532	chr3	58899418	58900440
peak_56423	22.0196846991001	1.34182310808869	0.51021331866392	0.000498241613278139	0.00651367869092288	chr2	224933425	224933851
peak_22977	23.8915784115284	1.39922569634433	0.560741133723358	0.000498795652852596	0.00651757948650498	chr12	75934473	75935876
peak_9376	19.4824103798271	1.59596582504486	0.691980053258247	0.000500168106392482	0.00653347106129915	chr1	244322998	244324247
peak_107420	28.0128457759841	-1.18401697024811	0.431647277703105	0.00050093792086408	0.00654054310708732	chrX	134186670	134187230
peak_19543	25.3752477640122	-1.24041948275072	0.459377748263588	0.000504717007853075	0.00658482634657034	chr11	128195051	128195489
peak_32897	24.872922832886	1.29963701272003	0.498421048660304	0.000507592008608236	0.00661725547197635	chr15	60569589	60570060
peak_87689	27.2351840345486	1.3151285852985	0.518201846245321	0.000508101626136918	0.00661883523237583	chr6	150894907	150896288
peak_19373	33.6038519524811	-1.25133364937432	0.497924856127201	0.000510557969923947	0.0066457259776723	chr11	123559883	123560670
peak_55642	18.1233053009072	-1.43127220255927	0.540012671692047	0.000512930525020863	0.0066732012627491	chr2	204242854	204243460
peak_84403	28.1556862240396	1.25775680541156	0.486439556497412	0.000514083702610646	0.00668479256855557	chr6	52296599	52297167
peak_17283	28.8395648602675	-1.19891745192809	0.448227649298866	0.000514568651765398	0.00668939247295018	chr11	67103752	67104429
peak_74238	28.7166121483138	1.27086758127528	0.496174235251586	0.000515671463137063	0.00670202019360344	chr4	121253992	121254768
peak_71122	10.2693946854069	1.94779988895527	0.786383888733061	0.000519251725151952	0.00674683192115123	chr4	13476999	13477369
peak_10024	22.6327844672944	-1.28445631491263	0.480947941244419	0.000523136997846141	0.00679212196897971	chr10	8444598	8444902
peak_43797	20.4793266476381	1.52301167021343	0.629455559477539	0.000523564823352821	0.00679421636127944	chr18	58297120	58297743
peak_32570	27.0103641754795	1.21691093039505	0.45511384502098	0.00052724624315048	0.00683329358242766	chr15	52021271	52021563
peak_107542	17.886798573527	-1.44129409190882	0.548542828036317	0.000528977307397928	0.00685198854604497	chrX	136630852	136631361
peak_9174	42.9283255911964	2.04475705206511	1.08721624276327	0.000530587498038772	0.00686729685253484	chr1	236533849	236534775
peak_24418	39.7458221678145	-1.05900371055383	0.388484280698444	0.000530678021397781	0.00686729685253484	chr12	116195054	116195553
peak_12441	34.4215685621808	-1.03675799899188	0.371233577059594	0.00053114024736529	0.00687153429387634	chr10	74967843	74968912
peak_39521	20.5653624034898	-1.38455135936303	0.536188686536634	0.000532581859598245	0.00688843701001424	chr17	38718612	38718889
peak_83874	34.120155321555	1.07431026107163	0.391509617504783	0.000532990801915578	0.00689197794229462	chr6	37507997	37508605
peak_43884	22.3525825279947	1.41329426822351	0.56351987884048	0.000534414672606505	0.00690688631115723	chr18	59902248	59902570
peak_29988	26.1522840572326	1.20284496748029	0.448459963931974	0.000535873574289263	0.00692398633013492	chr14	69685227	69685988
peak_71406	22.3080503223233	1.36529000614301	0.540257612473886	0.000538132808899954	0.0069496553684329	chr4	25854995	25855430
peak_1290	21.5349068941564	-1.35937114814339	0.524325994308671	0.000538718994407515	0.00695546382599685	chr1	23916834	23917069
peak_6437	17.2689211680318	1.50488220637597	0.594070024245983	0.000539024090010113	0.00695764107677357	chr1	172154376	172154990
peak_39682	17.7539286642714	-1.46373295015628	0.566693797348023	0.000539424560709625	0.00696104800109869	chr17	40597244	40597462
peak_34090	10.6821139206151	1.85880928821929	0.737497711442308	0.000541264983007067	0.00698126395739902	chr15	86611724	86611961
peak_88000	11.3094434506065	1.80550625260309	0.703046384633909	0.000541233979944572	0.00698126395739902	chr6	157535959	157536355
peak_59550	9.24663547159349	2.10819045335672	0.873721750409921	0.00054196652526281	0.00698854457689672	chr20	56374072	56374277
peak_7105	20.5748467133946	1.38302104586953	0.537888028048467	0.000545214777710537	0.00702687579786387	chr1	192550797	192551517
peak_75081	15.7128485172808	-1.63472852970271	0.653850176344771	0.00054543564416107	0.00702794585625381	chr4	153398701	153399059
peak_8279	32.7201442467607	-1.11811416645981	0.415770336510754	0.000546400244659924	0.007036818104125	chr1	215567154	215568055
peak_72741	25.4835325830577	1.17828872999391	0.434405569932968	0.000547069360387847	0.00704365616382192	chr4	77145948	77146916
peak_49819	26.0485829279232	-1.19934247466508	0.447956637765578	0.000550715622617797	0.00708166121936721	chr2	45860343	45861067
peak_4987	30.4174480331443	1.12668272463979	0.416793808245823	0.000552604922941646	0.00710058331681018	chr1	117093168	117094223
peak_36105	14.7850974566614	1.64144152505518	0.666940714370399	0.000552874887742649	0.00710226228935417	chr16	46961610	46962086
peak_29202	24.9882136155211	-1.22903536794033	0.461158352182858	0.000553619652037485	0.00710645810140564	chr14	50813499	50813950
peak_8754	17.2722138204911	-1.48099187795178	0.576246585831694	0.000554921196475561	0.00712137229385929	chr1	228154982	228155183
peak_14099	37.8828471155838	-1.09285066110612	0.411283650873162	0.000556438028874607	0.00713904110221457	chr10	118658151	118658848
peak_8413	21.304623305255	1.36899441007317	0.539752181462768	0.000556843961828498	0.0071424518837202	chr1	221839752	221840571
peak_57888	15.4494526749821	1.6724019513827	0.719252968687986	0.000557403422207099	0.00714782969935895	chr20	16732746	16733023
peak_90953	21.4088694462318	1.31208373808611	0.498769624811595	0.000558318584587223	0.00715776498711697	chr7	66758566	66759361
peak_5834	18.5287435033743	1.48083419358771	0.593707228903145	0.000559802156726891	0.00717498058393094	chr1	157695346	157696107
peak_31345	43.7638724289994	-1.10417278978024	0.422080156616831	0.000560315055344495	0.00717687480112092	chr14	104389512	104390263
peak_103050	13.798202216488	-1.82408186239252	0.81573687092584	0.000560352777771484	0.00717687480112092	chr9	130138844	130139150
peak_57051	22.3164963061801	-1.34637117777473	0.523663026157305	0.000560763433107572	0.00717827878494167	chr2	237707519	237707800
peak_95391	12.1717313905469	1.93156220648592	0.947839646654123	0.000560632940446028	0.00717827878494167	chr8	25467249	25467939
peak_43435	27.1467772840612	-1.18515816586339	0.444178880452592	0.000562236936443733	0.00719352884354333	chr18	46672215	46672877
peak_8218	17.0299320983118	-1.45776349802385	0.561416542023086	0.00056360819004375	0.00720926421915972	chr1	213985375	213985740
peak_16746	16.8815086385137	-1.53682743325476	0.602929570763133	0.000564709303779129	0.00721972631957941	chr11	58927412	58927888
peak_63693	22.4867430725694	1.27910134458572	0.480011780908552	0.000568470955553425	0.00726599652540661	chr3	12560788	12561121
peak_104555	17.2355424012233	-1.46543485409023	0.560914612946084	0.000568965401345632	0.0072704937225585	chrX	20354542	20354811
peak_64948	17.0363364907881	-1.52883144065297	0.607295267251961	0.000571155568834192	0.00729665192497623	chr3	43246840	43247493
peak_20369	18.4266764896296	-1.44249837878276	0.565150376326638	0.000572956609053967	0.00731233183209652	chr12	8127142	8127475
peak_37624	12.7108852165939	1.67254413604822	0.655077673511293	0.000573374815792477	0.00731583792742624	chr16	87986373	87986876
peak_44327	18.8978803276283	-1.42331745519589	0.563800158158247	0.000576391509126525	0.00734881157397474	chr18	75161478	75162154
peak_72677	20.8118784652951	1.46735714851519	0.612540101321206	0.000576893977150629	0.0073532434714213	chr4	75954458	75955513
peak_32595	40.0544723193915	1.11702863156803	0.43054893225093	0.000578558163277813	0.00736906482959844	chr15	52261398	52262193
peak_94401	16.1909946018849	-1.55996882547723	0.628014838657663	0.000578550831974825	0.00736906482959844	chr7	157890934	157891420
peak_55591	27.9182433965997	1.15554773668928	0.430473218075644	0.000579553135768292	0.00737525528877704	chr2	203811648	203812061
peak_102201	15.4119249514409	1.56583498679976	0.630758294242251	0.000579622797280226	0.00737525528877704	chr9	109411294	109412155
peak_58370	24.0222448915852	1.22832411108298	0.463884332778196	0.000579982709953881	0.00737799362517679	chr20	31720861	31721063
peak_10603	15.6410491296535	1.5220385054471	0.600584481664463	0.000581718764924229	0.00739454324318791	chr10	23365559	23365895
peak_1268	44.8824740851487	-1.01657280284601	0.376988523178443	0.0005827290829416	0.00740208483493911	chr1	23627057	23628119
peak_54485	10.8841810214298	-1.91460815869196	0.779103694049994	0.000582747588111356	0.00740208483493911	chr2	176830480	176830635
peak_68711	29.417145714609	-1.1290725170797	0.420026981371899	0.000582508436370913	0.00740208483493911	chr3	151135575	151136179
peak_64906	16.6294203762745	1.42826710577383	0.548875664028242	0.000583394545032429	0.00740845685504942	chr3	42610941	42611385
peak_31834	27.1859815725	-1.21556822970593	0.465566642868214	0.00058524068689781	0.00742820056314955	chr15	28919290	28919978
peak_55950	15.6287761431309	1.64506719422526	0.706645370917941	0.000586787902215296	0.00744042973945513	chr2	213219712	213220278
peak_17999	20.8316211379439	1.41835815178263	0.580013164205524	0.000588209556321222	0.00745104408412269	chr11	86047356	86048074
peak_18455	13.2623219174535	1.68440152651008	0.680670307190933	0.000588754657549514	0.00745424508811014	chr11	102474328	102474761
peak_64322	24.7791935202119	1.31596154144153	0.527163568274159	0.000590957699585241	0.00747794364902694	chr3	29281816	29282935
peak_99109	30.5686890803943	-1.27549657837879	0.521130492156109	0.000591066428148483	0.00747794364902694	chr8	143529399	143529929
peak_25323	18.002839305251	1.48538374238348	0.604992767407625	0.000592003654270846	0.00748608589202713	chr13	21435898	21436504
peak_62157	25.1420839489769	-1.21452566662565	0.461517314714483	0.000592717715971088	0.00749139947112094	chr22	30296393	30297244
peak_101214	35.9411212159966	-1.08132662089475	0.398455219520557	0.000595905970001242	0.00752504504712135	chr9	79544305	79544899
peak_34036	13.0288399068046	1.64208534183303	0.646697597123362	0.000597230636647695	0.00753909414214394	chr15	85312528	85312978
peak_23060	37.6852633575942	1.09003921533493	0.412961826319831	0.000598424342796771	0.00755042403905869	chr12	77049297	77050494
peak_39600	35.2269995317226	-1.07967709964393	0.400100953406186	0.000599018231433879	0.00755604738938342	chr17	39800515	39800867
peak_58519	38.3811380137636	-1.00785313209693	0.368024650866802	0.000599302350743955	0.00755776147787071	chr20	33852823	33853735
peak_73126	14.0011741111731	1.6959109678958	0.71731211202884	0.000601285482260914	0.00757384090409701	chr4	87166110	87167075
peak_63881	35.4495499893799	1.03719344711093	0.379431252215314	0.000601980994055736	0.00758029216175	chr3	15310573	15311133
peak_85324	28.9253019761158	-1.20586227259414	0.464909274205022	0.000602855576901196	0.00758943072688503	chr6	90249139	90249887
peak_42289	30.53789166039	-1.21311368699284	0.479467306723956	0.000607423851731249	0.00763897253956493	chr18	5542969	5544195
peak_82913	21.5915286875527	1.3515458578962	0.536308283086384	0.000608657504534278	0.0076492510540263	chr6	20409545	20410218
peak_86231	38.5210479231283	-1.07663384185467	0.406606317222466	0.000609078499975701	0.00765077023891625	chr6	118660016	118660519
peak_53248	11.2350943092917	1.78946674605965	0.728227313544761	0.000610059688509321	0.0076593211717154	chr2	144548745	144549073
peak_73418	27.7463292721848	1.28928566881516	0.525327560423631	0.000613726609714871	0.00770156655745075	chr4	98288177	98289287
peak_71319	18.0917903824833	-1.51888167478697	0.64004507497366	0.000614512853040411	0.00770953551307047	chr4	22444329	22445134
peak_93178	32.7714136862904	1.06537176676325	0.394526911044026	0.000616982173341146	0.00773480528398615	chr7	130926275	130926689
peak_29932	12.5439801285381	-1.78430017555371	0.743426654970359	0.000617356771841779	0.00773759891079767	chr14	68918766	68919044
peak_78896	20.037800029435	1.35640107469918	0.524903227337634	0.000620173015850946	0.00776907650766003	chr5	96538796	96539199
peak_62701	54.0510566571052	-1.02897687433883	0.396494013284491	0.000621717199644092	0.00778348172210671	chr22	40009772	40010350
peak_13657	34.3485272174681	1.09871148606956	0.416908766953045	0.00062287023859576	0.00779520421822371	chr10	103747356	103748557
peak_51714	16.5100508354185	-1.58932021264059	0.653291276948284	0.000623579558986787	0.00780025205949468	chr2	100650235	100650506
peak_88134	24.5546546254271	1.2332098503579	0.476381122859786	0.00062429658092184	0.00780730573335319	chr6	159008706	159009309
peak_32892	31.3325146353781	1.08651380856956	0.406033043953768	0.000629430460956267	0.00786379355116791	chr15	60551241	60552086
peak_45213	12.5097924938637	-1.71222431446114	0.689707443985147	0.000629421198217932	0.00786379355116791	chr19	6891949	6892286
peak_50792	11.7302913546138	-1.78427793348395	0.72594992380884	0.000630056389102002	0.00786968521674538	chr2	70785442	70785591
peak_51571	9.66177256269565	1.9119947212381	0.767692359743105	0.000631098384465464	0.00788076958862506	chr2	97688363	97689069
peak_47645	38.8318812901205	-1.0212432910699	0.37874555594656	0.000634055329196401	0.0079080100328786	chr19	51690056	51691034
peak_23013	22.4230283803566	1.41370054936915	0.587673660267581	0.000635432727139925	0.00792325092344245	chr12	76470312	76470923
peak_38111	27.8691359062226	1.13672136270608	0.427736298885116	0.000638365491203868	0.00795207856034288	chr17	4696141	4697067
peak_51970	13.4635087062388	1.64216303641883	0.675539339143347	0.000638368523663033	0.00795207856034288	chr2	106058563	106058966
peak_61850	21.0561428066793	-1.38184841370123	0.553460971662852	0.000642925728750634	0.00800493558146027	chr22	23225976	23226692
peak_35729	17.9911748523083	-1.39055445226614	0.541555057868711	0.000645605209063923	0.00803072616846944	chr16	27280990	27281601
peak_89662	44.0003521803096	1.01036703454083	0.37903271781023	0.000645625394793288	0.00803072616846944	chr7	24910849	24911562
peak_92685	17.1375015896497	1.58909518462888	0.706183422892537	0.000645627163624451	0.00803072616846944	chr7	115229297	115229947
peak_50647	14.2098951195487	1.5868031408585	0.639851106923056	0.000648061647844456	0.00805314920229038	chr2	68505916	68506712
peak_6931	19.8381924893899	1.40690757346538	0.576385122440817	0.00065341694427439	0.00811376432556601	chr1	184904920	184905793
peak_53820	30.9176012196169	1.19131600081208	0.471658976216457	0.000653327348502178	0.00811376432556601	chr2	161166496	161167276
peak_54029	20.1987441693391	-1.3937452298555	0.560412067483062	0.000654142814538655	0.0081207999858943	chr2	168432715	168433284
peak_53344	28.7732337115931	-1.20805598748935	0.471944314441832	0.000655580577887395	0.00813666780529862	chr2	148528372	148528757
peak_6344	36.1651621688291	1.97470722333267	1.05732110089961	0.000659301566202799	0.00817489048015951	chr1	169571330	169572688
peak_87096	18.9477338923512	1.43059007247258	0.585604239037737	0.000662143361430068	0.00820813066517711	chr6	138514789	138515287
peak_76925	32.6556211094501	-1.13133772166973	0.435152217331734	0.000662981888448777	0.0082150616886019	chr5	33858767	33859778
peak_23059	16.3737709931216	1.62470511447026	0.706574879669531	0.000664391069237277	0.00822999102432746	chr12	77031812	77032698
peak_18256	19.5264343996749	1.42083119961538	0.589136621915988	0.000666714729735899	0.00825275970146019	chr11	95625124	95626000
peak_79891	26.3227861313714	1.23292945428146	0.480575497919023	0.000666692362599312	0.00825275970146019	chr5	131396031	131396337
peak_48532	19.0591792346331	1.50753175588227	0.667980637804928	0.000667004303745853	0.00825434015310341	chr2	12441820	12442885
peak_50797	12.2790192395718	-1.7130516198142	0.69448530002896	0.000667619950109174	0.0082599540830542	chr2	70851809	70852036
peak_85794	19.264834274013	-1.388430704953	0.556263467332255	0.000674926996768201	0.00834226129872085	chr6	107793250	107793857
peak_53683	19.7516778321337	-1.50294977558265	0.645653183387219	0.000679179271346043	0.0083875031135697	chr2	159092036	159092363
peak_55923	25.5881722920547	1.22820568239599	0.484459704539895	0.000679472104766035	0.00838827233259106	chr2	213065941	213066622
peak_92852	21.802286163495	1.47769112302318	0.659787371356259	0.000680506793836164	0.00839494783221163	chr7	121372560	121373447
peak_30974	34.8714845475131	-1.06429289830505	0.404035653155764	0.000681512783072074	0.00840532432455557	chr14	98167386	98168569
peak_107409	48.8319514205552	-1.02843690598378	0.397498554662908	0.000689073347094048	0.00848215685054011	chrX	133985112	133986039
peak_80080	32.3075986289635	-1.14529835364306	0.448600357992318	0.00069032468451818	0.00849345906487547	chr5	134124563	134124856
peak_80320	39.4099101216619	1.01198944374692	0.380299245577049	0.000691223630726694	0.00850246756000753	chr5	139389787	139390254
peak_570	27.7095941997468	-1.2453470367722	0.502636860631312	0.000692198287172827	0.0085124027664722	chr1	9850230	9851068
peak_73118	16.6078253807037	1.51978349586988	0.63780425628324	0.000694735196188606	0.00853608703844202	chr4	87060968	87061511
peak_32603	20.1640002214892	1.37097302476027	0.563827669833607	0.000696542029482478	0.00854932400462052	chr15	52466206	52466714
peak_97711	25.628690725086	1.33655013651541	0.57397375345653	0.000696442022790411	0.00854932400462052	chr8	102107882	102108715
peak_99500	23.8237935109225	1.28961625739492	0.517329504970969	0.000698929720595358	0.00857656576035497	chr9	5948991	5949608
peak_17905	17.7975033667009	-1.41729821695234	0.564302730060514	0.000700141103875056	0.00858729716674852	chr11	82750645	82751242
peak_59287	12.7547534503801	1.72924436056839	0.765249899251478	0.000701864838804775	0.00860230174906052	chr20	49699127	49699892
peak_75218	21.2849360231632	1.3695471741103	0.551681157294022	0.000701958169321209	0.00860230174906052	chr4	158905877	158906632
peak_93943	13.3848711859375	1.65115436091234	0.696619511847068	0.00070203933585378	0.00860230174906052	chr7	149440102	149440636
peak_27371	36.4007249543956	-1.03276932732659	0.385825666584913	0.000702293497397935	0.008603348452266	chr13	87671119	87672225
peak_3619	27.2044193525938	-1.16962350130965	0.449043724039217	0.000705482240214845	0.00863709577636481	chr1	83692481	83693276
peak_29196	28.8119950247662	1.14532841511914	0.444576766556665	0.000705556503914005	0.00863709577636481	chr14	50726216	50726941
peak_32491	11.6235283851849	1.69680826206513	0.691279889766146	0.000713413157826865	0.00872123365842789	chr15	48966690	48966874
peak_99717	22.2254603573501	-1.3287417481531	0.537022090116204	0.000713455960249926	0.00872123365842789	chr9	15354877	15355108
peak_106834	31.3895956689348	-1.08949276522623	0.413926486885065	0.00071380979986539	0.00872346751101073	chrX	118116106	118117644
peak_19289	29.3742009918875	1.2697478798126	0.538683829312407	0.000713987743268321	0.00872355118099176	chr11	121650465	121651182
peak_73966	20.3040250316379	1.52039246611737	0.724722348808239	0.00071425560833626	0.00872420748144358	chr4	112171794	112173187
peak_87028	14.6807543152939	1.64688157639405	0.748683386224544	0.000714383678559348	0.00872420748144358	chr6	137676795	137677547
peak_19672	21.7521449415212	-1.34992798365595	0.560477468904347	0.000715673423935044	0.00873786522814946	chr11	129888302	129888934
peak_47759	30.9018747390415	-1.14305277900726	0.444309520631073	0.000718052763805163	0.00876062173136397	chr19	54378135	54378794
peak_33013	34.3825746639706	-1.10712410522585	0.432723918958367	0.000719003490094801	0.0087697147947727	chr15	63473465	63474403
peak_18477	11.7836154001058	1.71672368606363	0.704324183511951	0.000720488198228282	0.00878192954216285	chr11	103070231	103070424
peak_34391	13.2033543334454	1.60651926511011	0.661650188982697	0.00072190304694087	0.0087949698330531	chr15	93141161	93141725
peak_47015	145.453628559811	-1.78855672317105	0.943034567315994	0.000721822268089195	0.0087949698330531	chr19	43470154	43470629
peak_82350	17.2371621795115	-1.5595302714374	0.665716117052583	0.000722495803479063	0.00880008863740648	chr6	6581049	6581442
peak_77449	18.2525988649812	-1.4762073272206	0.63221876555506	0.000724396875726651	0.00881482078897351	chr5	54440291	54440980
peak_9957	17.0920984510653	-1.47954033392932	0.615453881133236	0.000724839878701875	0.00881810690897012	chr10	7271802	7272458
peak_41334	31.0063645216396	1.05418900833858	0.394708784493117	0.000726693028900358	0.00883854264587635	chr17	74279941	74280534
peak_67285	21.2044021210325	1.27874791326788	0.506820741500007	0.000733195663468795	0.00890276591989044	chr3	114338383	114339301
peak_50389	11.69967920152	1.853946278044	0.885212255318971	0.000737221183619759	0.00894525446645336	chr2	62055077	62055913
peak_13989	21.8988645419401	1.34886638666384	0.56685644310903	0.000740186089699843	0.00897695717636446	chr10	114615497	114616340
peak_57986	13.5792910053919	1.67510697422079	0.743755043511055	0.000744228696779556	0.00901740597290933	chr20	19968541	19968913
peak_12287	15.4261155344073	-1.51600019037535	0.621013623599597	0.000747417463908132	0.00904959078955593	chr10	71933582	71934064
peak_86766	21.3778905892187	1.40442288957287	0.607109631906005	0.000747616956187685	0.0090498571054571	chr6	132749212	132751056
peak_10354	39.8759967676913	-1.07655252127775	0.418528954987562	0.000748186863210714	0.00905030970525776	chr10	17003055	17003446
peak_55436	14.3164791705123	1.52315075022763	0.61705189187867	0.000749980285523298	0.00906770093376592	chr2	201151121	201151879
peak_50759	17.6466908131556	-1.53388298919661	0.667379704416201	0.000752693898622195	0.00909188607324124	chr2	70161054	70161644
peak_87592	47.5481538696785	1.06726746187625	0.417986304321062	0.000754356283180514	0.0091098080185319	chr6	149488805	149489160
peak_34678	13.6115346290817	-1.64963492022644	0.685439562753049	0.000755487612907835	0.00911915043364556	chr16	380227	380445
peak_10330	22.6042553512109	1.47385690712927	0.723079560380652	0.000757434510261519	0.00913869165238993	chr10	16440820	16441467
peak_92297	20.8781882170145	1.32094841015273	0.539520176905322	0.000757614037846077	0.00913869165238993	chr7	105298300	105298990
peak_61808	31.4742569644757	1.09522661112438	0.425865601055169	0.000761077645768564	0.00917359452651442	chr22	22787834	22788732
peak_62145	21.8358721811876	1.24982597997458	0.494035230330714	0.000760902235775019	0.00917359452651442	chr22	30196255	30197061
peak_11139	20.3288718574288	1.4268248041495	0.629015220909075	0.000761441291305912	0.00917580847991567	chr10	35208507	35209371
peak_4350	25.8583892667312	1.26231617145968	0.52161163104596	0.000761894751561558	0.00917910345064215	chr1	101081207	101081861
peak_23452	32.207564044307	-1.04481124001705	0.393199711021967	0.000762500395929354	0.00917989260610485	chr12	92907961	92908419
peak_58107	35.5475277005247	-1.11466636909751	0.446511887460794	0.000762434127477108	0.00917989260610485	chr20	23919653	23920542
peak_29908	10.6610302478339	1.87625847031142	0.852587973709436	0.000763404437846796	0.00918860686214749	chr14	68719778	68720150
peak_9039	24.6653178517613	-1.24377618801332	0.502855120877023	0.000766818218707265	0.00922098907995486	chr1	234405347	234405868
peak_49717	18.432348850327	1.54537084554562	0.695155761418661	0.000766737398033038	0.00922098907995486	chr2	43508262	43508685
peak_38539	25.0071302254376	1.30868374938334	0.555299317728658	0.000770059656906866	0.00925129438548577	chr17	14192417	14193448
peak_67400	28.861590798937	1.1510135520675	0.455580301569113	0.000770064201388648	0.00925129438548577	chr3	119627537	119629037
peak_101988	18.6343619175636	1.46752554837721	0.642976745342075	0.000771137544863573	0.0092598254504037	chr9	100087326	100088392
peak_55612	25.4050568283951	1.18627077132504	0.468459930804995	0.000774680003078712	0.00929548524739956	chr2	203943443	203944037
peak_62668	14.1824841129549	-1.67056691495249	0.761898541826993	0.000775760794183672	0.00930219657860976	chr22	39612960	39613548
peak_13006	29.0206477203163	-1.06703557040057	0.404222807996987	0.000776589331899989	0.00930930422156458	chr10	89412335	89412540
peak_57039	23.4360958721649	-1.23315405224246	0.491650700039362	0.000776718710205463	0.00930930422156458	chr2	237581642	237582140
peak_21161	19.4990950392372	1.5175117532388	0.707717243192236	0.000777635019391658	0.00931809614540613	chr12	29164635	29165189
peak_25727	23.6649301297474	-1.21364180193966	0.477648497236666	0.000778274659079284	0.00932356949431776	chr13	30119570	30119751
peak_102052	11.9671341344117	1.72429886571428	0.745592008115316	0.000779097548307116	0.00933123504768302	chr9	103991799	103992285
peak_33197	13.5450732759287	-1.58031420116971	0.648157140888444	0.000780612908031725	0.00934718301126951	chr15	65881923	65882413
peak_25824	20.7131190376916	-1.34534957922401	0.556850716565752	0.000782502816974273	0.00936541986531697	chr13	32046209	32046744
peak_23931	30.6395827230528	1.12872584341173	0.447526484023766	0.000784929243752071	0.00938466589248514	chr12	104670022	104670744
peak_103153	17.4622792831446	1.46292134952559	0.616926758571885	0.000784652310433521	0.00938466589248514	chr9	131731691	131731848
peak_65945	10.4853793938626	-1.83518910483037	0.76410722659223	0.000786760802650718	0.00940313790059764	chr3	67941538	67941895
peak_81178	32.0094471431064	-1.10527375257854	0.433312669106387	0.000790187453918902	0.0094396667116938	chr5	159309794	159310895
peak_35652	12.0223664064306	1.74048594780893	0.767174261530873	0.000792245663871257	0.00946203734320447	chr16	24072518	24073137
peak_62980	20.5453639323071	1.29009821844616	0.510959565067768	0.000798170363020944	0.00951941850970429	chr22	44026868	44027335
peak_103119	15.1026695515569	-1.55861794537797	0.650136165913478	0.000799233611411904	0.00952764201810786	chr9	131358498	131358891
peak_51287	24.9671892744699	1.17562479353841	0.460007296245024	0.000800255746415033	0.00953536795669944	chr2	87509629	87510421
peak_56418	29.6835188671739	1.11548417314027	0.438193233591541	0.00080112934972205	0.00954354696844123	chr2	224909930	224910767
peak_27614	15.0531507969373	-1.52207120135275	0.643896850811129	0.000810026183354398	0.00964052170506707	chr13	97460470	97461163
peak_86700	12.5320140789287	1.65424789094177	0.693723243616114	0.00081168122427948	0.00965796473771612	chr6	131265367	131265965
peak_10204	34.9148792836098	1.0212881840888	0.389685024022651	0.000814831957493156	0.00968867121845756	chr10	13340095	13341265
peak_31670	35.7492454686109	1.11376468537232	0.441264109964384	0.000815174345792991	0.00969048244220132	chr15	22254038	22254687
peak_98295	38.8322387243341	-1.01951211092804	0.393717667146766	0.000817038905948417	0.00970812063823957	chr8	123534543	123534946
peak_51692	25.6920809104219	1.15428387539786	0.452215344108121	0.000819795926304366	0.00972954262070633	chr2	100291204	100292064
peak_90054	19.4642216302721	1.28655941552572	0.510744735754921	0.000819643343975319	0.00972954262070633	chr7	35723081	35723373
peak_84147	26.7356985320797	1.28907346227347	0.554687581465014	0.000821210075695255	0.00974179081419225	chr6	43223040	43223398
peak_97386	19.156965646849	-1.35694217287665	0.55818412019681	0.000823463082223195	0.00976170395494811	chr8	94440543	94441178
peak_22731	16.7406697415131	1.53709361321864	0.70505883577858	0.000824523887053054	0.00976973620852591	chr12	68203386	68203887
peak_9760	34.7288006583051	1.01985495616237	0.389941860451347	0.000825870565116818	0.00977660474414815	chr10	3811371	3811893
peak_13159	13.8803551559707	1.52243212027384	0.628311207889186	0.00082586379904064	0.00977660474414815	chr10	93503100	93503555
peak_52044	15.9131418386428	1.6489452469161	0.818743577022068	0.000825588876006879	0.00977660474414815	chr2	108580639	108581310
peak_54666	20.5312390714634	1.39319804627188	0.605545475578561	0.000825617680058353	0.00977660474414815	chr2	181470966	181471567
peak_65560	17.1699484329834	-1.58318486107914	0.715322240417761	0.000831058104491508	0.00983116670895685	chr3	55664301	55664711
peak_74602	13.9559583192259	-1.69950717119425	0.794073539368403	0.000834671872584259	0.0098647612646224	chr4	140061277	140061633
peak_26356	20.0907801276243	-1.3057587494423	0.532652885191319	0.000837504287964355	0.00989594290293177	chr13	46387082	46387770
peak_39531	19.1936454013798	-1.34138124943653	0.546241971868443	0.000837822396399617	0.00989740794782921	chr17	38891471	38891917
peak_31001	33.1298142991382	-1.08161611468187	0.424429502635173	0.000841206324492845	0.00993508122784161	chr14	98925767	98926602
peak_51204	13.5338135692253	1.59774678405626	0.687111580996075	0.000843325240682156	0.00995318998181028	chr2	86098282	86098831
peak_54926	32.5636738348756	-1.06836382117185	0.417120481667378	0.000847124552362259	0.00999340407837625	chr2	190627896	190628536
peak_10140	31.9188829856981	-1.15961756595183	0.482806893252881	0.000847702174260319	0.00999790494028144	chr10	11823234	11823938
peak_44898	23.822565003383	-1.15517975446534	0.451364286861342	0.000851380536053016	0.0100389657750229	chr19	2888741	2889232
peak_88413	13.3283824618429	1.57829976602131	0.658974578234204	0.000852295070388102	0.0100474257708226	chr6	166337980	166338283
peak_103606	26.0641730535813	1.23571123755752	0.510140914838338	0.000853375795614416	0.0100555161347808	chrGL000205.2	140212	140950
peak_26127	25.1019287836073	-1.26949652240099	0.534406871246151	0.000853692431622404	0.0100569229017329	chr13	41271354	41272300
peak_19833	22.7099253936556	-1.26124540425845	0.516410649009642	0.000856271866230981	0.0100849797578316	chr11	134655712	134657050
peak_41961	28.717279416936	-1.17176987336011	0.459803963854109	0.000857030367927764	0.0100869229776466	chr17	81663097	81663540
peak_88238	36.1532877651448	1.03639996645095	0.400464650855426	0.000862424299873519	0.0101457234317839	chr6	161076254	161076738
peak_96691	28.2342726100413	1.06803483840722	0.410886170094879	0.000863043553283622	0.0101483253246584	chr8	67580024	67580470
peak_82843	13.1111799153298	1.5793282923938	0.667686492634876	0.000863400718665638	0.0101501842383874	chr6	17673542	17674173
peak_80120	16.0146380757949	1.51373977079399	0.665565172341311	0.000864215892835124	0.0101574254292512	chr5	134608625	134609489
peak_91841	19.2426520403472	-1.29570035585075	0.522476900665355	0.000871089981586114	0.0102335008758409	chr7	96837501	96837927
peak_51283	37.6493570219864	1.02438549572899	0.399586435205563	0.000873492578100547	0.0102593624941337	chr2	87485582	87486874
peak_78459	26.6570413330131	-1.1426284795918	0.451339680776828	0.000875482866554259	0.0102803706665443	chr5	80210931	80211892
peak_62022	28.4269409378638	1.09888971482089	0.43269674440203	0.000876939757041262	0.0102951071730384	chr22	26642909	26643523
peak_32844	18.2556253011179	-1.4344913625597	0.626041484822627	0.000881795894852948	0.0103395498152856	chr15	59523013	59523449
peak_71430	22.4138785707786	1.44151499933128	0.70359677367164	0.000883229022606163	0.0103474988388322	chr4	26130452	26131544
peak_72016	28.9105310747086	1.25782298299304	0.564010962757379	0.000883153582567839	0.0103474988388322	chr4	48674775	48675912
peak_13865	29.1120654444279	-1.14823088298975	0.461928575915182	0.000884004924079064	0.0103542097539846	chr10	110869110	110869232
peak_77694	27.0762221097985	-1.11781039265988	0.440388498048872	0.000884877048884086	0.0103596650320101	chr5	58934154	58934853
peak_67366	17.1916839861809	-1.41663451635552	0.589133479845286	0.000886398308756394	0.010375092784723	chr3	118949302	118949805
peak_31486	23.8521917164823	-1.1783041123428	0.466966634276615	0.000887538719698599	0.0103858392457631	chr14	105981427	105981940
peak_81109	22.6093900286476	1.18897431818265	0.47102124009455	0.000888320515137212	0.0103904358304166	chr5	157607544	157608166
peak_90331	19.5105850221152	1.42265790696112	0.637192514050437	0.000888565017126838	0.0103909119181718	chr7	43314151	43315029
peak_53745	21.8684877310805	1.31773978603048	0.56844796958118	0.000891187244264326	0.0104144104597893	chr2	160224118	160224744
peak_70093	20.9298182935796	1.2692597991716	0.522750724976045	0.000891621311596679	0.0104170953696307	chr3	190617867	190618893
peak_99468	26.2594317419147	1.15874087170313	0.467251257528482	0.000892465589584835	0.0104197963248391	chr9	5509947	5511007
peak_64055	25.611123327488	1.11820661892783	0.439250935652017	0.000894708955405571	0.0104412064088598	chr3	18649369	18650298
peak_38866	12.7947408488133	-1.62032449538755	0.690496035509855	0.000895217756807543	0.0104447534436131	chr17	20267535	20267862
peak_68189	36.1196940487679	1.15088157222298	0.486857915113723	0.000902469494980053	0.0105221380450613	chr3	136919666	136920206
peak_80023	14.6765561126552	-1.46509814489731	0.605342089351249	0.000904465725085382	0.0105381831488125	chr5	133258874	133259597
peak_36520	29.0689415522872	-1.15568232333954	0.473679145525151	0.000907383840140705	0.0105697675287672	chr16	57689289	57690179
peak_39642	20.0569677068352	1.24860078651284	0.500900157866707	0.000908269934383994	0.0105776726529242	chr17	40314716	40314877
peak_11258	121.976007485569	-1.35351728752011	0.615994581131756	0.000909909090144251	0.010591923486323	chr10	42932775	42934517
peak_29787	13.4936254659113	1.66221150683978	0.787645044102242	0.000914631233443845	0.0106299038222858	chr14	65433058	65433919
peak_13609	17.7207487669993	-1.34726910445968	0.549811381778211	0.000914962510343837	0.0106313305725595	chr10	102774002	102774274
peak_35389	20.6919876816229	1.43349439311838	0.695457801490605	0.000916234238422122	0.0106436816769629	chr16	16040985	16041737
peak_21594	30.8117351297267	-1.08600798325886	0.431000758179406	0.000920107906131938	0.0106813801689533	chr12	46585623	46586305
peak_19072	14.6041074701548	-1.53093260930341	0.651469611835208	0.000921167855296197	0.0106888175398571	chr11	118201013	118201321
peak_44579	16.5231698160153	-1.43593369583028	0.612168900291079	0.000922071068113417	0.0106968635901776	chr18	79914173	79914620
peak_72882	35.7939511084542	1.11379614216306	0.466953549186653	0.000923313109686668	0.0107088358076625	chr4	80422883	80423620
peak_25612	29.9725982694968	-1.09605908660348	0.436212181008928	0.000932678055496318	0.010805163221435	chr13	27442176	27443046
peak_62252	14.3726613951495	1.60548750713447	0.742253029347037	0.000934815130824519	0.0108200872327398	chr22	31552480	31553420
peak_47513	21.3633765500406	-1.21274103779977	0.485399543531747	0.000937038218915494	0.0108433569291024	chr19	49552816	49553098
peak_84411	20.8651756718926	-1.25772540237758	0.510605745343229	0.000937805441461111	0.0108497726885265	chr6	52376110	52376411
peak_3113	11.7519484808776	-1.70358946613614	0.743932907724397	0.000939193322874782	0.0108633645100031	chr1	64527262	64527469
peak_91754	23.2201525371645	1.25512262298285	0.527641729841482	0.000941124586096847	0.0108807660196675	chr7	93245539	93246386
peak_93571	31.204447956857	-1.06365650942971	0.415999783839573	0.000942113885371772	0.0108872662193031	chr7	139731273	139731752
peak_7309	42.3009200266264	1.12458302188922	0.49504812643991	0.000944756065930708	0.0109153258050177	chr1	197761503	197763827
peak_20936	37.0575576106401	1.00011636189734	0.391342545063165	0.000947172163359234	0.0109407611964282	chr12	22163752	22164727
peak_20149	14.487826824233	1.53935838307838	0.665251432113099	0.000948207057218842	0.0109502201594099	chr12	4825484	4825861
peak_50880	27.0507719335963	1.13178930304555	0.457905638175301	0.000948420590435694	0.0109502201594099	chr2	72953941	72954512
peak_25314	15.8116432172769	1.51947579401018	0.69544412355219	0.000950553572966759	0.0109701677681891	chr13	21330275	21331095
peak_38998	30.3668968185324	1.03579515596751	0.403096382446146	0.000950663625173943	0.0109701677681891	chr17	27473636	27474270
peak_61144	30.5764085402643	-1.13961643214185	0.470346393558773	0.000950793774126775	0.0109701677681891	chr21	42925290	42925948
peak_310	14.3335292725822	1.45743543180488	0.611172455933709	0.000951879554865716	0.0109777269813127	chr1	5955140	5955974
peak_4939	12.6760453645239	1.57621083879426	0.674099181136734	0.000952198110983748	0.0109789174325232	chr1	116605959	116606452
peak_51641	28.2050572649713	-1.08344423828155	0.425286359789682	0.000953906447445265	0.0109961279967091	chr2	98757968	98758358
peak_13702	18.0045351706486	-1.3372943145949	0.555833433362214	0.0009548540646058	0.0110035177324979	chr10	104587013	104587630
peak_59837	26.0506371444866	-1.19925004703915	0.496849878703876	0.00095694576835095	0.0110211965089545	chr20	62981024	62981331
peak_72855	34.8781533234928	1.79496744301211	1.01317672284467	0.000959197900334834	0.0110421458899236	chr4	80065187	80066054
peak_1227	21.7475451215373	1.24151778125921	0.507209321657638	0.000960373926393937	0.0110531884900951	chr1	23118950	23119576
peak_1436	16.8869664739746	-1.49243710848985	0.688734844268471	0.000961661983754663	0.0110630184800802	chr1	25771398	25771507
peak_10376	44.0873679681	1.08294371417212	0.457160144888877	0.000962475604795467	0.011069320293336	chr10	17443916	17444691
peak_30279	28.1669421424961	1.14692400582069	0.472753069773343	0.000963494303848679	0.0110741029251643	chr14	75539638	75540171
peak_48914	27.3642418885673	1.13879017131897	0.457489718982174	0.000966745606787629	0.0111039629438329	chr2	25305096	25305693
peak_81570	34.2957024890876	1.0006681945266	0.389672554516747	0.000966567740630599	0.0111039629438329	chr5	172807083	172807678
peak_19501	37.3169822426702	1.06125151618978	0.434232263572753	0.000971089124089457	0.0111488291107465	chr11	126465173	126466160
peak_45752	16.5344080547054	-1.4543538471806	0.63403878707236	0.000972368757683423	0.0111569425613254	chr19	15129962	15130073
peak_89155	16.2930546484416	1.45522635959947	0.634735169446284	0.000972452295581729	0.0111569425613254	chr7	7920514	7920928
peak_83393	30.6749064989668	-1.12579979714669	0.462204827749633	0.000977423209525612	0.0112064087611587	chr6	30885642	30886272
peak_30200	14.4294534907193	1.4398616843638	0.599466732911168	0.000979686334013714	0.0112247836912412	chr14	74573877	74574376
peak_35407	20.1083636878773	-1.29452025947596	0.533297274171299	0.000981869735559544	0.0112396969773774	chr16	17026738	17027233
peak_101046	27.2339490247824	1.26340395048348	0.572158569070208	0.000982101275914186	0.0112398239402381	chr9	75010354	75011684
peak_85692	19.1112025538177	1.3087245362465	0.54747775716995	0.00098384238471391	0.0112572234800322	chr6	106102159	106102410
peak_51819	13.5926837935554	1.51740290864242	0.648920268361161	0.000985165387978537	0.0112698322798909	chr2	102110912	102111541
peak_72527	11.8911180631478	1.66736236210132	0.756145822970168	0.000986333002243782	0.0112806582441457	chr4	71107760	71108313
peak_51497	13.8183168588064	-1.53983935453599	0.663662326712135	0.00098906502749216	0.0113093674572136	chr2	96256613	96257065
peak_12317	16.6407578251079	-1.37454375957839	0.575978219337899	0.000990053658770329	0.0113143124385886	chr10	72290989	72291299
peak_14190	10.9526146775216	1.70192321156904	0.738980823901654	0.00099036432768776	0.0113143124385886	chr10	119836627	119837271
peak_87843	15.2079466886624	1.44498907300139	0.619365142945679	0.000990012939587694	0.0113143124385886	chr6	154773607	154774294
peak_700	19.7679609840446	1.36351603893065	0.603885134552636	0.000990903905297388	0.011317703072467	chr1	12078749	12079724
peak_37889	20.888537966085	-1.26442762924178	0.515152325833959	0.00099122947202466	0.0113188859710301	chr17	1197804	1198419
peak_28083	14.0760698494254	1.61296091480825	0.765939243237149	0.000992525190545687	0.0113311440584779	chr13	110965181	110965633
peak_28976	15.5260392625773	1.4288522743111	0.607518605278064	0.000996781541703434	0.0113771890945358	chr14	39383111	39383644
peak_50397	19.1087760184963	1.32683203266289	0.565617552493416	0.000998387778497484	0.0113929720847074	chr2	62216694	62217800
peak_96949	13.7456573160545	-1.5389443306886	0.657715968758162	0.000999423886750499	0.0113996926822955	chr8	79760949	79761162
peak_7581	32.3291498880807	1.03899072621735	0.412800423812938	0.00099980222797925	0.0114014574805972	chr1	202162946	202163301
peak_29300	37.2533365163578	1.03206939949561	0.416204709529891	0.00100022102195741	0.0114036826980144	chr14	52960662	52961571
peak_35728	19.6738269214124	-1.30564360751926	0.541793524804352	0.00100106402044152	0.0114107422638568	chr16	27273872	27274672
peak_64501	15.5561036838819	1.52962361687533	0.728795104165694	0.00100150575166113	0.0114132258055866	chr3	32996172	32996705
peak_84785	15.6176156129982	-1.43589561838963	0.609548088546653	0.00100398201175286	0.0114359381606055	chr6	71228591	71229068
peak_97083	20.0296078114291	1.3135353689808	0.563330710903532	0.0010041716381954	0.0114359381606055	chr8	81831180	81831955
peak_11051	15.32205052346	1.51272849010794	0.699989228468396	0.00100522535557278	0.0114453818622674	chr10	33010138	33010526
peak_73429	10.5480202243336	1.81536269132592	0.890972092358969	0.00100841165757777	0.0114772337858151	chr4	98518783	98519185
peak_15497	26.3902985860237	1.10201274543233	0.439596743735434	0.00101161179857466	0.0115078177514787	chr11	12087194	12087898
peak_69886	23.6030417228568	1.16431799266784	0.474845001061873	0.0010130695250098	0.0115218297573387	chr3	186589945	186590618
peak_28143	13.6367005914945	1.52898341585847	0.673666735618956	0.00101465625366436	0.0115350999075301	chr13	112533207	112533880
peak_2293	16.7379029189854	-1.34964081235305	0.562348757183803	0.00101622861766887	0.0115448824198897	chr1	40840903	40841280
peak_71033	14.3741256483752	-1.54642928882581	0.698815671447243	0.00102003898780811	0.0115817224928647	chr4	10123720	10124112
peak_38996	28.2021772984599	1.09090868934604	0.438845497554481	0.00102217950308828	0.0115969835657452	chr17	27466321	27466997
peak_78186	18.4695328091868	-1.33203608950527	0.562973890395332	0.00102466302099508	0.0116223587065619	chr5	74631609	74631982
peak_89444	10.0415768045059	1.91776835787332	1.21146839105071	0.00102526453911049	0.0116242245477179	chr7	18638930	18639425
peak_48727	14.0372713885099	-1.50913291752114	0.640523223716886	0.00102568405882819	0.011626395603249	chr2	19474058	19474473
peak_63046	35.6038592412532	-1.20707467049207	0.56313770791752	0.00102914521339507	0.011655263849436	chr22	45341369	45341844
peak_79761	16.0311206540641	1.43428352461651	0.62948080001869	0.00102996108328941	0.0116619133450131	chr5	126730812	126731704
peak_60509	10.589534382074	-1.84901741359563	0.830209031882816	0.00103235868307326	0.0116864653230846	chr21	26686322	26686540
peak_94560	16.3162465773374	1.53297417975152	0.757696671031508	0.00103561182355078	0.0117180879794851	chr8	1476229	1476810
peak_37457	21.9553226319927	-1.23989372349547	0.516935274776804	0.00103650352243483	0.011725575459255	chr16	85104884	85105357
peak_33151	17.4541159861515	-1.35775758224767	0.573851515347305	0.00103998728998178	0.0117545537501687	chr15	65275003	65275562
peak_87557	27.1195557872423	1.11720338771869	0.454412740974968	0.00104232967308967	0.0117784177110261	chr6	149210564	149211371
peak_25589	29.2124828355298	1.18500581341754	0.513966453445963	0.00104617643406076	0.0118140313769705	chr13	27147197	27148095
peak_58435	28.6184000079328	-1.14934490091578	0.482780792581995	0.00105461542171801	0.0118987877609459	chr20	32528254	32528854
peak_66419	24.4831747417625	-1.15880830388309	0.477669355920635	0.00105569787887001	0.0119004669582283	chr3	89107336	89107918
peak_78040	16.2087302481481	-1.43462168183097	0.628584865268513	0.00105624436802553	0.0119029581286728	chr5	68875380	68875792
peak_49468	18.4861871068838	-1.41346969267728	0.635978907789701	0.001057315879858	0.0119090380357132	chr2	37892370	37893058
peak_62754	16.8429334812796	1.45605598058496	0.646156879996451	0.00105739252319605	0.0119090380357132	chr22	40582606	40583693
peak_84269	14.9702770903351	1.43069315311146	0.604284250924086	0.00106272866830629	0.0119652246795832	chr6	45436735	45437064
peak_102272	9.92332954291156	1.78641364805059	0.804300305323606	0.00106344124731706	0.0119692307805094	chr9	111805915	111806434
peak_73983	19.3380851569062	1.27223735998059	0.532214261894429	0.00106526933313493	0.0119861667127325	chr4	112327994	112328512
peak_40875	16.8688783676723	-1.35910216176446	0.580263875990003	0.00108586115588109	0.0121806539126418	chr17	63966802	63967210
peak_40585	27.7279270874163	1.21713235902011	0.551026957804552	0.00108664627621583	0.0121846815568815	chr17	57612501	57613156
peak_64814	20.527341740608	1.28237838131673	0.559758424790036	0.00108702571637929	0.0121862561951	chr3	40290361	40291114
peak_82799	21.7399883559301	1.21470687925742	0.509572287727137	0.00109236100932916	0.0122379956980128	chr6	16703952	16704954
peak_22318	33.5779802708459	1.19599151420025	0.558620709690226	0.00109273270866352	0.0122394705368889	chr12	57234557	57235206
peak_22559	17.4850717386789	-1.44087363793675	0.672921610540954	0.00109450139647968	0.0122565886670136	chr12	64571286	64571825
peak_41543	17.018203814674	-1.42343882418921	0.627402092218846	0.00109678230335454	0.0122794340181894	chr17	76643681	76644081
peak_60840	20.0964951233228	-1.25160301901202	0.524791807662082	0.00109940645770191	0.0123007104789093	chr21	35428251	35428893
peak_80496	44.765103758115	1.77152893457089	1.12139776364641	0.00110144616857445	0.0123181255430878	chr5	142088290	142089284
peak_53740	15.2459675401028	-1.46227992707989	0.63571500761875	0.00110810755512163	0.01237362501214	chr2	160110042	160110506
peak_92196	19.3572604272533	1.31817759267975	0.571711084975794	0.00111006440948455	0.0123927619842302	chr7	102713174	102713874
peak_89826	21.0336509628436	-1.19904196222185	0.493188452854693	0.00111396085891426	0.0124308181993002	chr7	28328175	28328534
peak_101369	27.4326549702644	1.1167045751186	0.46105639182557	0.00111846753817703	0.0124647400877583	chr9	86303251	86303971
peak_12573	25.2482207880655	-1.19512894596206	0.510863777472472	0.00111992224761224	0.0124782245884523	chr10	78944769	78945745
peak_54263	15.7411072006665	-1.54677609948084	0.780354119369273	0.00112162253538071	0.0124917096087638	chr2	172472515	172472848
peak_9779	22.0438397241007	-1.23072762163004	0.527569942734513	0.00112278946625049	0.0124980193120071	chr10	4034878	4035684
peak_81424	22.1688063365941	1.27407128494782	0.562991071328179	0.00112895918079668	0.0125487492461521	chr5	169655290	169656404
peak_42647	22.0976923061716	1.27432673040924	0.561128569773408	0.00112922190435598	0.0125489337435689	chr18	13730615	13730763
peak_21994	28.7164641660893	-1.19195594055214	0.531876930778187	0.00113071070565354	0.0125627404747116	chr12	52713822	52714854
peak_69409	16.9059077814897	1.38149909382077	0.613678539992725	0.0011316145996515	0.0125700440038848	chr3	172563192	172563946
peak_13160	19.9718659034338	1.20761074731447	0.497916568509344	0.00113268471594475	0.0125763457261812	chr10	93511239	93511741
peak_36074	13.5873361560792	1.62057193623377	0.816499347909497	0.00113316856129284	0.0125763457261812	chr16	46582378	46583324
peak_52485	15.2463518358977	-1.51868680749181	0.739717194836151	0.00113431423891214	0.0125863211719639	chr2	120314591	120314875
peak_9869	14.0011047185541	1.45523759690852	0.62869646444221	0.00113621584119818	0.0125989542783563	chr10	6057076	6057365
peak_87226	15.3062340584008	1.43910977979152	0.649018674910472	0.0011359741606236	0.0125989542783563	chr6	141554029	141554661
peak_50267	17.5897037134835	-1.35346757600656	0.594448346288397	0.00113755870535418	0.0126058613673524	chr2	59885528	59885802
peak_102222	14.9422683756302	1.41815336143506	0.619694041226638	0.00114004899315773	0.0126307122914255	chr9	109972403	109972673
peak_97156	19.9722196100656	-1.27363709125488	0.541477175809714	0.00114061876398621	0.0126342794483165	chr8	85513478	85514017
peak_19888	15.8115403574757	-1.47542512486885	0.65283189805583	0.00114122474438276	0.0126382460506297	chr12	560840	561044
peak_26399	21.1546794782422	1.26297671927838	0.549176598861453	0.00114611200375324	0.0126787636743414	chr13	48043710	48044443
peak_105176	14.187378143787	1.41773138268401	0.607589359531624	0.00114612681471461	0.0126787636743414	chrX	46704817	46705517
peak_22064	19.6882156849168	-1.28657739208569	0.552660311807917	0.00114823211925858	0.0126991574706354	chr12	53544986	53545178
peak_48226	41.7766671933941	-1.10465469310358	0.499405429250488	0.00115162782408877	0.0127258119286931	chr2	7430265	7431509
peak_60827	22.3399280834174	-1.31129655210097	0.610201382197321	0.00115194541339267	0.0127265631304959	chr21	35052929	35053461
peak_44275	26.2677491624095	-1.1343239971502	0.46918295428218	0.00115249119643824	0.0127298345194108	chr18	74378263	74378647
peak_17758	22.5629267417232	1.20666560776102	0.512462864342779	0.00115470575365956	0.0127515329339584	chr11	76598058	76598737
peak_93170	35.4091148320968	1.14239750821932	0.518048543521944	0.0011571758413269	0.0127732772127935	chr7	130872911	130874663
peak_98368	14.3087492591448	1.60273163378604	0.893967860161165	0.00116123382780537	0.0128152960918798	chr8	125110538	125111125
peak_81243	14.9222179053461	1.48487058155465	0.699914231361142	0.0011651071000171	0.0128441406705886	chr5	160423020	160423242
peak_37450	10.9521694852446	-1.70615620081359	0.758662424500834	0.0011684747003473	0.0128756972275572	chr16	85047274	85047455
peak_12135	16.5847076889592	-1.4671808894864	0.690198298183338	0.0011691545013967	0.0128804043665108	chr10	69353877	69354281
peak_48514	18.1575270663541	-1.29718333146993	0.556912933099239	0.00116997961508491	0.0128847578601094	chr2	12169678	12170080
peak_49599	18.0295402656148	1.44081857480158	0.736858015651263	0.00117186324492522	0.0128990974537473	chr2	41715337	41716228
peak_67881	24.2010149586318	1.18868467472413	0.505745957824226	0.00118003408953856	0.0129722333094465	chr3	129282727	129283008
peak_40976	23.3703914318733	1.18696462062499	0.506913080337386	0.0011807309399613	0.0129770958622261	chr17	65228815	65229447
peak_74876	21.7406766759453	1.31650479792317	0.614204150086616	0.00118124031283732	0.0129798962479145	chr4	147794087	147795121
peak_82816	15.3125193236051	1.42188261738981	0.634215903907266	0.00118328131413315	0.0129995218880398	chr6	16849307	16849787
peak_51346	26.1332115198658	-1.17342142561398	0.504547003361241	0.00118614094027293	0.0130197162498935	chr2	88751809	88752401
peak_62662	24.8909551142684	-1.18798827099098	0.513232973319359	0.00118594070879686	0.0130197162498935	chr22	39557361	39557771
peak_97743	23.0518849237162	-1.14041354255243	0.46936259740856	0.00118600142752449	0.0130197162498935	chr8	102583357	102583999
peak_66081	11.0231982339536	1.77979549063577	1.07264163674895	0.00118827720519871	0.0130378875030459	chr3	71502222	71502587
peak_27747	25.9370773746616	-1.22532509197105	0.546898901762036	0.00119316932764132	0.0130855950396042	chr13	99372086	99372277
peak_24148	17.1339957569703	1.33395003743603	0.585618536429072	0.00119583557851652	0.0131120156572566	chr12	109967455	109968471
peak_65883	18.5811034804073	1.24676091663702	0.525260761274573	0.00120032163966893	0.0131527184870321	chr3	66372610	66373028
peak_42844	22.2194385340902	-1.26365614152971	0.56774078494872	0.00120205433161428	0.0131688745491375	chr18	23872797	23872997
peak_83096	29.2328453236328	-1.19034118541334	0.536784479025514	0.00120311144214165	0.0131776240577947	chr6	25865945	25866541
peak_62878	16.7452309035869	1.39232565659269	0.635589593391332	0.0012048035871355	0.0131898597294222	chr22	42217264	42218073
peak_64860	17.3377988508138	-1.34204200742764	0.58864467735327	0.00120500464087492	0.0131898597294222	chr3	41751463	41752095
peak_85730	33.8018647277212	1.03033219234136	0.42612635642889	0.00120622554322112	0.0131975569842644	chr6	106534257	106535251
peak_57041	18.3092856172786	-1.29377520566701	0.561625120745872	0.00120875012658368	0.0132192709633829	chr2	237616896	237617586
peak_83563	17.511296079016	1.39787772179272	0.659860257561333	0.00121510330183283	0.0132832883677635	chr6	33029179	33029872
peak_79989	8.74199381164628	1.91623327898883	1.20286650345862	0.00121834746106122	0.0133158978884603	chr5	132629437	132629957
peak_85695	21.7570743040058	1.28230903824402	0.587796435400233	0.00121885866295857	0.013318630044922	chr6	106114609	106115071
peak_16933	19.4376637389301	1.21290728294604	0.507534506649225	0.00122068840479832	0.013330053331987	chr11	62540823	62541166
peak_18264	19.1883889765945	1.42280692307962	0.720462613647226	0.00122280487468197	0.0133499714281357	chr11	95715590	95716203
peak_55666	30.7841998064462	-1.06765668896631	0.443087349051078	0.00123104508720728	0.0134201549746312	chr2	204971282	204971715
peak_727	29.1498335166061	1.0506653416801	0.429646254992298	0.00123260756615249	0.0134285746512502	chr1	12386047	12386570
peak_14209	22.0960949961775	1.25099154133801	0.564274721510516	0.00123291681024316	0.0134290742335095	chr10	120979324	120979889
peak_94887	27.2932890805766	1.04444983487461	0.422723045927573	0.00123423389097822	0.0134405487324681	chr8	11123844	11124800
peak_32110	81.1548747728991	1.31199217685074	0.624598756170362	0.00124278487681395	0.0135134633672928	chr15	38695412	38696898
peak_48518	24.602614982533	1.16552586630832	0.501562016369611	0.00124835397094299	0.0135711248534113	chr2	12262388	12263090
peak_49509	16.4995326575534	1.36457158209578	0.609456384490306	0.00125105749355314	0.0135918213011507	chr2	38693054	38693832
peak_87916	22.511234717839	-1.26018749321318	0.568450651855239	0.0012509125271214	0.0135918213011507	chr6	156269676	156270328
peak_48780	11.4211680177073	1.62036490206386	0.760052424294699	0.00125605420000424	0.0136344857231033	chr2	20781634	20781934
peak_36481	19.4267773917681	-1.30851217554301	0.590291699855021	0.00126326559563612	0.013695271031066	chr16	57277529	57278118
peak_86927	19.3704618643644	-1.31496810433117	0.59577487570099	0.0012651174313392	0.013706603772686	chr6	135876176	135876349
peak_98408	29.3288924511894	1.05177350211686	0.43320643716914	0.0012681411839561	0.0137364449554251	chr8	125700413	125700882
peak_55627	24.6093259818324	1.14891438562492	0.493417617034537	0.00127166483224069	0.0137658393071388	chr2	204022739	204023378
peak_92860	13.7352438836891	1.43864460943714	0.641028081709013	0.00127310279475731	0.013778479960411	chr7	121530438	121530866
peak_107308	23.0353148536563	-1.13549565161427	0.47557022000083	0.00128628904759859	0.0138919188214136	chrX	131830563	131831522
peak_10321	27.2038917863788	1.92199581224246	1.29023992965946	0.00129453860452997	0.0139572643743821	chr10	15831199	15832015
peak_13367	16.3082372309069	1.46363864257631	0.741630660211963	0.00129684910661108	0.0139731928465073	chr10	98142042	98142631
peak_19529	16.139056628925	1.32908230899568	0.582029688533399	0.00129636839831046	0.0139731928465073	chr11	128021950	128022538
peak_18890	30.567953660209	1.00544021387917	0.407868344762346	0.00130075279297301	0.0140088953727551	chr11	114208221	114208802
peak_92483	15.155460752065	-1.39687788553961	0.614617938889783	0.0013009869295492	0.0140088953727551	chr7	108452873	108453000
peak_96652	20.4284900157497	1.22620662333732	0.532288459584696	0.00130366970240567	0.0140288947756132	chr8	66651933	66652501
peak_21114	24.6890292675275	-1.16902515308284	0.511545892484382	0.00130553219935852	0.0140400473985433	chr12	27534121	27535010
peak_2600	13.6028184954458	1.49195996387362	0.672039030375158	0.00131889082870507	0.0141657821344758	chr1	47289200	47289636
peak_93892	10.2751245233751	1.72339560240722	0.808093325332435	0.001327780908222	0.0142552616101509	chr7	148507134	148507909
peak_40986	16.6440456230608	-1.31555967370712	0.571641625275412	0.00132814288597193	0.0142561459335084	chr17	65495150	65495670
peak_85689	16.0270872318577	1.45404764308291	0.722858025895555	0.00132976013709288	0.0142705010207993	chr6	106090149	106090600
peak_21493	16.5553077126028	-1.31627968309604	0.567390973123623	0.00133100837485927	0.0142808907829492	chr12	44863933	44864329
peak_107544	34.3061626903751	-1.01673972588631	0.420530413023266	0.00133256724107278	0.0142946083217624	chrX	136646599	136647071
peak_65287	14.0650940598201	-1.49900595807381	0.712631301736699	0.00133634484597518	0.0143260887966549	chr3	49333169	49333553
peak_82389	29.6035074597695	-1.03755217578165	0.430625688916157	0.00134587843456998	0.01441313964818	chr6	7146212	7146740
peak_22662	12.9397081222801	-1.49759819799992	0.675502508211224	0.00134724572003379	0.0144247522640997	chr12	66829741	66830093
peak_61691	27.7248159567347	-1.0502208245272	0.436278166471507	0.00135019213641249	0.0144532639653847	chr22	20543854	20544390
peak_9677	13.0089223819072	-1.48557558878201	0.667547839053345	0.0013568398241751	0.0145080968879981	chr10	1932651	1933060
peak_98544	18.7830592609124	1.21855799889546	0.525254698986622	0.0013570218110631	0.0145080968879981	chr8	128556758	128557228
peak_70021	17.0880654605863	1.31195251430626	0.580398809049061	0.00136177945380941	0.014540667483126	chr3	189022503	189023113
peak_27683	9.41508799199914	1.80202157011345	0.902344802626875	0.00136298534940865	0.0145444058235558	chr13	98874915	98875469
peak_45604	33.9110846592249	-1.04668561878594	0.452089019925732	0.00136283079342867	0.0145444058235558	chr19	12913977	12914472
peak_38537	10.512129543131	1.64895636525118	0.773769634534604	0.00136482186128084	0.0145579095019383	chr17	14151958	14152430
peak_90099	13.5324416203591	-1.51840865636406	0.739004116292798	0.00136480016866602	0.0145579095019383	chr7	36606454	36607142
peak_46191	28.4103885229378	-1.0298795535189	0.423776370399838	0.00136764874889063	0.0145819613364571	chr19	21586342	21587154
peak_82501	16.9160451778431	1.36143827708492	0.636885273403118	0.00137006425494794	0.0146016087171354	chr6	11275680	11276371
peak_21934	13.9644965255057	-1.4501433322578	0.648161710940449	0.001371261331991	0.0146113124917227	chr12	51961799	51962121
peak_83388	16.6600971703081	-1.32622281830436	0.584333060832169	0.00137188533683905	0.0146118541433207	chr6	30834501	30835094
peak_16981	22.0320204135572	-1.17320223784438	0.505220073738766	0.00137538032723306	0.0146370955514872	chr11	63235606	63236425
peak_69348	24.0122634355579	1.7094612055491	2.33240195073954	0.00137558085451686	0.0146370955514872	chr3	171561695	171562394
peak_24634	19.6504976127269	-1.21135313344454	0.519953833243218	0.00137982884514872	0.0146780624866999	chr12	121224684	121224898
peak_23626	11.6183865942401	1.7002437205631	0.954288376554325	0.00138556891490194	0.0147299033976627	chr12	96094184	96094770
peak_10173	29.2235613142627	-1.09487353809955	0.474940505414339	0.00138736822950428	0.0147439317718096	chr10	12547269	12548133
peak_65524	15.6370931214245	1.39853437987487	0.663330550208584	0.00138934396208741	0.014760796518118	chr3	53753493	53754155
peak_100813	13.1601181555408	1.51600623393671	0.732264690776214	0.00138963290485557	0.014760796518118	chr9	68546525	68546960
peak_25601	17.8059716234079	-1.31237979811864	0.582153052238392	0.0013910871334937	0.0147730143926664	chr13	27302801	27303210
peak_86674	19.9385253774183	1.20856489382748	0.524400220384322	0.00139336175040459	0.0147866036794303	chr6	130848850	130849229
peak_75799	27.0917307597756	1.02195979908595	0.418857894788139	0.00139427659001778	0.0147898159054043	chr4	184513835	184514966
peak_6813	15.9176241582077	1.32379494096086	0.578175813147102	0.00139596865480727	0.0148034230104001	chr1	182430613	182431082
peak_71378	21.532910454023	-1.27027446977679	0.592748526911529	0.00139877830066968	0.0148239680810527	chr4	25178803	25179320
peak_85199	27.3199200551057	1.98767263397609	2.0993492348909	0.00140031392437824	0.0148371583018182	chr6	87705217	87705423
peak_33005	17.545891954364	-1.41718671531366	0.730017861215055	0.00140719579312894	0.0148945992751655	chr15	63414642	63415195
peak_103519	9.60096598288892	1.77686217000284	1.1158583316839	0.00141955798298385	0.0150075230563319	chr9	137757628	137758054
peak_89469	8.6865736101493	1.84187217078052	0.901623925807043	0.00142157179120314	0.0150249293835579	chr7	20238747	20239076
peak_94885	13.1445083999082	1.45302219519701	0.657405162739327	0.00142574240879812	0.0150627647026484	chr8	11066873	11067240
peak_67800	10.0060213111348	-1.77887893567092	0.874349022612221	0.00142723622010359	0.0150754228129691	chr3	128306993	128307317
peak_8053	23.6846413803321	1.18770332411456	0.536537223467254	0.00142876396950279	0.015088434082243	chr1	210374050	210375248
peak_26877	19.19707977863	-1.28904000388173	0.593797691765324	0.00143660948780194	0.015161865316719	chr13	67224182	67224490
peak_33492	20.5140279088787	1.32730863781042	0.67351462891184	0.00143892481727798	0.0151831582644319	chr15	72554632	72555187
peak_37063	13.1535588211981	1.4978748098241	0.723176824346148	0.00144004010279135	0.0151917824707055	chr16	74438318	74439017
peak_59445	12.5719054749103	-1.55167040832616	0.730358095275959	0.00144563835266865	0.0152319316075974	chr20	52305851	52306166
peak_88812	30.1813136637739	-1.07429231426752	0.468570556082398	0.00144974959703736	0.0152689388462191	chr7	2066324	2066861
peak_55390	35.439063936936	1.02681452435185	0.44785536579643	0.00145737147901764	0.015338145685727	chr2	200454934	200456472
peak_74825	12.34962413311	1.5923532809979	0.800456707421553	0.00145861572432445	0.0153464674619081	chr4	146333555	146333940
peak_34531	9.78618553592935	-1.7531530353471	0.844799840846698	0.00145968533802292	0.0153513854464597	chr15	99438674	99438870
peak_49275	12.2059320386735	1.66292423757257	0.989346734183579	0.00145948333359736	0.0153513854464597	chr2	31932059	31932833
peak_94108	20.2854358797292	-1.33712722361084	0.590292215009405	0.00146311896076832	0.0153779804852058	chr7	151441528	151441913
peak_96058	12.3746812130051	1.59900444129974	0.865739149885612	0.00146638155782654	0.015405920071573	chr8	47597885	47598702
peak_11798	23.2499342855709	-1.12267758865135	0.481029652451664	0.00146932749737441	0.015423644803856	chr10	60572582	60573698
peak_90761	34.5563019661549	1.0671116726582	0.474991849191401	0.00146958118811306	0.015423644803856	chr7	55557711	55558810
peak_8720	18.5528221558013	1.29449565770254	0.605654090586568	0.00147078408520485	0.0154304132913066	chr1	227748489	227748829
peak_21871	19.571117850299	1.24617217733895	0.563740265053915	0.00147092716958169	0.0154304132913066	chr12	50784484	50784941
peak_69201	22.5550264917817	1.13464042228074	0.489058325095754	0.00147113401735852	0.0154304132913066	chr3	167750278	167750762
peak_88186	22.6108780971406	-1.12166239522831	0.479234086858818	0.00147410987767063	0.01545526757617	chr6	159862044	159862949
peak_38983	21.8090545105	1.26112032450972	0.606443587596922	0.00147517457334926	0.015463250574997	chr17	27299369	27299933
peak_80290	15.4553955106555	-1.45292927608489	0.693586707066136	0.00147585667324768	0.015467220625325	chr5	138871664	138872048
peak_50134	20.6019298771052	1.17432903131741	0.512483333995666	0.00147641335722273	0.0154698749345167	chr2	54903998	54904491
peak_2290	27.8266731055658	-1.08058305775308	0.468573440429282	0.00147886679513861	0.0154923982775708	chr1	40795185	40796188
peak_24206	24.4005491473997	-1.10878782372804	0.474907468022589	0.0014796738524648	0.0154976686610046	chr12	110780405	110781178
peak_74171	19.1695403311158	-1.30167807610206	0.594749650139068	0.00148602109173726	0.0155545619756345	chr4	119363236	119363782
peak_412	18.3038814676139	1.36873753094973	0.700308236089176	0.00149026434699002	0.0155957754506636	chr1	7940565	7941318
peak_49098	16.084997143361	1.46158988372859	0.818046933666217	0.00149483967261738	0.0156340298560143	chr2	28508392	28508920
peak_64268	23.2145910967609	1.158728628376	0.515390228914412	0.00149645545244392	0.0156380974991403	chr3	27533488	27534691
peak_65164	22.3136995801235	1.1610045779158	0.510702818211167	0.00149609288122058	0.0156380974991403	chr3	47117724	47118452
peak_24241	16.3083056269843	-1.31258940647036	0.59342292385492	0.00149895942753828	0.0156578458046439	chr12	111438587	111438755
peak_5013	22.9723940749362	1.11876094771746	0.479385987347209	0.00149998253857576	0.015665323578825	chr1	117611251	117611732
peak_32889	30.4210520280596	1.01782076429255	0.430360112757505	0.00151047075524823	0.0157525882764374	chr15	60541976	60542843
peak_75273	14.2004603484574	-1.48169338488577	0.683988474012936	0.00151045382742826	0.0157525882764374	chr4	162234575	162235067
peak_98111	15.8418909985334	-1.36792596488309	0.64016783378016	0.00151468755396417	0.0157897893327371	chr8	117969665	117970356
peak_73490	30.2647867541632	-1.02808523632895	0.435588314052608	0.00151702006810875	0.0158108718709306	chr4	99507502	99508166
peak_77751	18.9662173606027	1.33721173171863	0.675632138341487	0.00152267378658874	0.015863311336946	chr5	60677302	60678295
peak_55428	28.6733125531528	1.08873173008499	0.480641871018511	0.00152395501960926	0.0158734158589985	chr2	201124131	201124537
peak_36237	9.50199856586023	1.70351412773689	0.798734121278044	0.00153067551244074	0.0159303983827931	chr16	50319224	50319463
peak_67042	18.2627488302429	1.29666972007986	0.612672297327914	0.00153359139585545	0.0159533110118142	chr3	110015365	110016528
peak_13988	10.2228798574803	1.67374098923024	0.817742945508732	0.00153655755065908	0.0159753106194746	chr10	114604092	114604474
peak_94400	26.2721337824382	-1.06361392583161	0.453411799612194	0.00154304884360951	0.0160329913063531	chr7	157881040	157881882
peak_104507	14.7214424258707	1.36510049909826	0.614807452301496	0.00154983886654766	0.0160937035539306	chrX	19791697	19792062
peak_41161	21.9424639599812	1.16922179582958	0.52083127565504	0.00155031545378499	0.0160953744098313	chr17	68253403	68253893
peak_72155	23.5453582787691	-1.16271259677282	0.525449408404148	0.00155113536140332	0.0160994816130776	chr4	54683742	54684455
peak_12600	20.8808093802203	1.20692549857809	0.549507907633483	0.00155812002784957	0.0161566621395034	chr10	79249715	79250416
peak_77350	18.281268825651	1.34113840980055	0.665783049224995	0.00155807729423829	0.0161566621395034	chr5	50593597	50594183
peak_27651	12.4304859748819	1.47895240729063	0.700837335501154	0.00156021999089349	0.0161652868229416	chr13	98511516	98511880
peak_93433	24.7355688773226	1.12139609350077	0.493815864714824	0.00156005537113325	0.0161652868229416	chr7	136086729	136087119
peak_1225	29.1597516910593	1.00823883650734	0.420895271012838	0.00156368402573521	0.0161873863025961	chr1	23103277	23103780
peak_85166	23.9216842035031	1.13015124312768	0.500764103003905	0.00156394039396282	0.0161873863025961	chr6	87173794	87174577
peak_3667	27.1112762171756	-1.11570093500858	0.495444160591592	0.00156770206294378	0.0162123692555517	chr1	84611330	84612220
peak_93168	12.9113926253879	1.5090448852391	0.768158593126439	0.00156794400029665	0.0162123692555517	chr7	130866000	130866537
peak_85311	20.8419014937903	-1.19141155592156	0.528877452754801	0.00157292421114144	0.0162534942227865	chr6	90175791	90176252
peak_15055	45.0012599361843	2.06659595143676	2.02851939522398	0.00157448804139676	0.0162635428036173	chr11	3049662	3050262
peak_98460	22.7796905132587	1.12319047434587	0.483482057775967	0.00157768653556777	0.0162866826690542	chr8	127307489	127307992
peak_41401	11.7530300744334	-1.56193402533637	0.74067285520462	0.0015853840609742	0.0163595206907165	chr17	75059897	75060220
peak_88695	14.0361484747413	-1.47202598387153	0.726569669856768	0.00159196485252667	0.0164174595410446	chr7	668258	668847
peak_37805	26.4591462936565	1.02812789809327	0.431842206791336	0.00159445888295727	0.0164365306523371	chr16	89994981	89995971
peak_54278	24.1020970306349	-1.13266443812416	0.499595379120805	0.00159626388559887	0.0164484863522926	chr2	172943375	172944496
peak_6397	27.8500474664911	1.02477576865881	0.433603296336047	0.00159684909926654	0.0164511917913122	chr1	171420208	171421409
peak_4424	19.7594780013963	1.40496401467168	0.847689649374356	0.00159878058808723	0.0164620705386908	chr1	103529803	103529957
peak_40321	26.0116224010642	-1.0906538636499	0.477824770272285	0.00159887367723682	0.0164620705386908	chr17	49952443	49952850
peak_85910	19.2949378392047	-1.274045532628	0.577926051862254	0.00160602032476762	0.0165156418472372	chr6	109606423	109606711
peak_94315	12.1408287818291	1.59239473410264	0.928538966710807	0.00160594667616976	0.0165156418472372	chr7	156777453	156777911
peak_40954	40.5411169713352	1.02806215215283	0.467469199644729	0.00160692456420109	0.0165182773851525	chr17	64968474	64969352
peak_1860	13.6192465448755	-1.464493437486	0.712376505266904	0.00160745900310579	0.0165204403814456	chr1	32387109	32387784
peak_8542	11.2917896115065	1.55970438870601	0.76333725623214	0.00160933368429078	0.0165330419559238	chr1	224192238	224192724
peak_5739	18.6458979346713	1.19670854261454	0.528338887620148	0.00162778758019722	0.0167057925853333	chr1	156139942	156140372
peak_80886	28.2065816337087	1.10606579665876	0.507293417845933	0.0016295250614102	0.0167202585592796	chr5	151243282	151244552
peak_64071	17.2984957596354	-1.32764120184526	0.649386864312542	0.00163228688225687	0.0167418585754876	chr3	18778298	18778924
peak_94106	33.5390506281436	-1.08962510443584	0.514644889150588	0.00163335424534514	0.0167494367564697	chr7	151439824	151440819
peak_75999	23.5170868905439	-1.14526122139064	0.5144866604427	0.00163784026957696	0.0167819380998093	chr5	296066	297362
peak_63110	24.5457259358993	1.07646150374605	0.467140002074963	0.00164221404931242	0.01682337261769	chr22	46587274	46588081
peak_4026	26.394310248223	1.04792758833543	0.447356444214465	0.0016459493556381	0.0168582510740387	chr1	91948137	91949141
peak_75000	26.7174573743717	-1.04480767297844	0.448156359006979	0.00164667891176027	0.0168619667316093	chr4	152010528	152011136
peak_103256	17.6402516174694	-1.34899469234182	0.660909109854241	0.00165409699486828	0.016924701862403	chr9	133619779	133620115
peak_58463	26.9919011398008	-1.03355312891875	0.438960003770539	0.00165922438996125	0.0169669504104622	chr20	32794180	32794544
peak_96961	10.5728818970643	1.58347063552373	0.751293692801861	0.00166408710812619	0.0170064432340994	chr8	80016953	80017645
peak_48543	27.3191957435402	1.03498900178208	0.445237616014268	0.00166541005332674	0.017016552500785	chr2	12507229	12508046
peak_65432	25.7778172648632	-1.07595997688024	0.468506792986299	0.00166643175865792	0.0170235803740598	chr3	52217099	52217388
peak_71037	19.5317234888263	-1.20086405938641	0.53418230571683	0.00167128630408206	0.0170663335669793	chr4	10158296	10158822
peak_96807	17.2939197480495	1.38821319512544	0.777169385558601	0.00167318739747571	0.0170823253199232	chr8	72000333	72000945
peak_1365	19.5698765856045	-1.19242944490761	0.532799245205914	0.00167561407388816	0.0171002520358811	chr1	24963463	24963758
peak_4015	12.8043284315795	-1.5568754879136	0.868140623047495	0.00168439932099661	0.0171658572417216	chr1	91791607	91792211
peak_35564	14.7397882621106	1.44308328546282	0.757563707689197	0.00169036213612152	0.0172197410334249	chr16	21947004	21947572
peak_75631	15.1175766951048	-1.35520524066011	0.647980207471259	0.00169299838279129	0.0172397075184734	chr4	177367355	177367649
peak_24021	23.5121643620617	-1.08285508070311	0.470402680187106	0.00169351947328421	0.0172415702605569	chr12	107308722	107309578
peak_72243	20.149504535384	1.20472275308	0.547244633355392	0.00169653900342494	0.0172688635712964	chr4	56762837	56763176
peak_4770	27.4833792207407	1.12722013261467	0.532639938430911	0.00170177819876009	0.0173152790345205	chr1	112635591	112637521
peak_45162	15.8750847023276	1.38863052323596	0.676155942992497	0.00170394546139782	0.0173304135836483	chr19	6238194	6238889
peak_81057	31.2831891046554	1.00048305941529	0.430347460766945	0.00170721034214342	0.0173601568616922	chr5	157196030	157196421
peak_6909	18.5506186676549	1.26426333793816	0.599650194622638	0.00171095461080021	0.0173912942157615	chr1	184491649	184492384
peak_6224	27.5733452853945	-1.01003208759459	0.428646537402502	0.00171773521651364	0.0174328614841668	chr1	167439126	167439538
peak_76331	27.6158557668528	1.1008218564489	0.502149154648057	0.00172672787619362	0.0175132181212667	chr5	7873194	7873528
peak_30551	8.06778098658085	1.82614104862337	0.877771000639256	0.00173191841154713	0.0175588769399765	chr14	88600011	88600381
peak_20110	17.5515081412104	1.27413255000554	0.604727137477293	0.00173510352842447	0.0175876716700298	chr12	4146130	4146663
peak_36114	11.7498734377636	1.61591089716024	0.933688800965162	0.0017404406810383	0.0176312554268665	chr16	47136249	47136684
peak_10265	24.3870792569883	1.07268047774896	0.471502775427552	0.00174650316811334	0.0176856426076319	chr10	14584737	14584991
peak_65965	14.9578780121257	1.44848227602206	0.745928885961525	0.00175328667000314	0.0177402409519309	chr3	68997814	68998164
peak_728	15.9628622916771	-1.47769371709691	0.763118801876799	0.00175565422637407	0.0177606719019659	chr1	12417363	12417750
peak_96610	16.1974419698574	-1.29549103476387	0.601878058742746	0.00176075017604546	0.0178086904336151	chr8	65930579	65931038
peak_53676	27.768404291101	-1.01708129510157	0.439608246712638	0.00176539044590166	0.0178450034248101	chr2	158968346	158969132
peak_17794	28.3959884408111	1.00984977368896	0.435660671172457	0.00176741841310983	0.0178548831406415	chr11	77147792	77148327
peak_2485	16.0383960217729	-1.27666786924174	0.585282325895461	0.00176800665493822	0.0178572875017195	chr1	44723206	44723490
peak_42816	20.3375424037005	-1.15219488963477	0.515715657850677	0.00177184524362938	0.0178900938236029	chr18	23540983	23541938
peak_81095	20.9765128315093	1.14814404234378	0.516640739446575	0.00177195649411985	0.0178900938236029	chr5	157486080	157486778
peak_104071	33.2388257073364	1.0173021824253	0.44684240081503	0.00178071902424712	0.0179572270906376	chrX	3743674	3744356
peak_20439	25.9872044976226	1.18737394884103	0.597156895888421	0.00178706161130092	0.0180105007538622	chr12	9364453	9365218
peak_45718	12.0807856785662	-1.58288115228241	0.840300997885119	0.00178694040602165	0.0180105007538622	chr19	14401003	14401187
peak_11611	28.9301831530464	1.58861608521913	1.88409635685969	0.00180374334230722	0.0181427615014551	chr10	50414778	50415765
peak_83653	17.0555482865731	-1.27307679548998	0.599606618755089	0.00180605287790632	0.0181624086849964	chr6	34190076	34190600
peak_89884	25.0926700742462	1.0624654305008	0.466555962658303	0.00180668608648054	0.0181651936117722	chr7	30250361	30250935
peak_31565	20.8460573939322	-1.14466235374185	0.510173536855264	0.00181092162231537	0.0182006011897046	chr14	106694672	106695034
peak_25391	11.2736137453978	1.59755140382683	0.854615969851794	0.00181516064553569	0.0182324233004891	chr13	23384101	23384463
peak_17436	22.7609617986254	-1.06377661132197	0.461815885150836	0.00182448929592204	0.0183044886347661	chr11	69640928	69641395
peak_23996	14.0377635335705	1.4052349310603	0.7220355483737	0.00182767610804487	0.0183292474517655	chr12	106855077	106855643
peak_7000	13.3974269598188	1.49908491056555	0.855210863183805	0.00183285720851838	0.0183775924549692	chr1	186391619	186392478
peak_77007	23.8948014185424	1.10349150756037	0.494833952351254	0.00184007014419383	0.0184354129243204	chr5	35902327	35902710
peak_80601	14.3099279471806	1.35512177880842	0.658469496269461	0.0018397138924026	0.0184354129243204	chr5	143446834	143447294
peak_76605	15.5927392549208	1.37453717788041	0.708890138582182	0.001859203667444	0.0185760059157945	chr5	16784817	16785459
peak_22296	12.5189609470413	-1.42243741132505	0.67736453313455	0.00185967057212115	0.0185770305231522	chr12	57031239	57031560
peak_75067	18.505207170316	-1.28949919052789	0.655037123599535	0.00186831512038862	0.0186524211333727	chr4	153112118	153112338
peak_12734	17.0285362076864	1.35376714018472	0.742587215409474	0.00187699880348136	0.0187207865794798	chr10	83680360	83681238
peak_22167	24.3246542406903	-1.1097957020273	0.499426431102487	0.00187913840582491	0.0187384609347524	chr12	54968310	54968921
peak_57297	38.6430384797279	1.57025365652193	1.15150763102667	0.00189153935073689	0.0188510604645565	chr2	241123905	241124587
peak_10257	17.1241420433731	1.28264506777496	0.636959769746095	0.00189785571441498	0.0189066181037831	chr10	14550332	14550942
peak_55503	16.6967515830019	1.26582399364968	0.594902972259532	0.00189933972006599	0.0189177056001728	chr2	202277986	202278676
peak_60615	18.093431023556	1.31113282979118	0.708455987859741	0.00190217548845334	0.0189385509576805	chr21	31190681	31191228
peak_93916	18.8484503212922	-1.18027258091654	0.535034672991356	0.00190492019903525	0.0189584737981674	chr7	148979899	148980114
peak_79948	18.9206712406665	-1.17171203340301	0.52835686136606	0.00190726969718776	0.0189781523772082	chr5	132190096	132190472
peak_21859	20.3898162455091	1.1286758486502	0.504675558351813	0.00190879606328873	0.0189896343576272	chr12	50542443	50542927
peak_51687	13.2901152253268	1.40593993917024	0.691457546821639	0.00191275607866669	0.0190253182650995	chr2	100218432	100219083
peak_43739	17.9520573101293	1.29132305569778	0.666715843278721	0.00191925562425706	0.0190825209162189	chr18	57084367	57085064
peak_73440	14.2879242221175	1.38562442484372	0.695531085585224	0.00192170154749159	0.0191031146618067	chr4	98601948	98602471
peak_15048	23.2637429540762	1.07989221034787	0.479530166618613	0.00192297011511446	0.0191119988867887	chr11	2990846	2991144
peak_87043	13.0817023431089	1.4226708058619	0.709786253721984	0.00192647040764398	0.0191393258386859	chr6	137793933	137794369
peak_91874	34.3826163950322	1.00852788539442	0.455589930921707	0.00193690956542978	0.0192392891297492	chr7	98131565	98132285
peak_21437	14.3575407643481	1.35660083065444	0.656418457006983	0.00194094538901161	0.019271867887857	chr12	42299443	42300171
peak_62268	18.4708338760506	1.28371149997204	0.639608785785714	0.00194279088381773	0.0192864361375254	chr22	31951343	31952229
peak_51832	25.3313219199226	1.03286501303594	0.454032017577791	0.00194392724271998	0.0192902052155159	chr2	102301775	102302304
peak_1017	18.0233229487025	-1.21106377413074	0.561302193389177	0.00194658536992146	0.0193090664729213	chr1	18645299	18645926
peak_57315	8.07763528117484	-1.86501787155192	0.959407243335491	0.00194726789296731	0.0193120795158201	chr2	241340898	241341048
peak_17991	11.9508486498617	-1.46078353086216	0.700101607780058	0.00195196270567021	0.0193511122907449	chr11	85826587	85826708
peak_72237	26.0658451672951	-1.05514267438362	0.476262748822443	0.00195621448626101	0.0193744273108982	chr4	56681074	56681730
peak_6207	9.01779897902629	-1.74778509224813	0.933130246861276	0.00196684122172702	0.0194607736330242	chr1	167110653	167110866
peak_92346	23.7025220336811	-1.04689606388127	0.457385272941145	0.00197098087836159	0.0194903861644965	chr7	105924789	105925320
peak_23951	28.0368835216269	1.00845917285613	0.445061170153842	0.00197808407562295	0.019537891259146	chr12	105037088	105038203
peak_75993	22.3069234228908	-1.09663338705848	0.496750392887714	0.00197900038576921	0.0195398732592726	chr5	243695	244324
peak_106692	24.2378122484239	1.06461977088616	0.47266347344442	0.00198364343260163	0.0195776314468886	chrX	110238179	110238805
peak_26792	47.3877547466241	1.47418251563142	0.950409526927601	0.00198703264019184	0.0196072858898435	chr13	60426036	60428152
peak_92547	17.3511332070529	-1.2382851148902	0.586262385112505	0.00199159649166513	0.0196447163327603	chr7	110994337	110994946
peak_104191	19.1898708868578	1.24937283864178	0.624294573503852	0.00199658594531704	0.0196863142540968	chrX	9941378	9942761
peak_73528	16.4633398525803	-1.29339621773047	0.627168182209976	0.00199926341021997	0.0197050926413059	chr4	100458659	100459352
peak_36076	16.3329154765869	1.30249874562033	0.638080389066088	0.00200342540935287	0.0197422976268391	chr16	46607213	46608156
peak_4233	22.3080814260499	1.23025878656869	0.671210722549518	0.00200587045464532	0.0197625721740186	chr1	98388224	98389435
peak_59796	19.6299256339781	1.1750909186644	0.54670327619322	0.00200915971518722	0.019782245296491	chr20	62501859	62502317
peak_8836	15.8575536018004	1.23329155051158	0.568872229049005	0.00201466996467037	0.0198262811848453	chr1	229440451	229441353
peak_4370	11.9756980161187	-1.46149592672434	0.707583117844567	0.00202502326977376	0.0199127939118003	chr1	101291790	101291978
peak_43096	23.2500708294007	-1.12355049857666	0.530896197361084	0.00202664393378066	0.0199210463866861	chr18	34860351	34860875
peak_86417	33.1264831173919	-1.10811623057306	0.592587761674146	0.0020266329888792	0.0199210463866861	chr6	124961736	124963127
peak_54983	19.650325364462	1.29776584408979	0.810003759089052	0.00202954953836382	0.0199404098199465	chr2	191038254	191038925
peak_39141	17.2965403163718	-1.35007512841528	0.726131980760257	0.00203422059296786	0.0199685735758682	chr17	29828724	29829087
peak_44618	20.2148381276338	1.11109486619612	0.500740746676145	0.00203961450485468	0.0200114701896796	chr19	381415	382776
peak_89867	22.2584700846489	-1.12542789523908	0.517603837237165	0.0020397679868153	0.0200114701896796	chr7	29883723	29884784
peak_8878	21.5256522306448	1.12725258605337	0.525780321088862	0.00204098515084952	0.0200157085788062	chr1	230208687	230209959
peak_101357	23.4705458344865	-1.09936598176848	0.507035382870286	0.00204413974843512	0.0200389365917541	chr9	85937463	85937647
peak_108093	24.7783084942595	1.08534629598612	0.496952036925594	0.00204869769914852	0.0200797579563219	chrX	154372602	154372875
peak_73970	15.3174993314666	-1.28526996852707	0.606611397233676	0.00205327738793687	0.0201130453220652	chr4	112183323	112183817
peak_30667	18.0927609563669	-1.20184153679585	0.567512682144724	0.00205546816649324	0.0201267716414105	chr14	91194170	91194656
peak_104267	25.3518254119342	1.04789919922818	0.475056135874336	0.00205776874750642	0.020145429600684	chrX	12966891	12967936
peak_51193	14.9385957594403	1.31783828535883	0.647052025066327	0.00206013674486262	0.0201608698797631	chr2	85993800	85994272
peak_85299	20.6272461629473	-1.19318233317739	0.58162231655837	0.00206097809626576	0.0201652330102104	chr6	90098010	90098553
peak_58368	14.0545884077287	1.33967873374154	0.64247879068298	0.00206225287713505	0.0201738344577145	chr20	31710676	31711355
peak_2696	8.4341721732003	1.72611224330104	0.906943626592602	0.00206453236432936	0.0201883864840232	chr1	51512755	51512945
peak_3990	26.0526199316177	-1.08049349108323	0.509081852453133	0.00207027268909603	0.020229182731475	chr1	91404226	91404890
peak_30945	18.3210333539959	1.1685118145069	0.541586803509971	0.00207029136415558	0.020229182731475	chr14	97707451	97708021
peak_630	22.2225003525167	-1.10391094542244	0.511053600101705	0.00207707381641292	0.0202876792344117	chr1	10965477	10965942
peak_18067	22.0151524220011	1.10996386210957	0.515010753090988	0.0020784773683858	0.0202974999242517	chr11	88324711	88325638
peak_58941	17.4586532673336	1.22745102534303	0.594265828419034	0.00208574500246264	0.020356775401141	chr20	43736741	43737287
peak_69259	19.3457964786432	-1.16806047563156	0.544418923445944	0.00208548146210544	0.020356775401141	chr3	170006866	170007344
peak_60845	26.8870971204225	-1.0462491505743	0.481627637784291	0.00209090055452712	0.0203992835195407	chr21	35503620	35504173
peak_80611	11.0905795608057	1.53999532379978	0.916063490705887	0.00209468652045817	0.0204205902355794	chr5	143605338	143605740
peak_88015	20.4879693858748	1.09177388498002	0.490818666445446	0.00209468378944163	0.0204205902355794	chr6	157800586	157801493
peak_56068	28.5580999084143	-1.04575296017993	0.489615109067918	0.00209690721346828	0.0204305200049482	chr2	216692228	216692884
peak_44897	14.5998825411324	-1.37644270525594	0.715319884203647	0.00209737977656498	0.0204312199633057	chr19	2856578	2857019
peak_14186	11.6110700694055	1.45174005635196	0.729468004951806	0.0021030972116174	0.020479089845593	chr10	119768181	119768757
peak_9009	17.1188378665002	1.32435350216582	0.770814699272786	0.00210399839883459	0.0204839530958527	chr1	233355996	233356886
peak_101705	14.7392599007942	-1.31135138524407	0.640749677332261	0.00210668448397823	0.0205023831760584	chr9	94011078	94011570
peak_91821	19.0977773976443	1.13267626126899	0.518705302543609	0.00210976803416006	0.0205244481949408	chr7	96303552	96304580
peak_71698	17.9370772149837	1.27393658034213	0.683920745550814	0.00211362539697611	0.0205502106197986	chr4	38523883	38524425
peak_20344	15.9402289426298	-1.30165884039268	0.614379859474185	0.00211557361268476	0.0205652309278065	chr12	7914388	7914701
peak_80070	18.4171113826449	-1.18905405629518	0.562666790994208	0.0021168346409416	0.020569645702887	chr5	134078102	134078606
peak_67133	14.0226667930141	-1.40983219688763	0.75882221522111	0.00211739018763436	0.0205711234959461	chr3	112120197	112120626
peak_66985	13.9553226147239	1.35937674190103	0.673884600583736	0.00212372859777519	0.0206287723921063	chr3	108599822	108600670
peak_41563	25.7678846459113	-1.00252740166597	0.443517416998911	0.0021311090796966	0.0206925780874902	chr17	76816451	76816909
peak_15435	24.6761506645432	-1.06257727498468	0.489865596481814	0.00213421007763718	0.0207147982140508	chr11	11157301	11157593
peak_18009	20.0766251740949	1.16343682002233	0.565224972128967	0.00213792991452077	0.0207430056368708	chr11	86182990	86183998
peak_68363	23.8417554282928	-1.073943491432	0.494857240137153	0.00214091961545891	0.0207601611855816	chr3	141300515	141301181
peak_41362	24.7323313547277	-1.0774909180321	0.501512877317201	0.00214368787845965	0.0207791007929931	chr17	74671112	74671680
peak_10096	20.9123884263131	1.17919277629843	0.58995972196455	0.0021537030118761	0.0208642792634457	chr10	11237572	11238047
peak_8394	18.0607812631346	1.2447802825717	0.632070652654352	0.00215430385540148	0.0208650142311439	chr1	221708152	221708361
peak_103250	17.4276287914716	-1.19774880615588	0.560240828885342	0.00215557842253879	0.0208705509782686	chr9	133533054	133533283
peak_61325	10.8869184638728	1.52496286872754	0.774278330260868	0.00217409360679301	0.0210338399688706	chr21	45739784	45740109
peak_9042	14.5608279887019	-1.31976508982686	0.658042361872741	0.0021821658889609	0.0211029856783323	chr1	234486938	234487371
peak_25813	12.8982362358982	1.47365445594999	0.983225507258654	0.00218744291052416	0.0211429351465028	chr13	31806902	31807516
peak_85567	12.7578737104177	1.44885594083976	1.0995821232837	0.00218744327654262	0.0211429351465028	chr6	100737506	100738047
peak_77178	16.4349266917218	1.30664466796609	0.69608993356256	0.00219485592210036	0.0211944931901911	chr5	40390256	40390677
peak_28532	21.2259711718639	-1.13155080848134	0.539704598149099	0.00219731519931462	0.0212142232062593	chr14	23028897	23029274
peak_49273	9.70270436553895	1.61628578653478	0.9440078762258	0.00220344116303491	0.0212612890118277	chr2	31922918	31923351
peak_56	11.2811283266664	1.5000495443073	0.839613768250356	0.00221145777917136	0.0213203289978143	chr1	1219436	1219623
peak_29296	14.3239330315647	1.34958244493326	0.701019086297857	0.0022120841302715	0.0213203289978143	chr14	52894951	52895469
peak_5192	14.7975573735422	-1.30789792525575	0.648349696022369	0.002229814395167	0.0214500904460694	chr1	145232746	145233357
peak_47064	18.0319211738248	-1.26021214281667	0.637881897183649	0.00222977155395414	0.0214500904460694	chr19	44448250	44448691
peak_89436	14.7799057013506	1.37120854225186	0.88357630552005	0.00223036339358491	0.0214500904460694	chr7	18508601	18509268
peak_4864	19.9415722714815	1.18212626742646	0.58742726703818	0.00223923773924637	0.021517108061292	chr1	114756271	114756468
peak_3058	11.0641398363755	-1.59963666478491	0.94644718087417	0.00224254608884921	0.0215407789913462	chr1	62295901	62296235
peak_93601	20.2583319325981	1.16273303938359	0.572655829234657	0.00224405497227376	0.0215512124347993	chr7	140212012	140212868
peak_63908	21.990876911595	1.0629977528106	0.479384093301475	0.00224616003416258	0.0215673663845223	chr3	15667405	15668101
peak_79236	12.8654287419705	1.4288286712452	0.950807433037437	0.00224852778650797	0.0215860360992083	chr5	108311678	108312232
peak_105024	18.2089428834911	1.20127428474631	0.594935914900447	0.00225178406465756	0.0216132270934922	chrX	41798210	41798886
peak_26354	12.6825733099779	-1.36841031858749	0.673419962232055	0.00225365798986816	0.0216271421553582	chr13	46332260	46332860
peak_5842	17.3004522844705	1.25017865394694	0.647435121258846	0.00225557738695024	0.0216333462473749	chr1	157773691	157774207
peak_79965	15.5884849310275	-1.24977063889768	0.601564201099913	0.00225824493034865	0.0216507852611426	chr5	132396741	132397629
peak_55010	16.257069899663	-1.20917945841637	0.572298398932099	0.00226069172238277	0.0216683182934091	chr2	191206633	191207008
peak_17764	12.295971366523	1.45200982715618	0.824784997242971	0.00226175711295475	0.0216702763707867	chr11	76666511	76666759
peak_71709	23.0002432061679	-1.10192341353809	0.523888661677842	0.00226620780007539	0.0217067200628676	chr4	38671743	38671900
peak_87417	16.4590395390419	1.24988607917345	0.623159819682279	0.00227157224589202	0.0217513869808248	chr6	144653974	144654849
peak_65744	20.2316535707199	-1.16829518935902	0.576260514975359	0.00228442995486546	0.0218517520852494	chr3	59994799	59995867
peak_57421	23.9094189093836	-1.01079695506067	0.450888134308938	0.00229200588412752	0.0219044446125821	chr20	1216943	1217523
peak_99071	20.8895585606562	-1.13385967501525	0.540431642991672	0.00230129362835776	0.0219602764243774	chr8	143174109	143174519
peak_82149	8.97345170610004	-1.70370030652258	0.880958601246119	0.00230214888207354	0.0219643268902323	chr6	2783221	2783562
peak_41868	26.2003447689727	-1.02831160836694	0.475972382085969	0.00231823754880295	0.022100072830684	chr17	80758718	80759507
peak_61864	25.0862523315937	-1.06785922466938	0.509804969776717	0.00232685657505868	0.0221627329228362	chr22	23402502	23402969
peak_89692	18.4050165395836	-1.20562011767125	0.605764232911762	0.00232844870480428	0.0221737552602075	chr7	25519758	25520442
peak_36559	23.4042419578696	-1.02091988002836	0.459283393685645	0.0023303128274518	0.0221873631784235	chr16	58176877	58177676
peak_13101	38.8088695548691	1.48164532783188	1.27817527960474	0.00233587647244155	0.0222237353655355	chr10	92211190	92212317
peak_1735	27.5600961957585	-1.00992420013952	0.468925941049674	0.00237217684639113	0.0225102938191137	chr1	30759850	30760063
peak_59556	25.6699913774371	-1.00824822387499	0.457143926122033	0.00237190054705768	0.0225102938191137	chr20	56418301	56418719
peak_42383	18.5185853773301	-1.25957990684264	0.671390738908639	0.00237633715801195	0.0225455761701521	chr18	8742480	8742741
peak_8758	23.5067064623269	1.01966565607459	0.462339579139547	0.00238217722958001	0.0225850842844069	chr1	228185540	228185928
peak_39678	19.935553278895	-1.11029733061039	0.51821797998637	0.00238227323738948	0.0225850842844069	chr17	40577617	40578017
peak_82274	20.1694147457677	1.23802552638635	0.739829933504019	0.00238364155449396	0.022593855418745	chr6	4942264	4943025
peak_31828	23.838102453125	-1.07598243149935	0.515125956675562	0.00238624388253779	0.0226143179544743	chr15	28873702	28874167
peak_52187	9.00466425258346	1.61016311146917	0.83895545633388	0.00239989593306874	0.0227352460132744	chr2	111440472	111440934
peak_92455	14.5810489313201	-1.31080495892438	0.667992990733854	0.00240205414903647	0.0227472386409312	chr7	107875755	107875922
peak_3232	19.5585379469175	-1.12529819688768	0.529518173311132	0.00240447707983358	0.0227581518110361	chr1	66788363	66788826
peak_54137	20.7705081168488	-1.07301631793816	0.493018751161638	0.00240508303458474	0.0227581518110361	chr2	170507545	170508093
peak_83261	15.7380062030985	-1.24715137669369	0.607481121982459	0.00240423751100848	0.0227581518110361	chr6	28848760	28849100
peak_86874	13.9275546211984	1.29173129804584	0.641916372397442	0.00242496309201905	0.0229258609697169	chr6	135008281	135009086
peak_65208	10.692233397062	-1.47580851780071	0.754944477777697	0.00242893039561837	0.0229591110773078	chr3	47897992	47898231
peak_6539	24.6751233363775	1.07151526084785	0.513914485285128	0.00243050679421493	0.0229697533660505	chr1	174153260	174153865
peak_27081	20.0796107163619	1.229716315575	0.703151559073355	0.00243500193023638	0.0229994457975235	chr13	75312823	75313313
peak_86964	15.9852824790736	1.20099447649449	0.572884173144896	0.00243548274144601	0.0229997264410754	chr6	136723864	136724073
peak_2023	26.7614865293942	-1.0683637104952	0.531813159273339	0.00244078950398897	0.0230375653364765	chr1	36109016	36109467
peak_55912	36.2828658929919	1.03008430034235	0.525738905351144	0.00244084509370506	0.0230375653364765	chr2	212958203	212959580
peak_78815	14.3003390338666	1.3562970536637	0.764090998277872	0.00244393983711997	0.0230625053739402	chr5	94577860	94578313
peak_104152	14.8857063291933	1.25950279206196	0.611427100600343	0.00245559875982509	0.0231478522488127	chrX	9318295	9318648
peak_32167	20.4482694332311	-1.19169390606592	0.630023910817119	0.00245829726200718	0.0231594131930337	chr15	40333961	40334332
peak_1418	13.3937763963013	-1.34152604541884	0.688097038148227	0.00247436074439566	0.0232935297108118	chr1	25629100	25629560
peak_62608	13.1312525048725	1.30766892967979	0.648290151019733	0.00248142481363509	0.0233470982742201	chr22	38953978	38954388
peak_3222	26.4838561071794	-1.00689690386932	0.469042298313875	0.00249028134067791	0.0234217827773112	chr1	66532903	66534389
peak_85298	12.3516118514265	-1.45424530422832	0.804322856277538	0.00249330343301772	0.0234458813787977	chr6	90095280	90095945
peak_39375	12.9898488252345	-1.35620687083088	0.687022770967801	0.00249761120148163	0.0234777294835439	chr17	35497977	35498442
peak_67997	16.3807632017044	1.27055880984606	0.684831727723815	0.00250712945771761	0.023558515026021	chr3	132432719	132433440
peak_87528	8.91648176054703	1.64622444449918	0.92598246001268	0.00251128236073582	0.0235826319186945	chr6	148781004	148781546
peak_25259	17.1799619987936	1.15590529308343	0.551730334402948	0.00251876280756192	0.0236329850030092	chr13	20174823	20175467
peak_51183	12.5912972694304	1.38498495709556	0.730586854675713	0.00251818004783496	0.0236329850030092	chr2	85861156	85861840
peak_31561	23.9625102002924	-1.01441749117888	0.466638227816282	0.00251973346237412	0.0236377424678209	chr14	106661579	106662070
peak_24118	16.0068403267012	-1.237437871185	0.628508827903536	0.00253959251617847	0.0237933965508775	chr12	109463176	109463681
peak_49698	23.8669085041282	-1.1094810431639	0.565142203157658	0.0025426125137631	0.0238128132636686	chr2	43152270	43152968
peak_71768	22.4972198433896	1.10060666022183	0.545172094733994	0.00254993090294687	0.0238669780582758	chr4	39932954	39934004
peak_99059	21.8054274025009	-1.05017347904214	0.488884024054294	0.00255025490255141	0.0238669780582758	chr8	143016120	143016498
peak_61906	16.0993361687801	-1.21948534768544	0.598721895822579	0.00255231856232818	0.0238775255447458	chr22	24133284	24133547
peak_62876	8.47550979293412	1.65606223516686	0.933375800550477	0.00255290445559297	0.0238786253114774	chr22	42208079	42208572
peak_48075	12.8334356170636	-1.37876924093204	0.745377115962722	0.00256232193554785	0.0239447482048832	chr2	2657197	2657592
peak_96390	17.4605207071062	1.17417587202951	0.586448057164713	0.00256738206329032	0.0239876382405938	chr8	58973566	58974378
peak_31837	24.1322062188175	-1.00498588341348	0.460543364387993	0.00256977621658694	0.0240027332606397	chr15	28937926	28938638
peak_16276	20.6035307315906	1.09079454336991	0.522448066996436	0.00257525745445163	0.0240435957833127	chr11	36376997	36377758
peak_61534	13.9203396723931	-1.29635160013345	0.660643783974635	0.00257864833408773	0.0240532316066222	chr22	17281372	17281866
peak_78818	13.2650575756497	1.38829768444894	0.762738312031623	0.00258182495486326	0.0240784574992972	chr5	94693166	94693634
peak_32896	19.6501895485633	1.11961384298432	0.547801098643093	0.00258571918999572	0.0241103655122754	chr15	60567949	60568563
peak_63492	9.65401743101238	1.53685559857684	0.850592645783805	0.00258868095632959	0.0241335687034962	chr3	8492887	8493226
peak_8403	12.1882145968766	1.41332007261834	0.867171749405369	0.00260493365379075	0.0242451893523504	chr1	221754241	221755040
peak_9505	19.0270597861151	-1.23376444434783	0.709349621919905	0.00260883923477521	0.0242697292038272	chr1	247322872	247323525
peak_45836	12.3102896494731	-1.39206083115995	0.748997232097291	0.00260947427716198	0.0242697292038272	chr19	16285960	16286369
peak_76873	13.8404742532984	1.26922186335227	0.636727636118163	0.00260906610282858	0.0242697292038272	chr5	32280696	32281070
peak_39739	14.3043639758712	-1.32799378893262	0.685109418552117	0.00263055770166659	0.024443523779328	chr17	41788504	41788664
peak_51522	12.9448256688285	-1.34435799247468	0.690665830396839	0.00263045779718443	0.024443523779328	chr2	96546891	96547113
peak_74783	14.0978785321199	1.2751218166088	0.646050497243052	0.00263604688295196	0.0244766866461826	chr4	145135836	145136460
peak_44578	14.4486933023028	-1.29755021226636	0.673717292734324	0.00264363571137946	0.024536036796134	chr18	79912710	79912936
peak_68694	24.8721781398019	-1.0663532504838	0.531027804414203	0.00264775297632537	0.0245630155114493	chr3	150737258	150737593
peak_54869	12.0650079691493	-1.40963894050723	0.750196015886032	0.00265086898364619	0.0245874487902828	chr2	189625972	189626558
peak_3920	23.7986585744552	1.13529480654629	0.631438049949229	0.00266185697858177	0.0246669283733133	chr1	89739210	89740112
peak_50772	9.27489400335611	-1.61436503492346	0.965369284236155	0.00266502714053892	0.0246918178788874	chr2	70439478	70439686
peak_11014	26.6763758167629	1.05257128554614	0.529758569314111	0.00266613505800384	0.0246975948523589	chr10	32307827	32308840
peak_11070	24.373893159281	1.1042847151881	0.578264314208345	0.00266961557755918	0.0247163645973184	chr10	33150664	33151224
peak_68971	18.2929859583532	1.17251912380528	0.591055007209646	0.00267994599183348	0.0248029998801274	chr3	157105154	157105659
peak_82355	23.0931050238307	-1.02081582372835	0.477928765735927	0.00268585634641445	0.0248497171586473	chr6	6654627	6655199
peak_99996	11.10261283469	1.45565438854737	0.852683643274592	0.00268596852589545	0.0248497171586473	chr9	22105044	22105519
peak_21615	27.8975532918371	-1.03939833974777	0.511321648979168	0.00268710332845358	0.0248557057881957	chr12	47145104	47145731
peak_7974	24.7723289626786	-1.01182159512671	0.472515669236913	0.00268787286575183	0.0248583141544028	chr1	208086498	208087073
peak_2254	14.0360622489174	1.26912607608851	0.645731311213671	0.00268969943196175	0.024861677889413	chr1	40232274	40232850
peak_17008	18.5843974559522	-1.12573651414263	0.544067084680936	0.00270028598598609	0.0249414458843273	chr11	63882739	63883145
peak_80576	14.0818545953617	1.32402948058475	0.794295829871572	0.00271774229032543	0.0250754267851126	chr5	143183173	143183734
peak_12150	19.283921872527	-1.09697368872863	0.522142959093878	0.00272507213954943	0.0251304824370686	chr10	69624444	69624709
peak_26040	14.1345581270893	1.31846751927289	0.747290603374925	0.00273505801583121	0.0252078214018746	chr13	40377559	40378193
peak_53816	14.5013862838871	1.29273602533834	0.718181671456967	0.00273714317199881	0.0252179222565109	chr2	161141136	161141394
peak_9197	11.652887870118	1.38092326723737	0.733713512001307	0.0027619900398339	0.0254146948512852	chr1	237411585	237412025
peak_38288	19.1986129063844	-1.13351469502179	0.569500066473857	0.00277519459534115	0.0255177766705255	chr17	7552656	7552980
peak_30729	17.2066135722715	-1.20847923418576	0.621794108291106	0.00278191381501115	0.0255538997213671	chr14	92005055	92005404
peak_56259	21.0739289519588	-1.12893300854047	0.588584538992008	0.0027810354053396	0.0255538997213671	chr2	219685028	219685510
peak_97786	17.7438314255461	1.12860568115161	0.554232907014806	0.00278259579241619	0.0255538997213671	chr8	103406054	103406692
peak_29935	18.9113517956249	-1.16699385874421	0.612616979319836	0.00279103021628242	0.0256217980927935	chr14	68937841	68938354
peak_357	15.185433726001	-1.22877116642305	0.623647822781926	0.00279821989873354	0.0256785528719994	chr1	6493318	6493489
peak_32921	16.9279704506248	1.20533958563047	0.622531460912782	0.00280242878152154	0.0257079226078908	chr15	60899139	60899699
peak_60757	17.6407299593234	1.1144675365353	0.538474826799293	0.00281377372167213	0.0257795268595104	chr21	33938020	33938292
peak_65094	25.5186759148201	1.12047784907101	0.62625593798689	0.00281534937835581	0.025789328674964	chr3	45993610	45994035
peak_37386	13.0585667998022	-1.30271195664938	0.673964309227542	0.002818898608013	0.0258125654504581	chr16	84193511	84193881
peak_90435	18.8279183415767	-1.11526996254007	0.546352078572114	0.0028238476407335	0.0258439590397484	chr7	44891309	44891727
peak_104617	13.9424330033395	-1.25957960894887	0.637528401017885	0.00283082437821691	0.0258845788643772	chrX	23012262	23012948
peak_89960	20.0580643968959	-1.10264835596705	0.543756657740775	0.00283221228781181	0.0258926260904381	chr7	32515956	32516369
peak_34359	18.2442382249184	-1.11735826921658	0.547134519479769	0.00283800255558648	0.0259316125984108	chr15	92845176	92845507
peak_79776	22.8517220886952	-1.04055419964392	0.499969468562643	0.00284210596872755	0.0259598020282233	chr5	126851577	126851728
peak_15363	23.9893437578345	1.03563011490404	0.502937609301661	0.00284851762663588	0.0259904294401677	chr11	9702043	9703248
peak_81787	12.4303655875863	-1.37337359375241	0.766619885004439	0.00284803555252676	0.0259904294401677	chr5	177382737	177382923
peak_9004	18.4380665952378	1.1907080084391	0.646933859912031	0.00286357019048957	0.026109082570154	chr1	233261308	233262579
peak_79096	16.8067922544117	1.24378660393306	0.824100487004043	0.00286323140479823	0.026109082570154	chr5	100827452	100828226
peak_25603	20.8127547309384	1.0835235089698	0.532166020006137	0.00287012476013879	0.0261361280622319	chr13	27352877	27353579
peak_48991	17.6813650658077	-1.12915183546924	0.556664923742381	0.00287181308747613	0.0261468325139389	chr2	26609714	26610186
peak_38054	11.4717264340347	1.40063233568264	0.812627414487178	0.00287280685313022	0.0261512105362788	chr17	3795268	3795511
peak_52205	9.36625735177089	1.52501915699421	0.891415365799518	0.00288081988120383	0.0262101146436579	chr2	111632612	111633024
peak_90013	11.2428610327013	1.41098925994875	0.802385368809594	0.00288341424417969	0.0262196822995801	chr7	34718700	34719140
peak_73355	19.7309056031837	-1.09691283547341	0.537638532808375	0.0028853241293463	0.0262230189053209	chr4	94995720	94996372
peak_99329	15.2689414518703	1.19950872885251	0.607564684526042	0.00288522130210957	0.0262230189053209	chr9	2654988	2656033
peak_82557	12.6387798268189	1.36892428213424	0.819822374585051	0.00288955394753645	0.0262474251860135	chr6	12076687	12077240
peak_39667	14.9751316685015	-1.28660930149712	0.761437268986708	0.00289570055870766	0.0262822976413695	chr17	40529011	40529285
peak_91675	13.942827383877	1.2320690931314	0.623061470060282	0.00290447422783457	0.0263407191356054	chr7	91929563	91929909
peak_75560	17.5949826648699	1.24046290143956	0.787427777307138	0.00290872720363353	0.0263652204807927	chr4	174358517	174359201
peak_98692	21.2753839415648	1.08334204294578	0.545269120997769	0.00292493145908923	0.0264945235452083	chr8	132919915	132921011
peak_32133	22.8273993202089	-1.04252164203255	0.505953730357079	0.00292635313734713	0.0265014282523589	chr15	39774430	39775048
peak_8938	19.3623650748877	1.16892517948225	0.639157929661579	0.00294771219916063	0.0266475273380149	chr1	231530099	231530342
peak_103374	22.6800015138823	-1.06405788782799	0.53847606878104	0.00295466600558547	0.0266961901401348	chr9	136113410	136113636
peak_82588	19.9008470786643	1.11383767756516	0.570502295076419	0.00296059038824492	0.0267402411931011	chr6	13302640	13303238
peak_42406	16.8933003589435	1.20764822703631	0.666565508184509	0.00296994553241354	0.0268152369250287	chr18	9143731	9144123
peak_40396	23.0138739571798	1.04126522542377	0.510347540692213	0.00297462217506903	0.0268384509322367	chr17	51029647	51030311
peak_33093	22.9901522423323	-1.01471481658364	0.48451671681929	0.00298638126289455	0.0269207275583348	chr15	64503225	64503966
peak_34602	15.3720861375409	1.26608961339087	0.780304884793731	0.00298604845180021	0.0269207275583348	chr15	101188111	101189449
peak_107406	19.1340589674489	-1.08827297610091	0.532201432740653	0.0029858978281764	0.0269207275583348	chrX	133923119	133923620
peak_54939	15.1247865786801	1.27059346036409	0.730064269865299	0.00299523954682943	0.0269910363263778	chr2	190718521	190719097
peak_54306	17.8193378889529	1.12128095784764	0.564963998841223	0.00300239818049564	0.0270403128212904	chr2	173449106	173449452
peak_87671	16.0618410163408	1.24397995372189	0.741989845162474	0.00300313164866793	0.0270403128212904	chr6	150491372	150491802
peak_99217	13.1854099999124	1.33619751587544	0.751798269310933	0.00301100445710565	0.027085428619459	chr8	144785690	144785898
peak_38978	10.8094265498822	1.37846331688002	0.730097911213555	0.00301214971918995	0.0270907506760661	chr17	27218945	27219548
peak_61247	16.8523871022117	-1.23415900026468	0.710856422157999	0.00301888881341497	0.0271226546327358	chr21	44854448	44855205
peak_46792	20.7755172756113	-1.05644135070425	0.510074101155351	0.00302078652928403	0.0271301430301349	chr19	39953469	39954047
peak_104909	11.307023750712	-1.45933136791176	0.826976154704327	0.00302136816153405	0.0271305877217286	chrX	40010673	40010806
peak_95411	12.2184151071773	1.30861882457489	0.697278988566492	0.0030224994750825	0.0271359672894095	chr8	26315281	26315859
peak_68813	16.8531985708101	1.15619947059282	0.592896549081982	0.00302313579263576	0.027136901676642	chr3	152693125	152694019
peak_73180	16.0702968638865	1.20524551134491	0.659579434864494	0.00302868801934051	0.0271819551758661	chr4	88465756	88466241
peak_68512	11.5920168277519	1.40748282062575	0.935418342556545	0.00302944278115223	0.0271839439704026	chr3	143831394	143832265
peak_84468	9.48813191170503	1.50402384090863	0.840945884697569	0.00303010651237724	0.027185115368655	chr6	53306940	53307154
peak_41011	23.3197884170998	-1.02637121538721	0.503059208461476	0.00304797412869471	0.0273117766125885	chr17	66201611	66202039
peak_83532	122.508278925159	1.13468987867972	0.637337094758651	0.00305279738575255	0.0273405809783909	chr6	32622352	32623521
peak_12043	9.85074204172059	1.50352849875402	1.03612639936275	0.00306810427428471	0.0274370081428712	chr10	67735159	67735858
peak_11608	31.1957015135345	1.38733490627216	1.54904097119552	0.00307880180679595	0.027488608100558	chr10	50396767	50397620
peak_25533	24.6428730184875	-1.03768987666468	0.527381997011727	0.00307893659882069	0.027488608100558	chr13	25882998	25883342
peak_51076	21.511770006989	-1.01411251034363	0.484415605897144	0.00307913346801609	0.027488608100558	chr2	84481534	84482072
peak_83242	14.101613123396	-1.25929553811057	0.65937842959741	0.0031151430648151	0.0277381565320752	chr6	28449130	28449300
peak_7006	11.4353941964619	-1.38627531589157	0.755560521392416	0.00312628772137317	0.0278115372310222	chr1	186618457	186618645
peak_45212	18.1981749758723	-1.08405753978447	0.528146594845274	0.00312665695305023	0.0278115372310222	chr19	6890511	6891232
peak_23471	16.0020257846752	-1.21859448568109	0.671537080383092	0.00313048223733527	0.0278291441778914	chr12	93244142	93244428
peak_87807	15.7808730408577	1.24539887167407	0.731261734381884	0.00313081965646227	0.0278291441778914	chr6	154240866	154241360
peak_31747	15.426900636792	-1.23309340214283	0.683891000613536	0.00313832268969863	0.027876397326999	chr15	25778769	25779260
peak_95620	14.690012521276	-1.20650445305371	0.61940941787161	0.00314017291680606	0.0278879735823504	chr8	30028753	30028946
peak_80610	11.6270789418272	1.34673092687511	0.738241281263573	0.00314377548896162	0.0279151057262621	chr5	143595117	143595625
peak_11500	17.8554364727186	1.14125511823051	0.590400692299122	0.0031581292865802	0.0279986749792346	chr10	48391087	48391628
peak_17381	21.8047008299173	-1.01784600011755	0.494065910906034	0.00316198113010484	0.0280084728803901	chr11	68471959	68472427
peak_95101	15.0605833864247	-1.2344186863626	0.653366764593338	0.00317306721823578	0.0280822782831053	chr8	19393335	19393548
peak_87530	15.2128626184105	1.26831282826112	0.801147803053292	0.00317778034582192	0.0281142302120556	chr6	148830570	148831525
peak_46777	15.747463834796	-1.30891662768719	0.84540785993496	0.00318028382707467	0.0281314974335929	chr19	39719288	39719928
peak_32616	24.6732222111462	1.04072724260753	0.529380800558277	0.00318202372341795	0.0281420054747941	chr15	52658875	52659290
peak_70909	15.6639708206846	-1.23611848121952	0.697766808420118	0.00318279327496518	0.0281439295729058	chr4	7749507	7750183
peak_59772	19.3624772983705	-1.09061666463331	0.554829201315929	0.00318668787310621	0.0281673399998011	chr20	62025987	62026400
peak_76301	12.5764749786162	1.30726683097503	0.733907236618241	0.00319468672900819	0.0282148445461998	chr5	6829211	6829630
peak_5736	14.2135684808199	1.22164601309297	0.648870818101833	0.00319959085048802	0.0282337035484566	chr1	156119679	156119897
peak_70789	14.5674745687889	-1.25581605333511	0.703892460051629	0.003199540510084	0.0282337035484566	chr4	5246791	5247388
peak_81182	15.7010693607522	1.19165777995479	0.634679460820465	0.00320537777714819	0.0282652086045959	chr5	159341809	159342233
peak_94030	11.3878536400318	-1.39214608663755	0.763729404283116	0.00320673306621677	0.0282722621674093	chr7	150648455	150648800
peak_53948	16.8109794429674	-1.18310604115167	0.657279561041477	0.00323869382768961	0.0285195239203079	chr2	165328258	165328750
peak_36857	10.8931393098407	1.36215676766631	0.737940162604254	0.00324249117939775	0.0285455417092391	chr16	68764854	68765358
peak_58165	18.0197484575295	1.13836888006086	0.611410830333602	0.0032427681634157	0.0285455417092391	chr20	24960456	24961197
peak_89819	10.5173739551716	1.43650567600828	0.882352882515251	0.00324497685314538	0.0285551242379134	chr7	28168916	28169531
peak_18989	18.1374524693947	1.12347264813157	0.588771600541047	0.00325399757551002	0.02861790883292	chr11	117022546	117023223
peak_102674	25.9045019431819	1.00624904869308	0.512834812460656	0.00325716324005481	0.02861790883292	chr9	124257971	124258720
peak_102743	14.3860028587949	-1.25677458773648	0.682329332005917	0.00325542853913695	0.02861790883292	chr9	125820439	125820722
peak_75815	13.2784709337881	1.28327127330509	0.750554373877654	0.00326081810629863	0.0286401502097747	chr4	184705455	184706316
peak_68453	18.8095760665162	1.10221511455574	0.572850919437024	0.00326212553739328	0.0286466986995408	chr3	142944198	142945189
peak_1069	12.6167134239666	-1.33671191725272	0.773063465009863	0.00326881236284704	0.0286955349745385	chr1	19647628	19647848
peak_60211	13.6387966775381	1.29741658790872	0.751486905613162	0.00327169230656053	0.028713475767377	chr21	14589563	14590381
peak_12642	19.6665390776781	1.15627627194761	0.667022957725206	0.0032856850127243	0.028798301070704	chr10	80104337	80104866
peak_86662	24.93880891374	-1.03166140388752	0.541805374635516	0.00328616709742588	0.028798301070704	chr6	130524686	130525699
peak_73438	9.63254052556507	1.45892452993469	0.863079946258802	0.00329934740885703	0.0288840190570029	chr4	98587762	98588290
peak_20957	15.2831772606238	1.1668819393939	0.605134493324806	0.00330996505357339	0.0289521149805272	chr12	22595868	22596616
peak_64350	19.6081848598741	-1.07589743181317	0.538534709213968	0.00331312035213427	0.0289697743567001	chr3	30616790	30617373
peak_91712	21.6151118579269	1.00569445959572	0.487793757243362	0.00332088394013564	0.0290078102744142	chr7	92631190	92632215
peak_69537	14.3680540511982	1.24607851524394	0.727192761524126	0.00334277864129041	0.0291617251964217	chr3	177679343	177680132
peak_48908	16.0242192718633	-1.16418953640159	0.608564112715348	0.00334401773329041	0.0291649141548999	chr2	25265897	25266621
peak_53293	23.9637063906715	1.00344029549077	0.490348808007054	0.00334548724218333	0.0291727402992918	chr2	147288183	147288612
peak_87697	12.7143627592469	1.32452324708833	0.793820372308561	0.00334846070497954	0.0291886848186163	chr6	151004535	151005238
peak_32505	13.7941685497961	1.22238338638899	0.657405687089633	0.00335582957631539	0.0292429203175554	chr15	50003614	50003967
peak_14839	21.6051013938842	-1.02098955571231	0.506214350528021	0.00338120434446796	0.0293836858201881	chr11	369416	369911
peak_19185	15.275720546961	-1.21645929892428	0.676785328719096	0.00337666965437531	0.0293836858201881	chr11	119305500	119305853
peak_29145	16.4981905050577	1.16400937501254	0.640463247903855	0.00337834792583203	0.0293836858201881	chr14	49899116	49899656
peak_36797	23.8516538114854	1.06310630426041	0.59294015426746	0.00337968273543011	0.0293836858201881	chr16	68074888	68075405
peak_60950	22.2402887203645	1.01532737057576	0.506443750127405	0.00337978276930188	0.0293836858201881	chr21	37463193	37463794
peak_70023	29.2067032580161	1.00222073164862	0.535784256011863	0.00338118080190401	0.0293836858201881	chr3	189049233	189050210
peak_95608	19.6711302578309	1.02719946173398	0.500419400418127	0.00337892912695113	0.0293836858201881	chr8	29773832	29774976
peak_1993	13.5933128808189	1.29961639382768	0.817020123678059	0.00338713472473867	0.0294151679569964	chr1	35499485	35500312
peak_9770	20.8956321931166	1.06300936828389	0.546639371844235	0.0034017854202065	0.0295072186857177	chr10	3935150	3935543
peak_55860	15.8926036068288	-1.1721929882377	0.626875944414922	0.00341592267215304	0.0296046631586597	chr2	210181585	210182008
peak_101626	11.6499848169758	-1.35695488631951	0.757550568034105	0.00343211640509779	0.0297096582394424	chr9	92904938	92905781
peak_8073	15.2007774502206	1.2158445387241	0.719009550036179	0.00343528446693986	0.0297269880908682	chr1	211304956	211305751
peak_4790	16.7223363892723	1.19977819190359	0.82912178800236	0.00344692482602754	0.0298044279698675	chr1	112935975	112937717
peak_25544	17.4910587125499	-1.12662353447255	0.590467934117893	0.0034489785304158	0.0298151270518447	chr13	26017517	26018089
peak_93176	22.7610029178218	1.06020284607515	0.580146658009753	0.00346091324638033	0.0299081564033809	chr7	130903690	130904621
peak_63386	10.4671416434353	-1.40409460215994	0.796826959344158	0.00346711099543981	0.0299414161946975	chr3	4071455	4071937
peak_11609	12.5649567120172	1.24995895028632	1.15014536362553	0.00347553450123786	0.0299938392146435	chr10	50406833	50407701
peak_42267	13.1965074572655	-1.30328146747839	0.728875690174828	0.00347720197296934	0.0300031510905085	chr18	5106839	5107092
peak_82549	15.5130684235932	-1.16215829636744	0.608718812654074	0.00347956880375138	0.0300083381305933	chr6	12017283	12017613
peak_18017	17.2725779026907	1.18147628304814	0.732809887575713	0.00348763775503563	0.0300575893472357	chr11	86288879	86289387
peak_4539	15.6284399823609	-1.17804428381007	0.630505191842109	0.00348905053274759	0.0300596029845672	chr1	108640282	108640523
peak_42596	19.6034443015391	1.0717796802286	0.558558415047961	0.00350866376877945	0.0301979064248742	chr18	13276614	13276843
peak_65078	14.7300353776525	-1.18457092770931	0.623034573325247	0.00350773543053546	0.0301979064248742	chr3	45864994	45865385
peak_28549	20.8364016065832	-1.0656365405902	0.564413283353805	0.0035169759735667	0.0302490784393171	chr14	23237778	23238096
peak_17644	14.44364325445	1.20334813790975	0.6623823011609	0.00352178745378951	0.0302751399627233	chr11	74030850	74031507
peak_4659	21.4137581692373	-1.08431768760044	0.596270735411712	0.0035238064809413	0.0302771818734872	chr1	110647286	110647842
peak_40663	12.3987681723237	1.28211702784228	1.04862333115121	0.00352373845905714	0.0302771818734872	chr17	59149980	59150207
peak_81159	12.1465567938339	-1.2971792866336	0.718767132792865	0.00352704654716108	0.0302999149542636	chr5	158958213	158958587
peak_59429	17.6125395223634	1.09621965421484	0.571843625808344	0.00353368190439479	0.0303364717254542	chr20	51661665	51662274
peak_46692	8.32310976192932	1.57474385492273	0.94337897017179	0.00354095479420256	0.0303835612819272	chr19	38675578	38675904
peak_43520	17.2297404387027	-1.15389208612802	0.63683024738816	0.00354386015329023	0.0304033743522893	chr18	48852751	48853180
peak_31512	21.5517812106306	-1.0025539691728	0.495034246500067	0.0035483235531017	0.0304365452016223	chr14	106200528	106201192
peak_22730	22.5233260115413	-1.04663946316373	0.551663595241274	0.00355412861463995	0.0304673397850431	chr12	68189822	68190225
peak_76519	21.1288548383135	-1.007521987273	0.498374392437971	0.00356009007161355	0.0305037727635095	chr5	14560180	14560882
peak_7104	14.2361451636942	1.22872289852648	0.704105190593569	0.00356189968467552	0.0305119316738687	chr1	192546060	192546473
peak_20627	17.9756845060038	1.12370587730017	0.605856353072075	0.00356318725102755	0.0305178338956645	chr12	12542870	12543256
peak_41714	22.3644216413018	-1.01099901223811	0.501964561566449	0.0035686496697663	0.0305531599275758	chr17	78716862	78717324
peak_59232	12.6952210644859	1.25888540711177	0.71811223042254	0.00358267201619683	0.0306538203419721	chr20	48783774	48784316
peak_45012	26.5281451798121	1.03010320208543	0.575876038685048	0.00358652555983135	0.0306764959224226	chr19	4059939	4060362
peak_43734	20.6615637733357	1.02300649523199	0.515081986767347	0.00359027930387493	0.0306931556987537	chr18	57004187	57005092
peak_64159	22.7940918505834	-1.01502975516223	0.518694241127804	0.00360456612035732	0.0307894803505676	chr3	23035735	23036403
peak_79960	15.6501022708087	1.17733210453955	0.648245028627733	0.00361267115346522	0.0308432102194537	chr5	132334244	132335280
peak_105864	18.608042080156	1.09427024565697	0.579501092691307	0.00362513586400508	0.0309133930694368	chrX	71636769	71637401
peak_32730	10.9652501235435	1.35432731210988	0.787638646290237	0.00363120820573635	0.0309496458672139	chr15	57037187	57037761
peak_104492	11.1796456574901	1.34309577554762	0.827042698578349	0.00363976093351578	0.0310018127223915	chrX	19695823	19696507
peak_87270	16.9381104605552	-1.11076847852203	0.579323606927746	0.00364400376527494	0.0310172247038912	chr6	142569314	142570042
peak_96931	12.9319022910203	1.27939844144113	0.743632841579708	0.00365001832827645	0.0310528674262478	chr8	78680399	78681395
peak_89428	13.2855541400131	1.24386486720857	0.701361768040134	0.00365682092477792	0.0310951753953848	chr7	17952492	17953083
peak_87339	17.0162448410564	1.17864761260926	0.687693818444188	0.00366138930674959	0.0311236404124599	chr6	143549676	143549882
peak_35270	7.90934765846976	1.5686946713285	0.949876208803336	0.00367048410348708	0.0311860645952527	chr16	12539382	12539672
peak_40918	11.9995129468416	1.25630400863281	0.684764455969442	0.00368348537063539	0.0312697610901125	chr17	64572665	64573058
peak_68486	21.2285796824216	1.05500052203192	0.572304957555459	0.0037014690911334	0.0313996770501013	chr3	143349248	143350092
peak_83514	14.5379270042478	-1.23388988069456	0.768088948509285	0.0037018524470758	0.0313996770501013	chr6	32151155	32151294
peak_85208	22.9103112561815	1.00927646747923	0.522341295523157	0.00370203699780423	0.0313996770501013	chr6	87825708	87826365
peak_90609	20.2295574797476	-1.05198170251303	0.551624511702419	0.0037024841804654	0.0313996770501013	chr7	50379704	50380391
peak_41477	20.2370145910655	-1.03361705898244	0.526613991247854	0.00370540593154651	0.0314140051256785	chr17	75864414	75865126
peak_92755	12.0675127757216	-1.28046162207417	0.702384328175741	0.00370863719701376	0.0314257231389303	chr7	117009296	117009493
peak_34132	12.4165988113171	-1.29185095168709	0.764365627258376	0.00371606168803407	0.0314677165298298	chr15	88655920	88656280
peak_27784	14.1731009725987	1.22583840777594	0.765580532032353	0.00373972945236778	0.0316313612903822	chr13	99911555	99912213
peak_93294	16.9804755027954	-1.12194997598519	0.611044812140184	0.00374750409955624	0.0316809167723127	chr7	132431175	132431624
peak_59773	18.6634624924286	-1.04673372282454	0.531184171917115	0.00376236669109725	0.0317701272130315	chr20	62030888	62031322
peak_36173	12.5553870664241	1.23203712426972	0.680148151540515	0.00377798065925934	0.0318914109094365	chr16	48558446	48558860
peak_2493	25.9531552885015	-1.01043440799514	0.524732011464	0.00378995294649825	0.0319667604688382	chr1	44796861	44797155
peak_15616	16.8182476510363	1.12464788759983	0.605853436878502	0.00380210687662421	0.0320420200349689	chr11	14202195	14202887
peak_91133	17.6738906810552	1.07862301635023	0.567000763653147	0.00382169978449121	0.0321964945822982	chr7	73828139	73828489
peak_55699	16.2425322019718	-1.13584526502733	0.606798810595155	0.00382375760237511	0.0322085090227486	chr2	205660779	205661118
peak_1794	20.639062078956	-1.0024993427253	0.506152314887003	0.00383685411803857	0.0322974812716385	chr1	31670062	31670576
peak_19531	22.2387907732372	1.04922496966312	0.586061491590695	0.00384095378067172	0.032321318610551	chr11	128036073	128036653
peak_32341	19.5482791642826	-1.03341427134807	0.530515454140794	0.00384274707072005	0.032331072961672	chr15	43517975	43518749
peak_43832	11.8340276166904	-1.3443980228379	0.836023552441757	0.00385175683363613	0.0323855003165851	chr18	58697233	58697438
peak_39543	21.2444197396906	-1.01493366612113	0.524312460030264	0.00385945386769608	0.0324448664300663	chr17	39003077	39003421
peak_6509	15.4570830349549	-1.15451524213097	0.620280485184517	0.00387094405766877	0.0325158546761949	chr1	173444814	173445157
peak_61614	19.0036113742147	1.02000722037645	0.513582243722107	0.00387108692355751	0.0325158546761949	chr22	19576652	19577287
peak_53781	17.5088111002206	-1.1044727781853	0.596961749297942	0.00388704076066348	0.03262836026065	chr2	160473725	160474672
peak_89504	23.2802362337959	1.06614477529053	0.746302241547792	0.00388899724459978	0.0326394096317966	chr7	21383212	21384593
peak_49748	18.0971370620616	-1.14124229492642	0.610171186391065	0.00390043338730839	0.0326977140225757	chr2	44120394	44120864
peak_65441	20.0556893763879	-1.06565441922574	0.571480865298406	0.00392142953016352	0.0328359346403214	chr3	52268135	52268353
peak_57789	15.9483335402775	-1.11825695055769	0.59625150949282	0.00393328231600879	0.0329027616347866	chr20	11892006	11892468
peak_86524	17.3933042513009	-1.13500928462962	0.619528547070206	0.00395405362879986	0.0330331604650155	chr6	127869301	127870224
peak_29934	19.9519359959239	-1.02947315168655	0.53475259199274	0.0039578477580694	0.0330540255189068	chr14	68928026	68929104
peak_7497	11.2739075837413	1.28988418168014	0.751394066171327	0.00397835735147174	0.0332198702787648	chr1	200866646	200866905
peak_74956	9.89639925040747	1.35618266227165	0.782786173863873	0.00398393757729491	0.0332610187188404	chr4	150885341	150885844
peak_98385	10.3807301388163	1.3688931734582	0.895673845063035	0.00400291337544855	0.0333921042802061	chr8	125334192	125334591
peak_78379	13.4223668976362	1.22143667808834	0.741131038234383	0.00400702918487273	0.0334004865806291	chr5	78525836	78526582
peak_90143	12.7522311077538	1.24636706082364	0.789389928845649	0.00400719366911913	0.0334004865806291	chr7	37255315	37255990
peak_34498	15.9485884296741	-1.12563856859259	0.621409470244701	0.00400990757852025	0.0334176442952654	chr15	98776611	98777201
peak_12964	10.8887088791376	1.30834887421498	0.746554929382584	0.00402502108792727	0.0335107323953397	chr10	88908268	88908810
peak_101711	15.3714295462819	1.10776562013785	0.583756014503677	0.00403116161185528	0.033539948750335	chr9	94178614	94179613
peak_87392	10.4699869473405	1.36142015176032	0.930833202359328	0.00403464080840738	0.0335634191968443	chr6	144310568	144311178
peak_85002	13.7113445744075	-1.18954650549719	0.674102945440932	0.00404395875502561	0.033608032776485	chr6	79645952	79646411
peak_13118	14.2372889891781	1.19347769911961	0.70466721895173	0.00404667045245261	0.0336196088787272	chr10	92644445	92644777
peak_27763	9.9795056995229	1.32989689035984	0.761788658431	0.00405725876387795	0.0336746533184244	chr13	99484513	99484761
peak_82308	21.7410325750785	-1.01442383459786	0.536550251248044	0.00407925104909752	0.0338071402488374	chr6	5667811	5668194
peak_18303	12.9353208726327	-1.27564069299224	0.761093133823649	0.00408308792489365	0.033828456441116	chr11	96211572	96211707
peak_73808	14.8514514552875	-1.17970824412472	0.680629318308389	0.00409039419398571	0.033872476591612	chr4	108131617	108131953
peak_50395	24.8626680351875	1.00782648733121	0.569873222100113	0.0041033691320875	0.0339688875740564	chr2	62208807	62209728
peak_21587	19.6172277986573	-1.01373591746311	0.520169162542452	0.00410539866484791	0.033980171481483	chr12	46460210	46461069
peak_9750	15.706154516491	1.16802371632675	0.785337570256948	0.00410902691655588	0.0339950495293554	chr10	3741794	3742536
peak_37985	15.8460974879639	-1.13863742527698	0.627701179360959	0.00411104015225	0.0340047847505871	chr17	2263299	2263464
peak_8670	16.1051124204386	-1.13228699381246	0.632584494915059	0.00412109902917214	0.0340714050756236	chr1	226710089	226710355
peak_14696	18.0760624619311	-1.21963422830437	0.687419157219301	0.00412765803757896	0.0341134132862738	chr10	132160419	132161081
peak_102771	17.8112388948619	1.05809348901494	0.563816603337385	0.00412818734508118	0.0341134132862738	chr9	126517044	126517740
peak_35023	17.6782798155667	-1.11153130126067	0.639323746006005	0.00415098043771839	0.0342518026537482	chr16	4534570	4534747
peak_95612	11.4104263585553	1.27455781273075	0.80310750237976	0.0041609466058141	0.0343104882459872	chr8	29885804	29886417
peak_8222	8.65849824956358	-1.46551162153288	0.866233447100959	0.00416404595870457	0.0343207318542695	chr1	214123204	214123421
peak_47619	13.2629461406272	-1.20452205065817	0.665898585430502	0.00416708827533607	0.0343402558277493	chr19	51132066	51132535
peak_61519	18.8749006113081	-1.03547197816988	0.549998174303949	0.00420440627456299	0.034586295307336	chr22	17106545	17107270
peak_47598	10.5668701688818	-1.37571822615651	0.820522568493271	0.00422796380519302	0.034735250172667	chr19	50728492	50728654
peak_57920	20.6834514271731	1.06793733925451	0.649324565380183	0.00425419505052864	0.0349169975605687	chr20	17958741	17959702
peak_12519	15.5698763563945	1.16522096397128	0.780303731053739	0.00426463911728316	0.0349914531756999	chr10	77832283	77832658
peak_3794	14.3075503606805	1.17363556253994	0.709053005639542	0.00426670737313167	0.0350027903662898	chr1	87061551	87062126
peak_410	23.4667469894401	1.00034047098687	0.54411175191452	0.00428991797262781	0.0351569380801803	chr1	7912410	7913460
peak_9439	18.6616068548381	1.07194444582526	0.624215447587559	0.00428839444849969	0.0351569380801803	chr1	246020094	246021414
peak_94803	16.6607536783681	1.09464895620158	0.604412069898122	0.00429064702893829	0.0351569380801803	chr8	9088145	9089009
peak_79444	14.9218963577196	-1.14631992424287	0.665990530400104	0.00429746051529978	0.0352041005515866	chr5	113090703	113091191
peak_7707	14.8792023314594	-1.17017715612789	0.719996715883064	0.0043044518037937	0.0352500449194066	chr1	204213745	204214211
peak_53766	18.2232017474341	-1.04208341591406	0.54435766880883	0.00431724842083358	0.0353341048826083	chr2	160381470	160382215
peak_93149	12.371964519343	-1.25578713567621	0.813615230959527	0.00431748859331286	0.0353341048826083	chr7	130417264	130417610
peak_65559	15.4805235297543	-1.12943872520575	0.63694313206456	0.00433870263783366	0.0354735555953475	chr3	55654145	55654936
peak_85777	15.9370998350071	-1.14369043869373	0.75511708415791	0.00435884389254266	0.0356210954808752	chr6	107709405	107709671
peak_9829	8.41364861954534	-1.48789276764856	0.974056656735822	0.00436319266516687	0.0356452076952729	chr10	5607006	5607154
peak_48332	14.7170404491547	1.12238246429092	0.622888947861846	0.00437045611801612	0.0356931083826958	chr2	9548422	9548950
peak_50404	16.5681757805668	1.10560424062861	0.647924310250732	0.00438297359522437	0.0357781446887784	chr2	62306797	62307211
peak_27596	14.7521708964201	1.16084657437836	0.729915533889454	0.00440483307804471	0.0359163312517492	chr13	97257748	97258400
peak_36196	17.1622742056659	-1.05484084350362	0.568369141535423	0.00441386489033523	0.0359727166398069	chr16	49528078	49528599
peak_64513	12.5211439632475	1.22002576544957	0.716108852509101	0.00441636242500169	0.0359841587558865	chr3	33063729	33063879
peak_4922	13.6393658627616	1.17779689245287	0.698184531314753	0.00441949810144728	0.035990706782083	chr1	116390267	116390567
peak_78215	14.1112736830871	1.17288336489825	0.755309354900211	0.00442030765051983	0.035990706782083	chr5	75095569	75096430
peak_49325	13.2134273093133	1.16064987352828	0.651965127423383	0.00443059202483991	0.0360571691905008	chr2	33496735	33497462
peak_30604	13.0718267026305	1.17474768832148	0.673128271078641	0.00445139152078606	0.0362033255828359	chr14	90003774	90004807
peak_38999	11.0333712020405	1.26353285921513	0.764055698194959	0.00446719497391944	0.0363086884967729	chr17	27475322	27475502
peak_10155	81.3845403994697	1.13341643295388	0.815779564448635	0.0044873535090601	0.036437682117047	chr10	12181208	12181956
peak_58257	18.0395688686587	-1.04149957681266	0.555256348888691	0.0044903692569239	0.0364447575507039	chr20	26340345	26341050
peak_30785	13.6561271088279	1.14135256781477	0.632809271643267	0.00450711044298411	0.0365689899818568	chr14	92853095	92853504
peak_45627	21.0030458722981	1.05160774463141	0.759687321345124	0.00452243735117925	0.0366583451172059	chr19	13132607	13132992
peak_99953	13.963657196394	-1.1572837180744	0.666639326596088	0.0045263693470723	0.0366843852376138	chr9	21465899	21466226
peak_49527	15.2214215624058	1.11877893057762	0.652670769686175	0.00456360356934674	0.0369157372023977	chr2	38907760	38908633
peak_53625	16.2868564210434	-1.10186087422158	0.632302594120536	0.004570483664239	0.0369596637755575	chr2	157625430	157625594
peak_65451	12.483829448957	-1.27277374716783	0.892799088615529	0.00457784440099684	0.0369957163780671	chr3	52373114	52373529
peak_75320	14.374333672232	-1.1331484397752	0.640163530837516	0.00458332168613321	0.0370106492697478	chr4	163895519	163895877
peak_50786	11.8475612276304	-1.24948321684661	0.8108730878381	0.00459494614982231	0.0370751581571198	chr2	70655172	70655414
peak_46673	12.5584217783353	1.20389640899185	0.7459833984753	0.00460248512541637	0.0371145842025597	chr19	38433453	38433820
peak_7739	17.5246362741419	-1.11229581076454	0.671249663791781	0.00461027008089182	0.0371635146789487	chr1	204556415	204557135
peak_35042	17.2375997005202	-1.09084421652778	0.62903323000872	0.00462862847706282	0.0372828039782498	chr16	4747347	4748361
peak_21486	20.689032822198	-1.01104350973265	0.556956069320126	0.00464077585719341	0.037371574645513	chr12	44811628	44812359
peak_34490	14.2619526849008	-1.20458930162116	0.804330636436438	0.00467829542379781	0.0376130425802367	chr15	98651939	98652061
peak_38313	9.12098239583938	-1.37402737354317	0.838022718767588	0.00468894005773441	0.0376700500216262	chr17	7868036	7868450
peak_28639	14.4263287489958	1.12514706195302	0.635114491790503	0.00472022662807598	0.0378562187498873	chr14	24665376	24665996
peak_75351	14.4057449578855	1.12766230589922	0.668109402129193	0.00472588353154897	0.037868702995951	chr4	165209152	165209319
peak_70821	14.6297513498896	1.10692826035286	0.99116811542073	0.00474801087719146	0.0379915383842567	chr4	6172488	6172956
peak_63898	14.987720969877	1.0864717528586	0.603151296034706	0.00475652347119986	0.038053680480558	chr3	15535872	15536189
peak_32881	12.3535598255859	1.19353156062717	0.701409639646099	0.00475997011978855	0.0380693076905943	chr15	60408390	60408797
peak_21248	11.9891031904444	1.24086360076418	0.806863187091033	0.00477593987012219	0.0381636732861555	chr12	31803830	31804492
peak_76603	10.9934126355094	-1.30125139282059	0.858740663909468	0.00477898247703148	0.0381794422710635	chr5	16759382	16759661
peak_59622	13.3132045831155	-1.17286844578552	0.740882715137788	0.00478929187766794	0.0382261654132619	chr20	57748687	57749192
peak_78500	11.3662015158386	-1.24663680796154	0.781085857618742	0.00478932931902712	0.0382261654132619	chr5	80973119	80973557
peak_25439	12.4091819151899	1.19442210154429	0.721850137029516	0.00479192296214566	0.0382408802861103	chr13	24118640	24119298
peak_54633	18.2084433879056	1.01314538045426	0.540715407592317	0.00479304000747431	0.0382438087356941	chr2	181106752	181107241
peak_90628	21.3566957546659	1.02578550559994	0.654732784041441	0.00483195718622205	0.0384820632765881	chr7	50594212	50595713
peak_52167	11.0257686709239	1.23523543913533	0.741627175828653	0.00483666359210363	0.0385106464215493	chr2	110864973	110865499
peak_96798	18.0346556476163	1.05326912007052	0.587014825564333	0.00483927445499541	0.0385162733940674	chr8	71827271	71828183
peak_34290	15.6537775816409	1.13448464484884	0.905192913223848	0.00484251058992521	0.0385300007705878	chr15	90988584	90989314
peak_85551	18.439381910753	1.04871630090234	0.618135484140797	0.00485983633503178	0.0386377070603353	chr6	100464520	100465238
peak_17795	15.5289530384321	1.0689007600932	0.591936931944705	0.00486466921500729	0.0386640724234391	chr11	77152024	77152457
peak_106072	15.5115560422906	-1.1416278271701	0.690373331084079	0.00486943135897971	0.0386958895369295	chrX	78515016	78515271
peak_64650	11.6337804688608	1.23244998370383	0.797009657879376	0.00489210494383887	0.0388457970201789	chr3	37287433	37288149
peak_17906	17.0066988749575	-1.09181023307554	0.664014796172109	0.00490061150535919	0.038883065392506	chr11	82756750	82757479
peak_94548	14.6244789388728	1.12331416248593	0.922276494796646	0.00490015180729401	0.038883065392506	chr8	1288338	1289124
peak_107476	9.03545068375232	1.22737131325414	1.41097195786453	0.00490645543465347	0.0389233758816309	chrX	135411789	135412263
peak_32821	14.8230428998089	1.10845264849796	0.654632638815163	0.00491027594384382	0.0389294556480829	chr15	58975457	58976045
peak_20941	13.0577501320848	1.16102090258959	0.675760652749358	0.0049198429697991	0.0389931779353609	chr12	22327748	22328390
peak_47990	14.0339053349408	-1.1672804327154	0.778330432801983	0.00492509854587008	0.0390045160701665	chr2	974110	974706
peak_16836	10.3121305041872	1.27444026276826	0.823641489971442	0.00495078266121705	0.0391653382102114	chr11	61054667	61055232
peak_1396	10.8238578748201	-1.2806183772207	0.851462508220645	0.0049840505820639	0.039385741316973	chr1	25443267	25443605
peak_43818	13.681369023945	1.12246767999909	0.648873104067804	0.00498932551293875	0.039409101565096	chr18	58547817	58548413
peak_62166	17.1511450418484	-1.07361073332287	0.66014629581566	0.00501441981407118	0.0395460492869657	chr22	30414273	30414750
peak_99340	10.907910428712	-1.2507317063158	0.760702244416062	0.0050483317409254	0.039752006508544	chr9	2870898	2871129
peak_49975	17.8449551097828	-1.00859127816935	0.550228936715051	0.00505841792537024	0.0398252773846397	chr2	48415405	48415826
peak_27608	17.3105916542879	1.07811049302148	0.656051063603496	0.00507080133940121	0.0399042872496851	chr13	97369176	97369803
peak_12320	13.8039885894274	-1.14660437374687	0.683215222632695	0.00507331330949135	0.0399117346702246	chr10	72305440	72305716
peak_15399	18.3014907808375	1.0344293499641	0.612244669650985	0.00510576436346425	0.0400927925204972	chr11	10488871	10489477
peak_72163	21.7609619304376	-1.02288898230199	0.648535760843113	0.00510435367993093	0.0400927925204972	chr4	54945805	54946138
peak_106581	17.3991580551828	-1.02769876142702	0.575962342646239	0.0051055420149013	0.0400927925204972	chrX	106802488	106803370
peak_56416	11.3683682603999	1.22090346155654	0.734588638577458	0.00513611318494212	0.040287671822686	chr2	224886035	224886659
peak_97153	15.9703603790972	-1.06692065278072	0.610967168555155	0.00513587802572785	0.040287671822686	chr8	85501175	85501423
peak_32164	12.9777318857026	-1.16239183595867	0.675085416130531	0.0051830729320603	0.0405561934490526	chr15	40313679	40313878
peak_21993	12.2260681073643	-1.18321144751626	0.75565448504575	0.00519304154015807	0.0406154956230249	chr12	52707917	52708539
peak_102640	11.8759517434928	-1.19692302062177	0.746438726579266	0.00519412409415195	0.0406177317583483	chr9	123302687	123302962
peak_19334	17.5906034981514	-1.03428200389877	0.587920142828471	0.00519911460658377	0.0406380587661015	chr11	122838326	122838831
peak_39818	10.3130080465932	-1.27219018848222	0.800315253572634	0.00519878798628209	0.0406380587661015	chr17	42540992	42541195
peak_72401	16.320225704972	-1.06617782499257	0.642410969110141	0.00521414808915806	0.0407305890108492	chr4	67558467	67558824
peak_100457	13.0827189169937	1.17205749402281	0.862083390679366	0.00521701662518692	0.0407405130420861	chr9	36383112	36384045
peak_72468	14.6189036128765	-1.09842885429686	0.646251426979196	0.00524409342607402	0.040884247841471	chr4	69670149	69670746
peak_83547	12.8372983432148	-1.16947698160822	0.733262289685427	0.00524753598985156	0.0409036645740058	chr6	32867041	32867417
peak_107564	12.0204927848902	-1.18782776604349	0.710388227189798	0.00524894040109056	0.0409083575802512	chrX	136754735	136754947
peak_100953	13.8538307754648	1.12800272445202	0.724642109881288	0.00526611102052592	0.041017099983583	chr9	71761981	71762159
peak_77974	11.3649392247169	-1.24179727741293	0.888823395306287	0.00526693165143305	0.0410172257797412	chr5	67416558	67417145
peak_56369	13.4586945577901	-1.13246864130292	0.681738372518254	0.00528936632748794	0.0411479450066066	chr2	224016987	224017266
peak_98520	12.6754988326894	1.15752898120325	0.713083623785306	0.00529999872994349	0.0412055101013874	chr8	128230632	128231345
peak_9848	14.1007517585397	-1.09376539921315	0.630828609452086	0.0053020790300831	0.0412153989065127	chr10	5788908	5789780
peak_87905	11.4039916994065	1.21359770125912	0.813237614975822	0.00531132805657727	0.0412747099973554	chr6	156107604	156108138
peak_79889	18.2335778494385	1.02624443950962	0.610773139389692	0.00534674588930033	0.0415183042814296	chr5	131389228	131389696
peak_35848	20.8343475035848	-1.01665484320521	0.637409560326099	0.0053538540501623	0.0415545140206386	chr16	29248117	29248967
peak_54165	14.7444117888617	1.06877343540971	0.60872111384155	0.00536711296130874	0.0416320738544481	chr2	171044379	171044788
peak_87550	11.4298717816046	1.19592812255193	0.772291064491923	0.00537273711722169	0.041669360307068	chr6	149132287	149132673
peak_17425	17.9528475502682	-1.00080427113432	0.558979266104406	0.00538748473417893	0.0417392944319779	chr11	69311679	69312255
peak_69358	10.7492834649701	1.2345133007115	0.794068094152946	0.00538893710969018	0.0417442035057222	chr3	171827663	171828167
peak_82659	18.7422603041338	-1.02339761588158	0.61283364269557	0.00539416927016555	0.0417720404630409	chr6	14506395	14507137
peak_9590	14.9079725655264	1.08172716879252	0.633744268203216	0.00539932303206868	0.0418056012320507	chr10	323987	324398
peak_100085	9.28128850792559	-1.33877300732753	1.03205899994604	0.0054086847698182	0.0418653714397982	chr9	27564641	27565103
peak_94593	20.5850080589253	-1.00815443741984	0.644207957954156	0.00543459736436494	0.0420212892355946	chr8	1952149	1952825
peak_22206	14.5645854360714	1.10826145594367	0.731752462416345	0.00544950543378208	0.042098255158608	chr12	55999710	56000013
peak_4240	15.9925220451479	-1.0644958133314	0.65056055350227	0.00545377647647616	0.0421248670549331	chr1	98797389	98797850
peak_48241	15.0060169352419	-1.06928639380745	0.613482763113052	0.00546154962997016	0.0421721292493803	chr2	7671708	7672598
peak_82301	18.3610915915215	-1.00659035797045	0.569955412567565	0.00547402398722088	0.0422556528406425	chr6	5506934	5507815
peak_32143	16.1504675106591	-1.03251314731972	0.588639991840164	0.00550074714064936	0.0423943862345612	chr15	40064299	40064805
peak_17907	16.0331386724976	-1.05816980422389	0.632379594293258	0.00550928114628523	0.042437861991917	chr11	82765042	82765763
peak_51589	17.137237959441	-1.000633967524	0.549305769197404	0.00554014489057902	0.0426112275442845	chr2	98081844	98082199
peak_66557	16.1611503950911	1.06391067632926	0.655015417564327	0.00554344068888709	0.0426237169301157	chr3	98567773	98568278
peak_63871	12.6614434994829	-1.15185700293413	0.68519947701573	0.0055533408171015	0.0426805298312839	chr3	15217228	15217619
peak_31835	10.5230815731665	-1.23418525457943	0.80159694746407	0.00556753121963603	0.0427573650797353	chr15	28920909	28921152
peak_7485	13.9983819464075	-1.13801364688018	0.721928873664978	0.00559514648688783	0.0429254320127635	chr1	200535722	200535890
peak_82947	11.8450621628777	1.17090507366816	0.86625691499893	0.0056069276051429	0.0429886933647843	chr6	21438372	21439154
peak_63002	17.8305474582964	1.0281322240508	0.613824071031036	0.00561236611733143	0.0430239210431905	chr22	44652136	44653132
peak_26190	15.3908859910227	1.05250634067344	0.615760198365383	0.00562925977129881	0.0431339703485785	chr13	42396513	42396759
peak_69520	14.0154798514233	1.06134712083171	1.03280891726631	0.00564539326712265	0.0432380984103223	chr3	177463727	177464789
peak_98360	11.6007613731775	-1.17847453506296	0.735334471033072	0.00565846732997765	0.0433317235335297	chr8	124896268	124896598
peak_73814	16.3423083357955	-1.03611047056904	0.585841263849052	0.00566083321933137	0.043340375364787	chr4	108146449	108146668
peak_55951	15.5281312366837	1.06944672558954	0.703319221108093	0.00566327335351992	0.0433489949260722	chr2	213220894	213221611
peak_55769	16.3840414824151	-1.06657719875028	0.709712368103211	0.00568384507896797	0.0434868735288507	chr2	207240207	207240498
peak_91379	12.4514803013502	-1.17655419153573	0.738061119528799	0.0057048119430442	0.0436145661610514	chr7	79909303	79909541
peak_43296	13.473151850936	1.112748549769	0.726954466659459	0.00575111082565904	0.0439027004876556	chr18	42025945	42026557
peak_73887	14.8452340019696	-1.05841868267005	0.628210864688391	0.00581417593256869	0.0442846689719073	chr4	109588227	109588468
peak_22223	12.6910235265462	-1.11968199059741	0.673178451050344	0.00582012844007153	0.0443168865815664	chr12	56138754	56139156
peak_83743	18.2596451895844	-1.02272297499846	0.671756273946808	0.00582689755435959	0.0443484398726046	chr6	35718926	35719334
peak_98555	11.0278686746877	1.16816787699494	0.725704773233123	0.0058417488783398	0.0444084401835445	chr8	128683595	128684161
peak_33325	15.4462416802262	-1.06680641289615	0.651086584686069	0.00584329673844335	0.0444135848995636	chr15	68258810	68259002
peak_73552	12.9273265903284	1.13752447111561	0.772912600947564	0.00586533755953914	0.0445412720897621	chr4	101037883	101038350
peak_82347	13.344869079917	-1.13107827155588	0.730828617357927	0.0058678242477312	0.0445535200439052	chr6	6556927	6557405
peak_64342	17.0695127183035	-1.01515074323421	0.6089594751528	0.00590864501440465	0.0447900943658096	chr3	30475107	30475592
peak_24720	11.5498300050914	-1.16837625498668	0.750552601391518	0.00593081505178497	0.0448980751641141	chr12	122326483	122326948
peak_91951	12.4087899701141	-1.13225338746631	0.68987425531164	0.00594157920554902	0.0449662100896723	chr7	99674912	99675564
peak_44972	15.1510102782365	-1.06073709048482	0.657392690581216	0.00595977832487668	0.0450504459113658	chr19	3617584	3617886
peak_77523	11.7426373039694	1.15147654173792	0.796239017269898	0.00601109993926508	0.0453509827616705	chr5	55763712	55764055
peak_29664	9.46464152482773	1.26426016357104	0.847510444331044	0.00602182308828358	0.0454206863650893	chr14	63383880	63384150
peak_82207	14.6657158398107	-1.06097291220805	0.660722120847654	0.00605054255970544	0.0455945851240233	chr6	3414763	3415266
peak_2320	19.0532120576128	-1.00470562992171	0.677480146615165	0.00606380407137888	0.0456540334293154	chr1	41383471	41383777
peak_61673	16.0876875213234	-1.04621493782498	0.649577466869544	0.00608926945581261	0.0457714127191599	chr22	20324274	20324410
peak_43810	16.0623737890995	-1.03477303794041	0.612990387499077	0.00609241623749947	0.0457879140397881	chr18	58502393	58502907
peak_51775	14.579449676267	-1.05518662832254	0.619097560185641	0.00609438078051781	0.0457895812666491	chr2	101623125	101623468
peak_89153	15.4734209453478	1.03373464394363	0.619025588682127	0.00610760504071792	0.0458821792553475	chr7	7817831	7818104
peak_37850	16.1616920929242	-1.02864742555469	0.629152067800433	0.00610891295626055	0.0458852439581468	chr17	500041	500538
peak_82352	12.198175719674	-1.14279228132841	0.834383706072183	0.00615755099319837	0.0461893327849363	chr6	6596050	6596827
peak_4955	16.0989919212546	1.00257370675866	0.588465515727419	0.00617439018759972	0.0462884073084781	chr1	116798976	116800399
peak_4602	15.3507389083836	-1.09155742432485	0.765338387603356	0.00618869439997687	0.0463807019056725	chr1	109712157	109713276
peak_18909	14.8160562079037	-1.05632576860901	0.64052060115983	0.0062817225228919	0.0469068401511667	chr11	114603197	114603923
peak_100473	10.4368426111952	1.16951547239776	0.946998695556201	0.00633226978063617	0.0472289507073604	chr9	36597496	36597849
peak_96057	14.0981888480187	1.05473580927848	0.652119926700462	0.00642034779971403	0.0477253029474005	chr8	47573438	47574484
peak_77187	9.19030124239658	1.22665175354403	0.964644998815182	0.00645085351473058	0.0479031775855015	chr5	40480462	40480802
peak_61649	14.3390410123822	1.05729342252853	0.681986661217692	0.00647345677560776	0.0480640260901613	chr22	20091795	20092539
peak_98502	11.4548831894243	-1.12955550844516	0.713175563354143	0.00653784846138467	0.0484503984959533	chr8	127987832	127988057
peak_98133	13.4294141632973	1.08446863385451	0.778221121426791	0.00658198106572265	0.048657225839776	chr8	118379884	118380404
peak_50715	14.724349957704	-1.04281368910797	0.635750419850836	0.0066156139274207	0.0488190330672372	chr2	69603317	69603622
peak_24854	12.2096051600374	-1.09591506663042	0.678524552287843	0.00663428600942187	0.0489303784863856	chr12	124646319	124646739
peak_82511	12.1971283746993	1.10055876871879	0.74369988712057	0.00664467511150412	0.0489928279443455	chr6	11343907	11344610
peak_41829	13.5021848079762	1.06787855615323	0.716612260888637	0.00665076749121847	0.0490306580837572	chr17	80254824	80255130
peak_94835	13.9698535559809	1.05681471154877	0.684917413891241	0.00677203827546553	0.0497377043377824	chr8	10325484	10326407
peak_78397	12.949166993889	1.06283010384209	0.666024187676235	0.00679099821447252	0.049862591440538	chr5	79193664	79194320
